gender,SeniorCitizen,Dependents,tenure,PhoneService,MultipleLines,MonthlyCharges,Churn,InternetService_DSL,InternetService_Fiber optic,Contract_Month-to-month,Contract_One year,Contract_Two year,Cluster,PCA1,PCA2
0,0,0,-1.2774445836787656,0,0,-1.3213496211870024,1,1,0,1,0,0,0,-1.9294968188132946,0.010156926994889563
1,0,0,0.3513699651224484,1,0,-1.3213496211870024,0,1,0,0,1,0,1,-0.7602286050294947,1.095113399128511
0,0,1,0.7992939660427822,1,0,-1.5207546382825785,0,1,0,1,0,0,1,-0.5510814940400396,1.6808259535688432
0,0,0,-1.2774445836787656,1,0,0.3735930241253952,1,1,0,0,1,0,3,-0.7090202930039048,-1.2209197760724209
1,0,0,1.4100994218432374,1,0,-0.4572612137728389,0,0,1,1,0,0,1,0.6352012070495516,1.3181031794902784
0,1,0,1.4508197855632678,1,1,0.8388713973484064,1,0,1,1,0,0,2,1.6400532485294785,0.36041407285671884
0,0,1,-0.3815965818380978,1,1,0.4068271936413246,0,0,1,1,0,0,3,-0.002657083174066613,-0.37464069723253074
1,0,1,1.6137012404433893,1,0,0.2406563460616778,0,1,0,1,0,0,2,1.265156369196914,1.0591945174213317
1,0,0,1.5322605130033284,1,1,1.3041497705714176,1,0,1,1,0,0,2,1.9719189967535193,0.20517252911930386
1,0,0,-1.2774445836787656,1,0,-1.5207546382825785,1,1,0,0,1,0,0,-2.047288369910519,0.09441791045533673
1,0,0,-1.2774445836787656,1,0,-1.4875204687666492,0,1,0,1,0,0,0,-1.9949796834171754,0.06633411675770057
1,0,1,0.0663274190822359,1,0,0.6394663802528302,0,1,0,0,0,1,3,0.44276675626333284,-0.3081640780464244
1,1,1,-0.1779947632379461,1,1,-0.4572612137728389,0,0,1,0,1,0,0,-0.4456648382446461,0.29219710142202104
0,1,0,-0.5851984004382496,1,1,0.6727005497687596,1,0,1,1,0,0,3,0.08989620732780142,-0.9474019437560538
0,0,0,-0.7073594915983407,1,0,-1.4875204687666492,0,0,1,1,0,0,0,-1.5817671003684663,0.5287100748308605
0,1,0,-0.8702409464784621,1,1,1.0050422449280532,1,0,1,0,0,1,3,0.10892192354406739,-1.3877434311504282
1,0,0,-0.8702409464784621,1,0,-0.3575587052250508,1,1,0,0,1,0,0,-0.9393767190355682,-0.4184934047118574
1,0,1,-1.2774445836787656,1,1,0.174188007029819,1,0,1,0,0,1,3,-0.8130633188914902,-0.8373037888866434
0,0,1,0.188488510242327,1,0,0.805637227832477,0,1,0,1,0,0,2,0.6617666097281351,-0.3401932064743133
1,0,1,-0.4223169455581282,1,0,0.805637227832477,1,0,1,1,0,0,3,0.2426519657721306,-0.6685007888472704
0,0,0,-1.2774445836787656,1,0,0.174188007029819,0,1,0,1,0,0,3,-0.820981068229452,-1.0895529336104028
0,0,1,-1.2774445836787656,1,0,-1.5207546382825785,0,1,0,0,1,0,0,-2.04140126020406,0.23598757023946715
1,0,1,0.5549717837226001,1,0,0.5065297021891128,0,1,0,1,0,0,2,0.7078256069463637,0.13767636831235627
0,0,0,0.758573602322752,1,1,1.4038522791192056,0,1,0,0,0,1,2,1.4720661710495653,-0.515133776946366
0,0,0,0.3513699651224484,1,0,1.3041497705714176,0,1,0,1,0,0,2,1.123156543527139,-0.7266599895758458
0,0,0,-1.1145631287986442,1,0,0.1077196679979603,1,1,0,1,0,0,3,-0.7532894632369378,-0.9302588627409284
0,0,0,0.5142514200025698,1,1,0.805637227832477,1,0,1,1,0,0,2,0.9041474688503012,-0.1809561352725595
1,0,1,-0.1372743995179157,1,0,-0.1581536881294745,0,1,0,1,0,0,3,-0.24867509412730854,0.1098684429099667
0,1,0,-0.7073594915983407,1,1,0.9053397363802652,0,1,0,0,0,1,3,0.1417692759163629,-1.286921979104087
1,0,0,1.6137012404433893,0,0,-0.0252170100657571,0,1,0,1,0,0,1,1.0196802666163944,1.1575702778851766
1,0,0,0.7178532386027215,1,1,1.3041497705714176,0,0,1,0,0,1,2,1.3837404084067269,-0.3770267605102499
1,0,1,-0.2187151269579764,1,0,-1.45428629925072,0,0,1,1,0,0,0,-1.2098263483568548,1.0226191809477658
1,0,0,1.6137012404433893,1,0,0.6727005497687596,0,1,0,0,1,0,2,1.536144813630535,0.6098534440735267
0,0,1,0.758573602322752,1,0,0.174188007029819,0,1,0,1,0,0,2,0.617082435683835,0.49067998927111256
0,0,0,1.125056875803025,1,0,0.971808075412124,0,1,0,1,0,0,2,1.4329581342616606,0.0413761782084199
1,0,0,-0.62591876415828,1,1,-1.5207546382825785,0,0,1,0,0,1,0,-1.5566225277054426,0.6208313791315695
0,0,0,1.6137012404433893,1,0,-1.45428629925072,0,0,1,1,0,0,1,0.07511671659019008,2.126680046619475
0,0,0,0.0256070553622056,1,0,1.3041497705714176,1,0,1,1,0,0,3,0.905282256363121,-0.8728822009490519
0,1,1,1.369379058123207,1,1,1.3373839400873468,0,0,1,1,0,0,2,1.9399881619818227,0.120389359828806
0,0,1,1.4915401492832985,1,1,1.3041497705714176,1,0,1,1,0,0,2,1.9491496722319295,0.3183080023403269
1,0,0,-1.1145631287986442,1,0,0.174188007029819,1,1,0,0,1,0,3,-0.7358422690463983,-0.9535571210268557
0,0,0,1.002895784642934,1,1,1.2044472620236295,0,1,0,0,0,1,2,1.5032023806588115,-0.2078566837165878
0,1,0,-0.9924020376385532,1,0,0.3735930241253952,1,1,0,0,1,0,3,-0.4550845269333592,-1.111717890644343
0,0,0,-0.748079855318371,1,1,-0.4572612137728389,0,1,0,0,0,1,0,-0.902377589139394,-0.29159359050411576
1,0,0,-0.3001558543980371,1,1,1.0050422449280532,1,1,0,1,0,0,3,0.4597986761923455,-0.9506091865754974
0,0,1,0.7992939660427822,1,1,-1.4875204687666492,0,0,1,1,0,0,1,-0.5092432502716085,1.7483344646833467
0,1,0,-1.0331224013585834,1,0,0.3735930241253952,1,1,0,1,0,0,3,-0.45489934062790593,-1.1454572085965649
1,0,0,-0.7888002190384014,1,0,0.5065297021891128,1,0,1,1,0,0,3,-0.23170132842970687,-0.8779241018646738
0,1,0,-0.7073594915983407,1,1,0.8388713973484064,1,1,0,0,0,1,3,0.0948351439966796,-1.2413646544870427
1,0,0,-0.4223169455581282,1,1,-0.3243245357091214,1,1,0,0,0,1,0,-0.5799031686712733,-0.13828081229134026
0,0,0,-0.5444780367182193,1,1,-1.4875204687666492,0,0,1,1,0,0,0,-1.4601473723080562,0.6514827133746611
1,0,1,-0.3815965818380978,0,0,-1.1551787736073555,0,0,1,1,0,0,0,-1.1657462740214457,0.7785445306404383
0,0,0,1.6137012404433893,1,1,1.6364914657307112,0,1,0,1,0,0,2,2.253170655343298,-0.06395093691335868
1,1,0,1.6137012404433893,1,1,1.1047447534758412,0,0,1,1,0,0,2,1.941770195924768,0.3088754555829759
0,0,1,1.0843365120829946,1,0,1.071510583959912,0,1,0,0,1,0,2,1.451103069890452,0.10843473083499319
0,0,1,1.5322605130033284,1,1,0.3403588546094659,0,0,1,1,0,0,2,1.2972611936245706,1.007323395850573
1,0,1,1.5322605130033284,1,1,1.2044472620236295,0,0,1,0,1,0,2,1.87791797085131,0.4373372421601169
1,0,1,-0.9516816739185228,1,1,1.270915601055488,0,0,1,0,1,0,3,0.17680961485998137,-1.3427054628064938
0,0,0,-1.1960038562387048,1,1,-1.3213496211870024,0,1,0,0,0,1,0,-1.8277420806038198,-0.01212442267672724
1,1,0,-0.62591876415828,1,1,1.2376814315395588,0,0,1,0,0,1,3,0.44448467343561426,-1.359635012989434
0,0,1,-0.1779947632379461,1,1,0.174188007029819,0,0,1,1,0,0,3,-0.023644373752711292,-0.07301912825733833
0,0,0,-0.9109613101984924,1,1,-0.3575587052250508,0,0,1,1,0,0,0,-0.9201750377258845,-0.37889948418305647
1,0,1,-0.8702409464784621,1,0,-1.45428629925072,0,1,0,0,0,1,0,-1.6947563864518265,0.4729053564389872
1,1,0,1.6137012404433893,1,0,1.270915601055488,0,1,0,0,1,0,2,2.011892727381884,0.11000010200645477
1,0,0,-0.9924020376385532,1,1,0.174188007029819,1,0,1,1,0,0,3,-0.6026601680201581,-0.783272519303622
1,1,0,1.4915401492832985,1,0,-1.4875204687666492,0,1,0,1,0,0,1,0.006998570564382453,1.9100213825353458
0,0,1,0.2699292376823877,1,1,-1.4875204687666492,0,0,1,0,1,0,1,-0.9106185157697531,1.3839951707520612
1,0,1,1.4100994218432374,0,0,-0.4572612137728389,0,1,0,0,0,1,1,0.5615181267232195,1.4565299914391567
1,0,0,0.2699292376823877,1,0,-1.4875204687666492,0,1,0,0,0,1,1,-0.9210850865371039,1.1333176477883908
1,0,1,0.880734693482843,1,0,0.0412513289661016,0,0,1,1,0,0,2,0.6199153439933528,0.7653024142681811
0,0,0,-1.2774445836787656,1,0,0.3071246850935365,1,1,0,1,0,0,3,-0.7271128043900854,-1.180667582844491
0,0,1,1.6137012404433893,0,0,-0.1581536881294745,0,1,0,0,1,0,1,0.9028574919499847,1.395559718292509
1,0,0,-0.9109613101984924,1,1,1.1379789229917707,1,0,1,0,0,1,3,0.12014770948554386,-1.4005009114919458
1,0,1,-0.7888002190384014,1,1,1.071510583959912,1,1,0,0,0,1,3,0.15304748610044971,-1.1923687135911014
0,0,0,0.1070477828022663,1,0,1.1379789229917707,0,1,0,1,0,0,3,0.8338826083596345,-0.7833717974118816
1,0,1,-0.8295205827584317,0,1,-0.9557737565117794,0,0,1,0,1,0,0,-1.3620122841562292,0.3434375282756062
1,0,0,-0.055833672077855,1,0,0.8721055668643357,0,1,0,0,1,0,3,0.5020334060395603,-0.6926201788650191
0,0,1,0.8400143297628127,1,0,1.437086448635135,0,1,0,1,0,0,2,1.5661438106139163,-0.3180408053265091
1,0,0,-0.0965540357978854,1,1,-1.4875204687666492,0,1,0,0,1,0,0,-1.1857907201890336,0.9052665507683069
0,0,0,0.5549717837226001,1,0,0.3403588546094659,0,0,1,1,0,0,2,0.5972709884923553,0.1573434313184864
0,0,0,-0.5444780367182193,1,0,0.8388713973484064,1,1,0,1,0,0,3,0.16417606707226962,-1.0333108216449058
0,0,0,-0.3815965818380978,1,0,-0.3575587052250508,0,0,1,1,0,0,0,-0.554635383909455,-0.01829095115402704
0,1,0,-0.7073594915983407,1,0,-0.3243245357091214,1,0,1,1,0,0,3,-0.7070790652998084,-0.35838052648108604
1,0,0,0.6364125111626608,1,0,-1.4875204687666492,0,1,0,0,0,1,1,-0.6631771784846595,1.3892253268563597
1,0,1,-0.3001558543980371,1,1,1.0382764144439829,1,0,1,1,0,0,3,0.4998847213233828,-0.7336129730262319
1,0,0,0.7992939660427822,1,0,1.3373839400873468,1,1,0,0,1,0,2,1.4323574482663801,-0.4144035333590668
1,0,0,-0.8295205827584317,1,0,0.5729980412209714,1,1,0,0,0,1,3,-0.23985072118425488,-1.0466824525438811
0,0,0,0.6364125111626608,1,0,-1.3213496211870024,0,1,0,0,0,1,1,-0.5451965314898103,1.258378080371747
0,0,0,0.2292088739623573,1,0,-1.4875204687666492,0,1,0,1,0,0,1,-0.9340462997837075,1.1014450846506814
0,0,0,-0.5851984004382496,0,0,-0.9890079260277088,0,0,1,1,0,0,0,-1.1962895906776618,0.34700275661415475
0,0,0,0.5142514200025698,1,0,-0.4904953832887682,0,0,1,1,0,0,1,-0.018062094731735284,0.6983758024684293
1,0,0,-0.8295205827584317,1,1,0.8388713973484064,0,1,0,0,0,1,3,-0.04512020235730935,-1.2198758587206875
0,1,0,1.369379058123207,1,1,1.2376814315395588,0,0,1,1,0,0,2,1.8643451715914792,0.030201752028239173
0,0,0,1.6137012404433893,1,1,-1.4875204687666492,0,0,1,0,0,1,1,0.043593737992755885,2.144979042851966
0,0,0,1.5322605130033284,0,1,-0.6566662308684151,0,0,1,1,0,0,1,0.5355096399275345,1.6068297271019025
0,0,0,-0.2187151269579764,1,1,0.8388713973484064,0,1,0,0,1,0,3,0.3715799115113744,-0.7914963054595603
1,1,0,-0.7888002190384014,1,0,1.0050422449280532,1,1,0,0,0,1,3,0.14721829699593586,-1.4042082965052356
0,0,1,1.3286586944031769,1,0,0.8388713973484064,0,0,1,1,0,0,2,1.4989910207337365,0.5144366361158343
0,0,1,-0.748079855318371,1,0,0.174188007029819,0,1,0,1,0,0,3,-0.443205630753992,-0.5613849135638708
0,0,1,-0.62591876415828,1,0,0.6727005497687596,1,1,0,1,0,0,3,-0.005230338672219073,-0.8177622885023783
0,0,0,-0.055833672077855,1,1,-1.45428629925072,0,0,1,0,1,0,0,-1.1216447161451248,0.9752194212125453
1,0,1,-0.3408762181180675,1,0,-1.3545837907029317,0,1,0,0,1,0,0,-1.2656132603553572,0.7930344845903354
0,0,0,-1.1960038562387048,1,1,-1.4875204687666492,0,0,1,0,0,1,0,-1.9337002237426508,0.1830201699975381
1,0,0,-0.62591876415828,1,0,0.4068271936413246,1,1,0,1,0,0,3,-0.1988539760574115,-0.7771026498183323
1,0,0,1.369379058123207,1,1,0.1409538375138897,0,0,1,0,1,0,2,1.0071043307133611,0.8939940950542584
1,0,0,0.5142514200025698,1,0,-0.3907928747409802,0,1,0,0,1,0,1,0.01147497875826893,0.5710476007423249
1,0,0,0.1070477828022663,1,1,0.9053397363802652,0,0,1,0,1,0,3,0.6584973867201888,-0.5113749214980856
1,0,1,0.3106496014024181,0,0,-0.8228370784480619,0,1,0,0,0,1,1,-0.4703433229923716,0.9393722396289922
0,0,0,-0.9109613101984924,1,1,0.6727005497687596,1,0,1,1,0,0,3,-0.1926959929707935,-1.085038015747239
0,0,0,0.7992939660427822,1,0,-0.0252170100657571,0,1,0,0,1,0,1,0.47085306110851366,0.5025676863483336
0,0,0,-0.7888002190384014,1,0,-1.5207546382825785,0,0,1,1,0,0,0,-1.6625470347844062,0.4946203640131672
0,1,0,0.4328106925625091,1,1,0.8388713973484064,0,0,1,1,0,0,2,0.9236423928282441,-0.35044059122097254
0,0,0,0.3513699651224484,1,0,-1.4875204687666492,0,1,0,0,0,1,1,-0.8631269008853641,1.1732320859726038
0,1,0,0.7992939660427822,0,0,-0.4904953832887682,0,0,1,1,0,0,1,0.18337588894784185,0.8822477446183087
0,0,0,1.5729808767233588,1,0,0.9385739058961944,0,1,0,0,0,1,2,1.7096619410245573,0.36341533434372547
1,0,0,1.1657772395230557,1,1,1.3706181096032763,0,0,1,1,0,0,2,1.7609452206207583,-0.09629247456570886
0,0,0,-0.2594354906780068,0,0,-0.6899004003843444,0,1,0,0,0,1,0,-0.7822616136608737,0.2747014488432617
1,0,1,1.6137012404433893,1,1,0.1077196679979603,0,0,1,1,0,0,2,1.1896592831661368,1.240596340078445
0,0,0,0.3920903288424788,1,1,0.4400613631572539,0,0,1,0,1,0,2,0.5311988200743922,-0.010388278179025899
0,0,1,1.002895784642934,1,0,0.0080171594501722,0,1,0,1,0,0,1,0.6716857112529232,0.7751784201923686
1,0,1,-0.9516816739185228,1,1,-1.4875204687666492,0,0,1,1,0,0,0,-1.742115239273373,0.5426183774117198
0,0,0,-0.9516816739185228,1,0,0.2074221765457484,1,1,0,1,0,0,3,-0.5682625284452155,-0.8848581034140638
1,0,0,0.0256070553622056,1,0,-0.6566662308684151,0,1,0,1,0,0,0,-0.49129713912355416,0.40676152906409496
1,0,0,-1.2774445836787656,1,0,-1.5207546382825785,0,0,1,0,0,1,0,-2.0221194665024442,0.156848501830477
0,0,0,-1.0331224013585834,1,1,0.4732955326731833,1,0,1,1,0,0,3,-0.4194676914139915,-1.03366860158543
1,0,0,-1.2774445836787656,1,1,0.2406563460616778,1,1,0,0,0,1,3,-0.7827481661430022,-1.1226359893614752
1,0,1,1.3286586944031769,1,0,-1.4875204687666492,0,1,0,1,0,0,1,-0.15572610031119685,2.044645651522724
1,0,0,-0.9109613101984924,1,0,0.7059347192846889,1,1,0,0,1,0,3,-0.21708704254868488,-1.1758447851476699
1,0,0,1.5322605130033284,1,1,1.0050422449280532,0,0,1,1,0,0,2,1.7607154031149441,0.41018048989600214
0,0,0,-0.1372743995179157,1,0,1.1379789229917707,1,1,0,1,0,0,3,0.6619440029913383,-0.9539769167905275
1,0,1,-0.4630373092781585,1,0,1.3041497705714176,1,1,0,0,0,1,3,0.539574430495524,-1.1333817495372642
1,0,0,-1.2774445836787656,1,0,0.8721055668643357,1,1,0,1,0,0,3,-0.32881800026841845,-1.550950907147363
1,0,0,-1.1145631287986442,1,0,-1.4875204687666492,0,1,0,1,0,0,0,-1.880353946504978,0.18007086301013125
1,0,0,0.9621754209229036,1,1,0.8388713973484064,0,1,0,0,0,1,2,1.2157629036768631,0.031228350056049257
1,0,1,0.1070477828022663,1,0,0.6727005497687596,1,0,1,1,0,0,3,0.5213173468974059,-0.20774171429278282
1,0,1,-0.9109613101984924,1,0,-1.4875204687666492,0,1,0,0,0,1,0,-1.7468798866397175,0.4672498321844016
0,0,0,-0.055833672077855,0,0,-0.4904953832887682,0,1,0,0,0,1,0,-0.4981770467615768,0.28020040780766786
1,1,0,0.188488510242327,1,0,0.7059347192846889,1,0,1,1,0,0,3,0.650196215276728,-0.42201301871489794
1,1,0,1.002895784642934,1,1,1.0050422449280532,1,1,0,0,0,1,2,1.4150953941783206,-0.14406819543712893
0,0,1,0.0663274190822359,1,1,-1.288115451671073,0,1,0,1,0,0,1,-0.8956338572778246,1.0185958515646214
0,0,0,-1.1960038562387048,1,1,1.1379789229917707,1,0,1,0,0,1,3,-0.07980201291516079,-1.6164941523757017
0,0,0,-1.1552834925186746,1,1,0.6062322107369008,0,0,1,0,1,0,3,-0.44041035079227575,-1.2047806791197269
0,0,0,0.880734693482843,1,1,-1.4875204687666492,0,1,0,0,0,1,1,-0.4835992647725099,1.5519124035843734
1,0,1,-1.0738427650786138,1,1,-1.4875204687666492,0,0,1,0,0,1,0,-1.8431344457433256,0.4438002593549962
1,0,0,-0.4223169455581282,1,0,-0.1581536881294745,0,1,0,0,1,0,3,-0.48335354676797515,-0.2423893263688055
1,0,0,-0.3815965818380978,1,0,1.071510583959912,0,1,0,1,0,0,3,0.44242594850771777,-1.0620707766101267
0,0,0,1.4508197855632678,1,0,-0.2246220271613333,0,1,0,0,1,0,1,0.7885536129982538,1.0941866452091884
0,0,1,0.6364125111626608,1,0,-1.4875204687666492,0,1,0,1,0,0,1,-0.6422401649923953,1.544310545007891
1,0,1,0.0663274190822359,1,0,-1.45428629925072,0,1,0,1,0,0,1,-1.020608495420886,1.140407205757864
0,0,0,0.3513699651224484,1,1,0.5065297021891128,0,0,1,1,0,0,2,0.5783181382995288,-0.08968492074829187
1,0,0,-0.9516816739185228,1,1,0.3735930241253952,0,0,1,0,1,0,3,-0.4620429585665613,-0.886205175202532
0,1,0,-0.5851984004382496,1,0,1.3041497705714176,0,1,0,0,0,1,3,0.5023493789703986,-1.4839992594083982
1,0,0,0.1070477828022663,1,0,1.0382764144439829,0,1,0,1,0,0,3,0.7628360932844688,-0.6980818755443132
1,0,1,0.9214550572028734,1,0,0.4732955326731833,0,0,1,1,0,0,2,0.9536436356993433,0.49761399082050256
1,0,0,0.880734693482843,1,1,1.437086448635135,0,0,1,1,0,0,2,1.6072843129440957,-0.34088910512450654
0,1,0,-1.2367242199587352,1,0,0.4732955326731833,1,1,0,0,1,0,3,-0.5566219344221305,-1.350658996948555
1,0,0,0.7992939660427822,1,0,1.3706181096032763,0,1,0,0,0,1,2,1.4696162309739196,-0.4560028854241039
1,0,0,1.6137012404433893,1,1,0.174188007029819,0,1,0,0,0,1,2,1.2049245321288202,0.9417485812362122
1,0,0,-0.9516816739185228,1,0,0.174188007029819,0,1,0,1,0,0,3,-0.5923749116006981,-0.8451255061635394
0,0,1,-1.1960038562387048,1,1,0.174188007029819,0,0,1,1,0,0,3,-0.7400552294539455,-0.7838737923350297
1,1,0,-1.1552834925186746,1,0,0.3403588546094659,0,0,1,1,0,0,3,-0.5536038398071595,-1.1097758899037082
1,0,1,1.4915401492832985,1,1,0.3735930241253952,0,1,0,0,0,1,2,1.2649994177145403,0.8782976424218902
0,0,1,1.4100994218432374,0,0,-0.9557737565117794,0,1,0,0,1,0,1,0.19636573777353794,1.8000766808814994
1,0,0,-1.1552834925186746,1,0,0.5065297021891128,1,1,0,0,0,1,3,-0.5160363269283333,-1.2285986204316985
1,0,0,-0.7888002190384014,0,0,-0.6234320613524857,1,0,1,1,0,0,0,-1.0820793534552913,-0.028779526653123395
0,0,1,0.5142514200025698,1,1,0.5397638717050421,0,1,0,0,0,1,2,0.6952256432362044,0.06502991842269346
1,0,0,1.4508197855632678,1,0,1.2044472620236295,0,1,0,1,0,0,2,1.8258337526093062,0.12635296949562952
0,0,1,1.4915401492832985,1,0,0.3071246850935365,0,1,0,1,0,0,2,1.2267665156280907,0.9113806981729624
0,0,0,1.5322605130033284,0,0,-0.2246220271613333,0,0,1,0,1,0,1,0.804745885723761,1.3069763561888603
0,0,0,-1.2774445836787656,1,1,-1.4875204687666492,1,0,1,1,0,0,0,-1.9759631884129452,0.13966735523872342
0,0,1,0.5142514200025698,1,0,-1.288115451671073,0,1,0,0,0,1,1,-0.6024569757032986,1.308820453100035
0,0,1,0.188488510242327,1,0,-1.4875204687666492,0,0,1,0,1,0,1,-0.9749253753740641,1.3180909053344758
0,0,1,-0.9109613101984924,0,0,-0.8228370784480619,0,1,0,0,1,0,0,-1.3431827493859096,0.08821339755027505
0,0,1,-1.2774445836787656,1,1,0.805637227832477,0,1,0,1,0,0,3,-0.3628710313334302,-1.3547880304548188
1,0,1,-0.1372743995179157,1,1,0.1409538375138897,0,0,1,1,0,0,3,-0.019100322680144402,-0.004852344443706219
1,1,1,1.6137012404433893,1,0,1.3041497705714176,0,0,1,1,0,0,2,2.0808203930464244,0.3216911841666064
0,0,0,-1.2367242199587352,1,1,0.3735930241253952,1,0,1,1,0,0,3,-0.6331510604337632,-1.107503547475402
1,0,0,-0.3408762181180675,1,0,-0.3575587052250508,0,1,0,0,1,0,0,-0.5668430740709263,-0.04884897939145796
0,0,0,-1.1552834925186746,1,0,0.4732955326731833,1,1,0,1,0,0,3,-0.5238081719067292,-1.2092583346977783
1,0,0,1.6137012404433893,1,0,-1.5207546382825785,0,1,0,1,0,0,1,0.016160080814488928,2.107940025046866
0,0,0,-0.8702409464784621,1,1,0.4732955326731833,0,0,1,1,0,0,3,-0.304841954501794,-0.9199318553329995
0,0,1,0.4735310562825394,1,0,-1.4875204687666492,0,1,0,0,1,0,1,-0.7857075224380956,1.4358789301445742
1,0,1,1.2064976032430856,1,0,-1.4875204687666492,0,0,1,1,0,0,1,-0.23031821633496802,2.0405943729650557
1,0,1,1.5322605130033284,1,0,-1.3213496211870024,0,1,0,1,0,0,1,0.10489140062825829,2.0729232727956513
0,1,0,-1.2774445836787656,0,0,-1.3213496211870024,1,1,0,1,0,0,0,-1.8761560923390947,-0.07968049351878614
0,0,0,-1.1552834925186746,1,0,1.3706181096032763,1,1,0,1,0,0,3,0.1098026090089954,-1.824282217027873
0,1,0,-1.2367242199587352,1,0,0.7059347192846889,1,1,0,0,1,0,3,-0.3923524727032389,-1.5101096331082091
0,0,0,0.3513699651224484,1,1,-0.291090366193192,0,1,0,1,0,0,1,0.0037313686029522147,0.3757516935245815
0,1,0,-1.2774445836787656,1,1,-1.5207546382825785,1,1,0,0,1,0,0,-1.9863083350924662,-0.003337552708971306
1,1,0,1.6137012404433893,1,0,0.6394663802528302,0,0,1,1,0,0,2,1.6062372813387726,0.6187408356109142
0,0,0,1.247217966963116,1,0,1.4703206181510644,0,1,0,0,0,1,2,1.8558835225576287,-0.2285167550974881
1,0,0,1.4508197855632678,1,1,0.5065297021891128,0,0,1,0,0,1,2,1.3363466414754164,0.6814764930302165
0,1,0,1.0843365120829946,1,0,1.1712130925077,0,1,0,0,0,1,2,1.5833949184810563,-0.22708296108689624
1,1,0,0.7992939660427822,0,0,-0.5237295528046976,0,0,1,1,0,0,1,0.15926350579235932,0.9219803418688332
1,1,1,-0.2594354906780068,1,1,1.3706181096032763,1,1,0,0,0,1,3,0.7901254511778665,-1.1175696695610757
1,0,0,1.369379058123207,0,1,-0.2578561966772627,0,0,1,1,0,0,1,0.701843377337796,1.23670296808921
0,1,0,0.9621754209229036,1,1,1.0382764144439829,0,0,1,0,0,1,2,1.421928529766131,-0.13098369811910607
0,0,0,1.6137012404433893,1,0,0.4732955326731833,0,1,0,1,0,0,2,1.4248293556006284,0.7242663515935421
1,1,0,-1.2367242199587352,1,0,0.174188007029819,0,0,1,0,1,0,3,-0.7570936585959692,-1.0474458200981993
1,0,0,1.4508197855632678,1,0,1.7361939742784993,0,0,1,1,0,0,2,2.21268399462715,-0.15685434630906764
1,0,1,1.1657772395230557,1,1,0.6727005497687596,0,0,1,0,0,1,2,1.2583287241890975,0.5270674702719856
1,0,0,-1.2774445836787656,1,0,-1.4875204687666492,0,0,1,1,0,0,0,-1.9836024967567985,0.14758539788935576
1,0,0,-1.2367242199587352,1,0,-1.4875204687666492,0,0,1,1,0,0,0,-1.9549460625287491,0.17601958445246346
0,0,0,-1.2367242199587352,1,0,-1.4875204687666492,1,0,1,0,1,0,0,-1.9831423658666103,0.1643707808995753
1,1,1,1.4508197855632678,1,0,0.6727005497687596,0,1,0,0,0,1,2,1.4938933124510534,0.5459821822770381
1,0,0,-0.9516816739185228,1,0,0.1077196679979603,0,0,1,1,0,0,3,-0.6279318568600041,-0.7183169004148401
1,0,0,-0.7888002190384014,1,0,0.6062322107369008,1,0,1,1,0,0,3,-0.161300130550182,-0.9462600887902398
0,0,0,-0.4223169455581282,1,0,-1.4875204687666492,0,0,1,0,1,0,0,-1.4100136813056228,0.7330545121617282
1,0,1,1.369379058123207,1,0,-1.3213496211870024,0,1,0,1,0,0,1,-0.009734336283939424,1.959186526543221
1,0,1,-0.9924020376385532,1,0,-1.4875204687666492,0,1,0,1,0,0,0,-1.7891428513100116,0.4238970174255869
1,0,1,-1.2367242199587352,1,0,0.174188007029819,0,1,0,0,0,1,3,-0.8027780624720302,-0.8991567757465609
1,0,0,-1.1960038562387048,1,0,-0.291090366193192,0,1,0,0,1,0,0,-1.1216940609402797,-0.6915242218337627
1,0,0,-1.1145631287986442,1,1,0.9053397363802652,1,0,1,1,0,0,3,-0.17235401958778981,-1.3697056497804292
1,0,0,-0.7888002190384014,1,0,-1.4875204687666492,0,1,0,1,0,0,0,-1.651102472680583,0.4075443555149925
1,0,1,0.8400143297628127,1,0,0.0080171594501722,0,1,0,0,0,1,1,0.5413647533592799,0.6648800505145397
1,0,0,-1.1960038562387048,1,0,-1.4875204687666492,0,1,0,0,0,1,0,-1.9527167187468812,0.10968693151651523
1,0,0,0.5549717837226001,1,1,1.0050422449280532,0,1,0,0,0,1,2,1.0465338911955775,-0.3670068271176375
0,0,0,0.2699292376823877,0,0,-0.8228370784480619,0,0,1,1,0,0,1,-0.47716914208941646,0.8302273628968052
0,0,1,-0.0965540357978854,1,0,1.437086448635135,0,0,1,1,0,0,3,0.9184230100291576,-0.89077581514633
0,0,0,-0.3815965818380978,1,1,1.1379789229917707,0,1,0,0,0,1,3,0.48194948498544954,-1.129061702245204
1,0,1,0.3106496014024181,1,0,-1.4875204687666492,0,1,0,0,1,0,1,-0.900978576545934,1.3390961188341461
0,0,0,0.5142514200025698,1,0,-0.0584511795816865,0,1,0,1,0,0,1,0.2756325760858289,0.32100191132598793
1,0,0,0.8400143297628127,1,0,-1.4875204687666492,0,1,0,0,1,0,1,-0.5336867240921104,1.550216949428413
0,1,0,1.6137012404433893,1,0,1.5700231266988525,0,1,0,0,1,0,2,2.2237416382161,-0.11196179371224602
1,0,1,-0.1779947632379461,1,0,-1.4875204687666492,0,1,0,0,1,0,0,-1.2448557872825263,0.9978858800768543
0,0,0,0.6771328748826912,1,0,0.0744854984820309,0,1,0,1,0,0,2,0.484126576837393,0.3436240083443305
1,0,0,-1.2774445836787656,1,1,0.3403588546094659,1,0,1,1,0,0,3,-0.6859198778172952,-1.0962051367879855
0,0,0,-0.5037576729981889,1,1,0.5397638717050421,0,1,0,0,0,1,3,-0.026427004975848323,-0.8043483403811307
0,0,1,0.8400143297628127,1,1,-0.1249195186135452,0,0,1,0,0,1,1,0.4665129845241437,0.8293279382296505
1,0,0,1.4100994218432374,1,0,0.1409538375138897,0,0,1,1,0,0,2,1.057608394326701,0.9080872579368818
1,0,0,-0.8702409464784621,1,0,0.3071246850935365,1,0,1,1,0,0,3,-0.42981659264485556,-0.7981205011397569
0,0,1,0.7992939660427822,1,0,0.7059347192846889,0,1,0,0,0,1,2,1.0061620214835458,0.14114002053046698
0,0,0,-1.2774445836787656,1,1,0.8721055668643357,1,1,0,1,0,0,3,-0.32117869192456516,-1.5588689497979955
0,0,0,0.6364125111626608,1,1,-0.291090366193192,0,1,0,1,0,0,1,0.20432640819929787,0.5747909994663349
0,0,0,-1.0331224013585834,1,0,0.3403588546094659,1,1,0,0,0,1,3,-0.5467570368477523,-1.0463566841417677
1,0,1,-1.0331224013585834,1,1,0.2074221765457484,0,0,1,1,0,0,3,-0.6026077437775473,-0.6759617734491187
0,0,1,-0.8295205827584317,1,0,0.6394663802528302,0,0,1,1,0,0,3,-0.16060238911193042,-0.8559032778777392
1,0,0,0.3106496014024181,1,0,-1.3213496211870024,0,1,0,0,0,1,1,-0.7750933225098462,1.0478585228088884
1,0,0,0.9214550572028734,1,1,0.4400613631572539,0,1,0,0,0,1,2,0.9055016779307142,0.2761381111952059
0,0,0,-0.5037576729981889,1,1,-1.4875204687666492,0,0,1,0,0,1,0,-1.4465408418658117,0.6664013415703681
1,0,0,-1.2774445836787656,0,0,-0.9557737565117794,1,1,0,0,1,0,0,-1.70084603098418,-0.2181492920677361
0,0,1,1.6137012404433893,1,0,0.6394663802528302,0,0,1,1,0,0,2,1.5587836645710322,0.8501479159087201
1,0,0,1.247217966963116,1,0,1.5035547876669937,0,1,0,1,0,0,2,1.8937551751076342,-0.220825924096607
0,0,0,1.5322605130033284,0,0,0.0080171594501722,0,0,1,1,0,0,1,0.9978569679761552,1.142220588640092
0,0,0,-0.9924020376385532,1,1,-0.0252170100657571,0,1,0,0,1,0,3,-0.7830360537774467,-0.739500630137033
0,0,0,-1.2774445836787656,1,0,-0.6234320613524857,1,0,1,1,0,0,0,-1.3728134646052748,-0.46161375707421926
1,0,0,-0.6666391278783103,1,0,-1.4875204687666492,0,1,0,1,0,0,0,-1.5651331699964348,0.4928469152043155
0,0,1,-0.8702409464784621,0,1,-1.3213496211870024,0,0,1,0,1,0,0,-1.6481611267468956,0.5486146921642383
1,0,0,-0.8702409464784621,1,0,0.3403588546094659,1,0,1,0,1,0,3,-0.4351911472185165,-0.8155940320591648
0,0,1,0.3513699651224484,1,0,0.7724030583165477,0,0,1,1,0,0,2,0.764302467340868,-0.12242651678170541
1,0,1,-0.748079855318371,1,0,0.3735930241253952,0,1,0,1,0,0,3,-0.3030485521905829,-0.6811029524730005
0,0,0,1.1657772395230557,1,1,0.805637227832477,0,1,0,0,1,0,2,1.3224316093052118,0.19804469999462226
0,0,0,-0.5037576729981889,1,0,0.805637227832477,0,1,0,1,0,0,3,0.16936543534047738,-0.9820979727732763
0,0,0,0.5956921474426305,1,0,1.3706181096032763,1,1,0,0,0,1,2,1.3269793770293137,-0.6151277531816447
1,0,1,-1.2367242199587352,1,1,-0.1581536881294745,0,0,1,0,0,1,0,-1.0190775442618571,-0.5810829792383155
1,0,1,0.3513699651224484,1,1,-0.1581536881294745,0,0,1,0,1,0,1,0.0847316738843706,0.5466709864793979
0,0,0,1.6137012404433893,1,0,-1.3213496211870024,0,1,0,1,0,0,1,0.15760779376917966,1.9543141162537316
0,0,1,1.6137012404433893,1,0,0.5065297021891128,0,1,0,1,0,0,2,1.4535382140712885,0.8600112840111529
0,0,0,0.5549717837226001,1,0,1.0382764144439829,0,1,0,1,0,0,2,1.0787021869886528,-0.4022597582921315
1,0,0,-1.2774445836787656,1,1,-1.4875204687666492,1,0,1,1,0,0,0,-1.976608505608586,0.1566212901807258
1,0,1,-0.1372743995179157,0,1,-0.6566662308684151,0,0,1,1,0,0,0,-0.6348076881073124,0.616505607682624
0,0,0,0.188488510242327,1,0,1.1712130925077,0,1,0,0,0,1,2,0.8996126389897702,-0.762797644961589
1,0,0,-0.5444780367182193,1,1,-0.0916853490976158,0,0,1,0,1,0,3,-0.5040175397238507,-0.28296203725214725
0,0,1,0.6771328748826912,1,1,0.4400613631572539,0,1,0,0,0,1,2,0.7394501822688769,0.24710265160069037
1,0,1,-0.7888002190384014,1,1,-0.6899004003843444,0,1,0,0,0,1,0,-1.0907070097711575,0.014900388760565847
0,0,0,-0.4223169455581282,1,0,-0.4904953832887682,0,0,1,1,0,0,0,-0.6771600819768708,0.044389511516953306
0,1,0,0.8400143297628127,1,0,1.071510583959912,0,1,0,0,0,1,2,1.341055115233235,-0.32935209353997613
1,0,0,-0.3408762181180675,1,1,-0.4904953832887682,1,1,0,0,0,1,0,-0.6399256300143827,0.03248087237748517
0,0,0,0.188488510242327,1,0,-1.4875204687666492,0,0,1,1,0,0,1,-0.9513255473513796,1.154262179219229
1,0,1,-1.0738427650786138,1,0,-0.3243245357091214,1,1,0,0,0,1,0,-1.0401583149574574,-0.4437400948662999
0,0,0,-1.0331224013585834,1,0,0.5065297021891128,1,1,0,1,0,0,3,-0.41437180326273926,-1.1467344373169772
0,0,1,-0.8295205827584317,1,1,-1.4875204687666492,1,0,1,1,0,0,0,-1.6555006193935837,0.6109670021590402
0,0,0,1.5729808767233588,1,0,-1.3213496211870024,0,0,1,1,0,0,1,0.14032854620150742,2.007131210822279
1,0,1,-0.2594354906780068,1,1,0.5729980412209714,0,0,1,1,0,0,3,0.20000223211364876,-0.3862775141438155
0,0,0,-1.0738427650786138,1,1,-0.6234320613524857,0,0,1,1,0,0,0,-1.2225373023168153,-0.3104069319673109
1,0,0,-0.0151133083578247,1,0,0.7724030583165477,0,1,0,1,0,0,3,0.48913026292158734,-0.6011551367654598
0,0,0,0.5956921474426305,1,0,-0.1913878576454039,0,1,0,1,0,0,1,0.23907718070256118,0.4689849336862913
0,0,1,-0.055833672077855,1,0,-1.45428629925072,0,1,0,1,0,0,0,-1.1059324809093931,1.0381507111265387
0,0,1,0.7992939660427822,1,0,0.6394663802528302,0,1,0,1,0,0,2,0.9742777933496675,0.20021290351491172
0,0,0,1.125056875803025,0,0,-0.1249195186135452,0,1,0,1,0,0,1,0.606047175195918,0.8677420911114482
0,0,0,0.6364125111626608,1,1,0.0412513289661016,0,1,0,1,0,0,2,0.4389970677977143,0.3470043763811148
1,0,0,0.5142514200025698,1,1,-1.5207546382825785,0,1,0,1,0,0,1,-0.750569652194632,1.3492528801343295
0,0,0,0.2699292376823877,1,0,0.5065297021891128,1,0,1,1,0,0,2,0.5140112786952179,-0.15558918616587727
0,1,0,-1.2774445836787656,1,1,0.7059347192846889,1,0,1,0,1,0,3,-0.4026377291226989,-1.4482566462482915
1,0,0,-1.2774445836787656,1,0,0.174188007029819,1,1,0,1,0,0,3,-0.821626385425093,-1.0725989986684006
0,0,0,-1.0738427650786138,1,0,0.4732955326731833,1,0,1,1,0,0,3,-0.4551181167902532,-1.0711386804399077
1,0,0,-0.9516816739185228,1,0,0.3735930241253952,0,0,1,1,0,0,3,-0.440195329181271,-0.9005461988830162
1,0,1,1.6137012404433893,1,0,1.6364914657307112,0,1,0,1,0,0,2,2.2507731395102635,0.10249070046340653
1,1,0,1.5729808767233588,0,1,-0.4240270442569095,0,0,1,1,0,0,1,0.7811309451530346,1.402929791933683
1,0,1,1.5729808767233588,1,0,-1.4875204687666492,0,1,0,0,1,0,1,-0.012629115476403288,2.2205559022904837
0,0,0,1.2879383306831464,1,0,1.0050422449280532,0,0,1,0,1,0,2,1.5535865032605742,0.21889067467309808
0,0,1,-0.1779947632379461,1,0,-1.4875204687666492,0,0,1,1,0,0,0,-1.2039916628930059,1.0568780948773928
0,0,1,1.5322605130033284,1,0,1.6697256352466403,0,1,0,1,0,0,2,2.217572654209647,0.005889730086666836
1,1,0,0.2699292376823877,1,0,1.0382764144439829,1,1,0,1,0,0,2,0.9308025566708663,-0.6741825498055584
0,0,1,-0.6666391278783103,1,0,-1.4875204687666492,0,0,1,0,0,1,0,-1.5629187774154032,0.7021522977527003
1,1,0,1.369379058123207,1,1,1.536788957182923,1,0,1,1,0,0,2,2.074903448034413,-0.1578522738064565
0,1,0,-0.4630373092781585,1,1,1.0050422449280532,0,1,0,1,0,0,3,0.39915898294998886,-1.1711372882836062
0,0,0,0.4735310562825394,1,0,0.6727005497687596,1,0,1,1,0,0,2,0.7746287796346729,-0.1273115648929492
0,1,0,0.880734693482843,1,0,1.1379789229917707,0,1,0,0,1,0,2,1.40285396463327,-0.32765454183739756
1,0,0,-1.1552834925186746,1,1,-0.2578561966772627,0,0,1,1,0,0,0,-1.0223577624102969,-0.6008866555452662
0,1,0,1.125056875803025,1,0,1.5035547876669937,0,0,1,1,0,0,2,1.8731491027537037,-0.3316685581099529
1,0,0,-0.2594354906780068,1,0,0.9053397363802652,0,1,0,0,0,1,3,0.39601001760685284,-0.8763904637455946
0,0,1,-0.3408762181180675,1,1,0.4732955326731833,0,0,1,1,0,0,3,0.07293348297366604,-0.3917638352864672
1,0,1,0.8400143297628127,1,1,-1.5207546382825785,0,1,0,0,0,1,1,-0.5311262896452235,1.7217344089979227
0,0,1,0.5549717837226001,1,1,-1.5207546382825785,0,0,1,1,0,0,1,-0.7046489215997463,1.6005080076132228
0,0,1,0.9621754209229036,1,0,0.805637227832477,0,1,0,0,0,1,2,1.1911889562752684,0.18654077985733156
0,0,0,-1.0331224013585834,1,1,-0.1913878576454039,0,0,1,1,0,0,3,-0.8888090106108243,-0.5780953554149896
0,0,0,-1.2774445836787656,1,1,0.7059347192846889,1,1,0,0,1,0,3,-0.467355642257276,-1.4396705068662712
1,0,0,-1.2774445836787656,1,0,-0.6234320613524857,0,1,0,1,0,0,0,-1.3848359684612925,-0.5259111032638721
1,0,0,1.125056875803025,1,0,-1.4875204687666492,0,0,1,1,0,0,1,-0.292872877301885,1.8252024051127076
1,0,0,1.1657772395230557,1,1,-1.45428629925072,0,0,1,0,0,1,1,-0.24880528975158628,1.8263782632912628
0,0,0,0.3920903288424788,0,0,-1.0222420955436382,1,0,1,1,0,0,1,-0.5320022351643183,1.0522018964372606
1,0,0,-0.2187151269579764,1,0,-1.4875204687666492,0,0,1,1,0,0,0,-1.2385352068275146,0.8868742485301547
0,0,1,-0.9516816739185228,1,1,0.6727005497687596,1,0,1,0,1,0,3,-0.24495225522152725,-0.9496434761950998
0,0,0,1.6137012404433893,1,0,-1.4875204687666492,0,1,0,0,0,1,1,0.02522256018416659,2.054691869428941
0,0,0,-0.3815965818380978,1,0,-1.4875204687666492,0,1,0,0,1,0,0,-1.3927344337379506,0.6802374175931808
0,1,0,0.5956921474426305,1,0,1.0050422449280532,1,0,1,1,0,0,2,1.1486094683914374,-0.35963304880252206
0,1,0,0.880734693482843,1,1,-1.5207546382825785,0,0,1,1,0,0,1,-0.42729851381196954,1.5796204848782756
1,1,0,-1.2367242199587352,1,1,1.0382764144439829,0,1,0,0,1,0,3,-0.1513331391522509,-1.7119064289600574
1,0,0,0.2292088739623573,0,0,-0.1581536881294745,0,1,0,0,0,1,1,-0.06355666476245578,0.26840702560620355
0,1,0,0.5956921474426305,1,0,1.1712130925077,0,1,0,1,0,0,2,1.2545676115302684,-0.5547776414767874
1,0,0,-0.4223169455581282,1,0,-0.291090366193192,0,1,0,0,1,0,0,-0.5772218106073418,-0.15127467713471737
1,0,0,-1.2367242199587352,1,0,0.8721055668643357,0,1,0,0,0,1,3,-0.3152114698261738,-1.536032278951656
0,0,1,1.6137012404433893,1,1,0.4732955326731833,0,0,1,1,0,0,2,1.448442325920036,0.9730771197427001
1,1,0,1.0436161483629645,0,0,-0.6566662308684151,1,0,1,1,0,0,1,0.23733384732128898,1.1837001104815674
1,0,1,1.4915401492832985,1,0,0.4732955326731833,0,0,1,1,0,0,2,1.3548337148920349,0.8956926027040099
1,0,0,-0.5851984004382496,1,0,0.174188007029819,0,1,0,1,0,0,3,-0.33446700354825365,-0.5892178270955705
0,0,1,0.9214550572028734,1,1,-1.4875204687666492,0,0,1,1,0,0,1,-0.42327394758746023,1.8336370243726698
0,0,0,0.5549717837226001,1,0,1.2044472620236295,0,1,0,0,0,1,2,1.180987613002056,-0.5296686282021422
1,0,0,-1.1145631287986442,1,0,-1.5207546382825785,0,1,0,0,1,0,0,-1.9326626329983219,0.20815465670776745
0,0,0,-1.1552834925186746,0,1,-1.0222420955436382,1,0,1,0,1,0,0,-1.6427943652154848,-0.013956169280346271
1,1,0,-1.1145631287986442,1,1,0.8388713973484064,1,0,1,1,0,0,3,-0.1659474250332731,-1.4139857456770608
0,0,1,1.3286586944031769,1,1,-0.1249195186135452,0,0,1,1,0,0,1,0.8254400990465411,1.1840537353543432
1,0,0,0.1070477828022663,1,1,-1.45428629925072,0,1,0,0,1,0,1,-1.0190414830889454,1.0246588212753232
0,1,0,0.5142514200025698,1,1,1.071510583959912,0,0,1,0,0,1,2,1.1301748192174295,-0.4665384126218121
0,0,0,-1.2367242199587352,1,1,-1.4875204687666492,0,1,0,0,0,1,0,-1.9737338446310775,0.0733347023027752
0,0,1,-0.4223169455581282,1,0,0.5065297021891128,0,0,1,1,0,0,3,0.03209368932919669,-0.48044676301257466
1,0,1,1.5322605130033284,1,1,0.1409538375138897,0,0,1,1,0,0,2,1.1558134806698799,1.1609493046437076
0,0,1,-0.0965540357978854,1,0,0.0412513289661016,0,1,0,1,0,0,3,-0.07857094694456844,-0.01532327932006021
1,0,0,1.1657772395230557,1,1,1.437086448635135,0,1,0,0,0,1,2,1.7814522620942599,-0.23661663868180866
0,0,0,-0.1372743995179157,1,1,-1.4875204687666492,0,1,0,1,0,0,0,-1.1849602166879396,0.8545732978740825
1,0,0,1.1657772395230557,1,0,1.3706181096032763,1,1,0,0,1,0,2,1.7137324222786665,-0.18127451659961985
1,0,1,-0.3001558543980371,1,0,0.8388713973484064,1,1,0,0,1,0,3,0.3118695272222407,-0.6819230412090104
1,0,0,1.5729808767233588,1,1,1.6032572962147815,0,0,1,1,0,0,2,2.211779024620143,0.02859875490571357
0,0,0,-1.2774445836787656,0,0,-0.9890079260277088,0,0,1,1,0,0,0,-1.683448972554501,-0.13637841495867542
0,0,1,1.2064976032430856,1,0,0.174188007029819,0,1,0,0,0,1,2,0.9172533084065734,0.7899404830978959
1,0,0,1.2879383306831464,1,0,0.3071246850935365,0,1,0,1,0,0,2,1.0775972347813843,0.6276401055732935
0,0,1,1.2879383306831464,1,0,0.8721055668643357,0,0,1,0,1,0,2,1.464960031932026,0.46852891863331897
1,1,0,-0.1372743995179157,1,1,0.6394663802528302,0,1,0,0,0,1,3,0.3545775102346801,-0.689660133810401
0,0,0,-1.2367242199587352,1,0,0.2074221765457484,1,1,0,0,1,0,3,-0.7976991885750636,-1.0785922779667032
1,0,0,-1.2774445836787656,1,1,-0.4572612137728389,1,0,1,1,0,0,0,-1.249129460853495,-0.5495172413834569
0,0,1,0.5142514200025698,1,0,-1.3213496211870024,0,1,0,1,0,0,1,-0.6108741378773352,1.3451146737759576
1,0,0,1.369379058123207,1,0,1.6364914657307112,0,0,1,1,0,0,2,2.084969928291526,-0.145386732509717
0,0,0,0.880734693482843,1,1,1.4038522791192056,1,1,0,1,0,0,2,1.573085377519518,-0.41631565888964217
0,0,1,1.5322605130033284,1,1,0.5065297021891128,0,0,1,0,0,1,2,1.399546619637974,0.879914525940562
1,1,0,0.188488510242327,1,0,0.9053397363802652,1,1,0,1,0,0,3,0.7796214243754008,-0.6399362736976855
1,1,0,-1.1960038562387048,1,1,0.5065297021891128,1,0,1,0,1,0,3,-0.4867725736212909,-1.2377623643289417
1,0,1,-0.3815965818380978,1,0,-0.3243245357091214,0,1,0,1,0,0,0,-0.5379490292948131,0.053156635073930925
0,1,0,1.125056875803025,1,0,1.1712130925077,0,0,1,0,0,1,2,1.6234285393694827,-0.11739749339213337
0,0,0,0.1070477828022663,0,0,-1.0554762650595677,0,1,0,0,1,0,1,-0.7962831479143855,0.799995103061488
0,0,1,-0.2187151269579764,1,0,0.3071246850935365,0,1,0,0,0,1,3,0.008146374264211803,-0.29637069584496006
0,0,1,-0.3408762181180675,0,0,-0.4240270442569095,0,0,1,1,0,0,0,-0.620169071481239,0.2888942114740589
0,1,0,-1.2367242199587352,1,0,0.971808075412124,1,0,1,1,0,0,3,-0.1643971378306259,-1.6163927818338444
1,0,0,1.4100994218432374,1,0,0.8721055668643357,1,1,0,1,0,0,2,1.5625066587828402,0.32570540601774217
1,0,0,-1.2367242199587352,1,0,-0.556963722320627,1,1,0,1,0,0,0,-1.3092454023135598,-0.5430342413178085
0,0,0,-1.2774445836787656,1,1,-1.4875204687666492,1,0,1,0,1,0,0,-2.0048048089464476,0.14497248662783763
0,0,1,-1.2774445836787656,1,1,0.4732955326731833,1,0,1,0,0,1,3,-0.6012144080572743,-1.0592656846053439
0,0,0,-0.748079855318371,1,0,-0.3575587052250508,0,1,0,0,1,0,0,-0.8527620991557792,-0.3501447799645369
1,1,0,0.2292088739623573,1,1,1.0050422449280532,0,0,1,1,0,0,2,0.8970502342915644,-0.5895509006371186
0,0,0,-1.2774445836787656,1,0,0.174188007029819,1,1,0,0,0,1,3,-0.8360309720152569,-1.1030684919778035
0,0,0,-1.2367242199587352,1,1,0.174188007029819,0,0,1,0,1,0,3,-0.8027950767263159,-0.9655264422351557
0,0,0,-0.8295205827584317,1,0,0.4732955326731833,1,0,1,1,0,0,3,-0.2831795114219569,-0.9005335610612618
1,0,1,-0.055833672077855,1,1,1.1047447534758412,0,1,0,0,1,0,3,0.6785386514174823,-0.6845113280071705
1,0,1,0.1070477828022663,1,0,0.2406563460616778,0,1,0,1,0,0,3,0.2048683027590873,0.007129614586348344
1,1,0,1.6137012404433893,1,1,1.5035547876669937,0,0,1,1,0,0,2,2.223374987442868,0.03553150788071156
0,0,1,-0.9924020376385532,1,1,0.971808075412124,1,1,0,0,0,1,3,-0.05999056572368104,-1.283157594423076
1,0,0,-0.9109613101984924,1,1,1.1047447534758412,1,0,1,0,1,0,3,0.08288892677800429,-1.358901559426909
0,1,0,-1.1145631287986442,1,0,0.1409538375138897,1,0,1,0,1,0,3,-0.6939461046760218,-0.9563185330423567
1,0,1,1.247217966963116,1,0,0.6394663802528302,0,1,0,1,0,0,2,1.2888532526625696,0.5299428906510985
0,0,0,1.5729808767233588,1,0,-1.288115451671073,0,1,0,0,0,1,1,0.1373685217151671,1.8895857090147012
0,1,0,0.5549717837226001,1,1,1.3041497705714176,0,0,1,1,0,0,2,1.338150618950175,-0.584039303850958
0,0,1,0.7992939660427822,1,1,-1.3878179602188612,0,0,1,0,0,1,1,-0.45389195617788836,1.6664829193903798
1,0,0,-1.2774445836787656,1,0,-0.6234320613524857,1,1,0,1,0,0,0,-1.3848359684612925,-0.5259111032638721
1,0,0,-1.2774445836787656,1,1,0.5065297021891128,1,0,1,1,0,0,3,-0.5685845480180871,-1.2100984483305957
0,0,0,1.6137012404433893,1,0,1.6032572962147815,0,1,0,0,1,0,2,2.1938679777017414,-0.04490303550709223
0,0,0,-1.1960038562387048,1,1,0.6394663802528302,1,0,1,1,0,0,3,-0.4167580985269807,-1.2612986593804707
1,0,0,-0.1779947632379461,1,0,-0.1249195186135452,0,1,0,1,0,0,3,-0.2591062549063346,-0.09986800068779572
0,0,1,0.2699292376823877,1,1,-0.4572612137728389,0,0,1,1,0,0,1,-0.1542978504811594,0.6725515077987642
0,0,0,0.0256070553622056,1,1,-1.288115451671073,0,1,0,1,0,0,0,-0.9295320840166922,0.831638070275381
0,0,0,-0.8295205827584317,0,0,-0.1249195186135452,0,1,0,1,0,0,3,-0.769461667750452,-0.497098863917719
1,0,1,-1.2774445836787656,1,0,0.3071246850935365,1,1,0,1,0,0,3,-0.7225163290749081,-1.005190053176356
1,0,0,-1.0738427650786138,1,1,0.4732955326731833,0,0,1,1,0,0,3,-0.4487694428376819,-1.0451488532065352
1,0,0,-1.1960038562387048,1,1,0.7059347192846889,0,1,0,0,0,1,3,-0.39689637424912033,-1.3846688885545682
1,0,0,-1.1552834925186746,1,1,0.7724030583165477,1,0,1,1,0,0,3,-0.2948787176552059,-1.3070251871094487
1,0,1,0.0663274190822359,1,0,0.8388713973484064,0,0,1,1,0,0,3,0.6099962424685648,-0.35006921239850064
0,1,0,-0.7073594915983407,1,0,1.0382764144439829,1,1,0,0,1,0,3,0.2148518318598196,-1.3682518308730303
1,0,1,-1.2774445836787656,0,0,-1.3213496211870024,1,1,0,0,1,0,0,-1.9537419640316198,0.1909395880521389
0,0,0,-1.1960038562387048,1,0,-0.4572612137728389,1,1,0,0,1,0,0,-1.238384073543847,-0.5945848452331549
0,0,0,-1.1960038562387048,1,0,-1.4875204687666492,0,1,0,0,1,0,0,-1.9658631182989381,0.1115536863310278
0,0,1,-0.0965540357978854,1,0,0.5397638717050421,0,1,0,0,0,1,3,0.2583851386672515,-0.37051877231529134
0,0,0,-1.1145631287986442,1,0,-0.3575587052250508,1,1,0,0,0,1,0,-1.0968782904605257,-0.6248731487890208
1,1,0,1.4508197855632678,1,1,-1.4875204687666492,0,0,1,0,1,0,1,-0.03212830638858043,1.9771795007843773
0,0,0,-1.2774445836787656,1,0,-1.4875204687666492,0,0,1,1,0,0,0,-1.9829571795611576,0.1306314629473534
0,0,0,-1.1145631287986442,1,0,0.5065297021891128,1,1,0,1,0,0,3,-0.4716846717188381,-1.2036028104431926
0,0,0,-1.2774445836787656,1,0,0.2074221765457484,1,1,0,1,0,0,3,-0.7975140022696103,-1.112331595918925
1,0,1,-0.7888002190384014,1,1,-1.4875204687666492,0,0,1,1,0,0,0,-1.6274895023611753,0.6563551236641504
0,0,0,0.1070477828022663,1,1,0.5065297021891128,0,1,0,0,1,0,3,0.3661607257373528,-0.33623618986947884
1,0,1,-1.1552834925186746,1,1,0.174188007029819,0,0,1,1,0,0,3,-0.7120441124215372,-0.7384856708299198
1,0,0,-0.9516816739185228,0,1,-1.3213496211870024,0,0,1,1,0,0,0,-1.6825194843759512,0.3448715278647784
0,1,0,0.5142514200025698,1,0,0.7059347192846889,0,0,1,1,0,0,2,0.8800930062967639,-0.2114934611520391
0,0,0,-0.4630373092781585,0,0,-1.2216471126392143,0,0,1,1,0,0,0,-1.274589749712405,0.5917559524631318
0,0,0,-0.2594354906780068,1,1,0.805637227832477,1,0,1,0,0,1,3,0.3446253147315582,-0.7347212383390057
0,0,0,-1.2774445836787656,1,1,0.6727005497687596,1,1,0,0,0,1,3,-0.4770309914694198,-1.435712534314264
0,1,0,-1.2367242199587352,1,0,0.805637227832477,1,0,1,1,0,0,3,-0.2817324676298342,-1.5024994702912342
0,0,0,-0.8702409464784621,1,0,0.174188007029819,0,0,1,1,0,0,3,-0.5230395392885813,-0.7239597868476714
0,0,0,1.0843365120829946,1,1,1.4703206181510644,0,1,0,1,0,0,2,1.7633016805794481,-0.3197020506911481
0,0,0,-0.055833672077855,1,0,0.6394663802528302,0,0,1,1,0,0,3,0.37862806871018945,-0.47417732790482653
0,0,1,0.880734693482843,1,1,-1.3213496211870024,0,0,1,0,1,0,1,-0.36343667254980405,1.6966146576560661
0,0,1,-0.6666391278783103,1,1,-1.5207546382825785,0,1,0,0,1,0,0,-1.6045607556351074,0.6715362609774519
1,1,0,-0.9516816739185228,1,0,-0.3243245357091214,1,1,0,1,0,0,3,-0.8910401745241227,-0.5932829920493848
0,0,0,-0.4630373092781585,1,1,1.071510583959912,1,1,0,1,0,0,3,0.39275238839547216,-1.1268571923869746
1,0,0,-1.2774445836787656,1,1,-1.45428629925072,0,0,1,0,1,0,0,-1.9819830601822468,0.13914775926131803
0,0,0,-0.3815965818380978,1,1,-0.3575587052250508,0,0,1,1,0,0,0,-0.5476413927612427,-0.009255058862657012
1,1,0,-1.0331224013585834,1,1,0.3071246850935365,1,0,1,1,0,0,3,-0.48410761193464064,-0.9926587756144932
1,0,0,-0.4630373092781585,1,1,1.3041497705714176,0,1,0,0,1,0,3,0.5275349123852201,-1.264048762215512
0,0,0,1.3286586944031769,1,0,1.437086448635135,0,1,0,1,0,0,2,1.9047792288396903,-0.1353541612953499
1,0,0,-1.1552834925186746,0,0,-0.6566662308684151,1,1,0,0,0,1,0,-1.3898814179137593,-0.3566753829116262
1,0,1,1.6137012404433893,1,0,1.5700231266988525,0,1,0,1,0,0,2,2.20383900759058,0.14804802508045062
1,1,0,1.4508197855632678,0,0,-0.7563687394162032,0,1,0,1,0,0,1,0.44211980506188064,1.455126681906555
0,0,1,1.4100994218432374,1,0,0.6727005497687596,0,1,0,0,0,1,2,1.4125414689444449,0.5904314812856037
1,0,0,-1.2774445836787656,1,0,0.4732955326731833,1,1,0,1,0,0,3,-0.6104227917865181,-1.2776069594450987
0,0,0,1.4915401492832985,1,0,1.0382764144439829,0,1,0,0,1,0,2,1.7089585537002863,0.2570316640484591
1,0,0,1.125056875803025,1,1,0.8388713973484064,0,0,1,0,0,1,2,1.3417658272494377,0.22621637744013504
1,0,0,-1.1960038562387048,1,1,0.7724030583165477,1,0,1,1,0,0,3,-0.3235351518832551,-1.3354593736725564
1,0,1,1.247217966963116,0,0,-0.1913878576454039,0,1,0,1,0,0,1,0.6496788212755601,1.1740795050859505
1,0,1,1.5729808767233588,1,1,0.8721055668643357,0,0,1,1,0,0,2,1.7007453660144451,0.6882529204193307
0,0,0,0.1070477828022663,1,1,0.7059347192846889,1,0,1,1,0,0,3,0.5471819286902824,-0.3969620139780699
0,0,0,0.0663274190822359,1,1,0.174188007029819,1,0,1,0,1,0,3,0.11421081857126396,-0.055632472215711014
1,0,1,0.8400143297628127,1,1,0.174188007029819,0,1,0,1,0,0,2,0.6807439780925052,0.5735381896307002
1,0,0,-0.62591876415828,0,0,-1.0222420955436382,0,0,1,1,0,0,0,-1.2490584080611937,0.3583011673015715
0,0,1,-1.2774445836787656,1,1,-0.1581536881294745,1,0,1,1,0,0,0,-1.0320387575084606,-0.612955542376025
1,0,0,0.9621754209229036,1,0,0.5397638717050421,0,0,1,1,0,0,2,1.0239924093362578,0.3219672580404334
1,0,1,-1.0331224013585834,1,1,-0.4904953832887682,1,1,0,0,0,1,0,-1.1218432193804038,-0.2923767044692121
1,0,0,1.4100994218432374,1,0,1.536788957182923,0,0,1,1,0,0,2,2.0432251646400506,-0.04861655902104312
1,0,0,-0.8702409464784621,1,0,-0.1249195186135452,0,0,1,0,0,1,3,-0.7499383539086016,-0.5155134494963715
1,0,1,-1.2774445836787656,1,1,-1.4875204687666492,0,1,0,0,1,0,0,-2.0115855202916473,0.23919873516431756
1,0,0,-1.2367242199587352,1,0,-1.3213496211870024,0,1,0,1,0,0,0,-1.8489879193899177,-0.01912500822180186
0,0,0,1.4915401492832985,1,0,1.3373839400873468,0,1,0,1,0,0,2,1.9490037678723633,0.046718571882646935
1,0,0,-1.2774445836787656,1,0,0.5065297021891128,1,0,1,1,0,0,3,-0.5755785391662994,-1.2191343406219657
0,0,0,-0.4630373092781585,1,1,0.8388713973484064,0,1,0,0,0,1,3,0.21343302289077587,-0.9809221145947212
1,1,0,1.6137012404433893,1,1,1.071510583959912,0,0,1,1,0,0,2,1.9183031299649267,0.33165411789149785
0,1,0,-1.2367242199587352,1,0,0.6394663802528302,0,0,1,0,1,0,3,-0.4279094179625451,-1.3833010273595099
1,0,0,1.002895784642934,1,0,-1.45428629925072,0,1,0,0,0,1,1,-0.38180220447237334,1.6223543436158068
1,0,0,-1.2774445836787656,1,0,0.8388713973484064,1,1,0,1,0,0,3,-0.35228506622826006,-1.528172244838841
1,0,0,-1.1552834925186746,1,1,0.5397638717050421,1,0,1,1,0,0,3,-0.4591481793740974,-1.1475745509497945
0,0,0,-1.2367242199587352,1,0,-1.5207546382825785,0,1,0,1,0,0,0,-1.9891449979533264,0.10059303068732786
0,0,0,-0.9516816739185228,1,0,0.4068271936413246,0,1,0,1,0,0,3,-0.4274601326861656,-1.0215300772651958
0,0,0,1.5729808767233588,1,1,1.536788957182923,0,0,1,1,0,0,2,2.165490209896101,0.057202144580755024
0,0,1,-0.7888002190384014,1,1,-1.5207546382825785,0,0,1,1,0,0,0,-1.6503112511253761,0.6621798510306699
1,0,1,0.7178532386027215,1,1,-0.6566662308684151,0,0,1,0,0,1,1,0.004425309286888196,1.1254379104186825
1,1,0,-0.9109613101984924,1,0,0.8388713973484064,1,1,0,0,0,1,3,-0.056086335487420425,-1.3756175446519485
1,1,0,1.2879383306831464,1,1,0.971808075412124,0,0,1,0,0,1,2,1.6036005544752017,0.15900105394480174
0,0,1,-1.2774445836787656,1,1,0.174188007029819,1,0,1,0,1,0,3,-0.8262097184435471,-0.8354370340721309
1,0,0,-1.2367242199587352,0,0,-1.3213496211870024,0,1,0,0,0,1,0,-1.916535605566691,0.04202949013259889
0,0,0,-0.0965540357978854,1,0,1.5035547876669937,0,1,0,1,0,0,3,0.9487381627776458,-1.176108015621162
1,0,0,-1.0331224013585834,1,0,0.8388713973484064,1,1,0,0,1,0,3,-0.20918808139346634,-1.352261994071081
1,0,0,-0.2594354906780068,1,0,-1.5207546382825785,0,1,0,1,0,0,0,-1.3020358936757825,0.7999674431439139
1,0,0,-0.5037576729981889,1,0,-0.4904953832887682,0,1,0,1,0,0,0,-0.7464954542889877,-0.0767762077989147
0,0,0,1.6137012404433893,1,0,-1.288115451671073,0,1,0,1,0,0,1,0.18107485972902115,1.9315354539452096
0,0,1,-0.7888002190384014,1,0,-0.291090366193192,1,0,1,1,0,0,0,-0.7890238017594472,-0.18966654667601496
1,0,0,1.5322605130033284,1,1,0.6727005497687596,0,0,1,1,0,0,2,1.5260447435165279,0.6379671129812222
1,0,0,-1.1960038562387048,0,0,-1.1551787736073555,0,1,0,1,0,0,0,-1.7554939377536285,-0.02991407647950279
1,0,0,-1.2367242199587352,1,0,0.3735930241253952,1,1,0,1,0,0,3,-0.6521675554379937,-1.180836785956425
0,1,0,1.6137012404433893,1,0,1.7029598047625698,0,0,1,1,0,0,2,2.357828709249347,-0.12713029320379304
1,1,0,0.0256070553622056,1,0,0.6394663802528302,1,0,1,1,0,0,3,0.4886363464448472,-0.4901924403502845
1,1,0,-0.7073594915983407,1,0,0.3071246850935365,1,1,0,0,0,1,3,-0.28827721970464,-0.868988014900058
1,0,0,-1.2774445836787656,0,0,-1.188412943123285,0,1,0,1,0,0,0,-1.836273872169569,-0.06400378729719608
1,1,0,0.9214550572028734,1,0,1.1379789229917707,1,0,1,1,0,0,2,1.4710838888595579,-0.2063202705897465
1,0,1,-1.1145631287986442,1,1,-0.0252170100657571,0,0,1,0,1,0,3,-0.8530316944860402,-0.5680743790265657
1,0,0,-1.1960038562387048,1,0,0.5065297021891128,1,0,1,1,0,0,3,-0.5182656707102006,-1.1622659674957503
0,0,0,1.3286586944031769,1,1,0.8388713973484064,0,0,1,0,0,1,2,1.4856933155853256,0.35143337531367097
1,0,1,0.2699292376823877,1,1,-0.1581536881294745,0,0,1,1,0,0,1,0.056260425961774566,0.4844974819640684
1,0,0,1.5322605130033284,1,1,-1.3213496211870024,0,1,0,0,0,1,1,0.09159369547984732,1.909920011993488
1,0,0,0.0663274190822359,1,0,1.7029598047625698,0,1,0,0,0,1,2,1.1884710744674472,-1.1956048666452617
1,0,0,-0.0965540357978854,1,1,-0.4904953832887682,0,0,1,1,0,0,0,-0.4415599341999046,0.2978528312551871
0,0,0,-0.8295205827584317,0,1,-0.4904953832887682,0,0,1,0,0,1,0,-1.0242781192859256,-0.16976196346835234
1,0,1,-0.9516816739185228,1,0,-1.4875204687666492,0,1,0,1,0,0,0,-1.760486417081962,0.4523312039886946
0,0,0,0.6771328748826912,0,0,-0.291090366193192,0,0,1,1,0,0,1,0.1848682555485437,0.7501106315915295
0,0,0,-1.0331224013585834,1,1,-0.6899004003843444,0,1,0,0,1,0,0,-1.2810338072023286,-0.3123615705297002
0,1,0,0.2292088739623573,1,0,0.6062322107369008,0,1,0,1,0,0,3,0.5977195821605162,-0.4234480612998819
1,0,0,1.247217966963116,1,0,1.4703206181510644,0,1,0,0,1,0,2,1.84144648861429,-0.1927421303989708
1,1,0,-1.2774445836787656,1,0,0.2406563460616778,1,1,0,1,0,0,3,-0.7213515270312097,-1.2079937437991204
1,0,0,-0.0965540357978854,1,0,0.8388713973484064,0,1,0,0,0,1,3,0.4637016225993671,-0.7170963928761199
0,0,0,-0.3815965818380978,1,0,0.3071246850935365,0,1,0,1,0,0,3,-0.09667125137299912,-0.5551154784561227
0,0,0,1.002895784642934,1,1,0.174188007029819,0,0,1,1,0,0,2,0.8021504263499024,0.5930486873466508
0,1,0,1.5322605130033284,1,1,0.3735930241253952,0,0,1,0,1,0,2,1.3399855730142916,0.7414888496913568
1,0,1,1.5729808767233588,1,1,1.4038522791192056,0,0,1,0,0,1,2,2.0611685175861068,0.31027876511557756
1,0,1,-0.5037576729981889,1,1,-0.4904953832887682,0,1,0,0,1,0,0,-0.7631012911634598,0.09608841060770232
0,0,1,1.6137012404433893,1,0,-1.3213496211870024,0,0,1,1,0,0,1,0.17422677294037509,2.1940889921115194
1,0,0,-0.4223169455581282,1,1,0.174188007029819,0,1,0,0,0,1,3,-0.22789717927364872,-0.4799607469191705
1,0,0,-0.7073594915983407,1,1,-1.288115451671073,0,0,1,1,0,0,0,-1.434616030656845,0.4180279282131009
0,0,0,-0.9516816739185228,0,1,-0.5237295528046976,1,0,1,1,0,0,0,-1.118664584144111,-0.21877030248175255
0,0,0,0.2292088739623573,1,0,1.3373839400873468,1,0,1,1,0,0,2,1.0720314934632091,-0.7534899304420356
1,1,0,-1.0331224013585834,0,1,-1.1551787736073555,0,0,1,1,0,0,0,-1.5691562965586419,0.0842724226822774
0,0,0,-0.2594354906780068,1,0,0.2738905155776072,0,1,0,1,0,0,3,-0.03416901464869268,-0.44703425645827777
0,0,0,0.9621754209229036,1,0,-0.1581536881294745,0,0,1,0,1,0,1,0.5029877208417218,0.7886703629665075
0,0,0,0.6771328748826912,1,1,-1.4875204687666492,0,0,1,1,0,0,1,-0.600454345466575,1.504508310267891
0,0,0,-1.1960038562387048,1,1,0.174188007029819,0,0,1,1,0,0,3,-0.7452970219647638,-0.9423973870611623
1,1,0,-1.2774445836787656,1,1,0.3071246850935365,1,0,1,1,0,0,3,-0.656046217302937,-1.1632638949931393
0,1,0,1.5322605130033284,1,1,-1.4875204687666492,0,0,1,1,0,0,1,0.05467149979666193,2.011788807579476
0,0,0,-0.3815965818380978,1,1,-0.291090366193192,0,0,1,1,0,0,3,-0.5007072608415594,-0.05481238347970111
0,0,0,1.3286586944031769,1,0,-0.1581536881294745,0,1,0,0,1,0,1,0.749518442233789,0.9633267609028213
1,1,0,1.4915401492832985,1,0,1.437086448635135,1,0,1,1,0,0,2,2.0834775616908243,-0.013249619482937264
0,0,0,-1.2774445836787656,1,0,-0.3243245357091214,1,0,1,1,0,0,0,-1.1616098709666998,-0.6666217178509176
1,0,0,-0.3408762181180675,1,0,0.8388713973484064,1,1,0,1,0,0,3,0.30681292101687563,-0.8741859538873651
0,0,0,-0.3001558543980371,1,1,1.0050422449280532,0,0,1,0,1,0,3,0.4429795595148609,-0.8810067089967304
0,0,0,-0.62591876415828,1,1,-1.4875204687666492,0,1,0,1,0,0,0,-1.5288374274245322,0.5133630591167906
1,0,0,-0.0151133083578247,1,1,0.174188007029819,0,0,1,1,0,0,3,0.085094253453027,-0.100852041789038
1,0,1,1.4508197855632678,1,1,-1.4875204687666492,0,0,1,1,0,0,1,-0.051385619818459516,2.2202353846350715
0,0,1,1.5322605130033284,1,1,-1.4875204687666492,0,0,1,1,0,0,1,0.006572565833280211,2.260149822819284
1,0,1,0.880734693482843,1,0,1.3373839400873468,0,0,1,0,1,0,2,1.5062892958936742,-0.11776028437506358
0,0,0,-0.7073594915983407,1,1,-1.5207546382825785,1,0,1,0,0,1,0,-1.6132900789659004,0.5470090710633518
1,0,1,1.5729808767233588,1,1,0.0744854984820309,0,0,1,0,1,0,2,1.1086941624447433,1.2402459472129737
1,0,0,1.5322605130033284,1,0,-1.4875204687666492,0,1,0,0,0,1,1,-0.03273562546757314,2.014777431244728
0,1,0,0.8400143297628127,1,1,1.0382764144439829,0,0,1,0,0,1,2,1.3359592270819831,-0.21628625780842908
0,0,0,-1.2367242199587352,1,0,0.5065297021891128,0,1,0,0,0,1,3,-0.572703878188791,-1.3024209284999162
0,1,0,1.0843365120829946,1,0,0.4732955326731833,0,1,0,0,0,1,2,1.0905865333243816,0.25126894739206623
0,0,0,-0.4223169455581282,1,0,0.6394663802528302,0,0,1,1,0,0,3,0.12072016065774503,-0.7300850069727954
0,0,1,-0.4223169455581282,1,1,0.3735930241253952,0,0,1,0,1,0,3,-0.08362220389546034,-0.3749910900980022
0,0,0,1.002895784642934,0,1,-0.4904953832887682,0,0,1,1,0,0,1,0.2803113247621011,1.123291990238893
0,0,0,-1.2774445836787656,1,1,0.2074221765457484,1,0,1,1,0,0,3,-0.7791428244610209,-1.0220444224958998
0,0,1,-0.9109613101984924,1,1,1.2376814315395588,1,0,1,1,0,0,3,0.2114859208573328,-1.3137516802659808
0,1,0,0.9214550572028734,1,0,-0.4240270442569095,0,1,0,0,1,0,1,0.3285582987487621,0.7713767732262453
0,0,1,0.4328106925625091,1,0,-1.3545837907029317,0,0,1,0,1,0,1,-0.7091185061664012,1.3975813754790336
0,1,0,-0.5851984004382496,0,0,-0.556963722320627,1,1,0,0,0,1,0,-0.8643040971717021,-0.13372411340936327
0,0,1,-1.2367242199587352,1,1,0.5397638717050421,0,0,1,0,0,1,3,-0.5256238419095416,-1.0763888226592802
0,0,1,0.7992939660427822,1,1,-1.3213496211870024,0,1,0,1,0,0,1,-0.4032851071327774,1.5531898720090813
1,0,0,1.125056875803025,1,0,-0.1249195186135452,0,1,0,1,0,0,1,0.6578996403912455,0.8100259693316492
0,0,0,1.0843365120829946,1,1,0.6062322107369008,0,0,1,1,0,0,2,1.1645351522839424,0.3537944504620798
0,0,0,1.4915401492832985,1,0,1.3041497705714176,0,1,0,1,0,0,2,1.9255367019125216,0.0694972341911689
1,0,0,-0.748079855318371,1,0,1.2044472620236295,1,0,1,0,1,0,3,0.2609218704215145,-1.3225366923914144
0,0,1,0.4328106925625091,0,0,-0.1581536881294745,0,0,1,1,0,0,1,0.11203970653043228,0.6469144577049281
0,0,1,-0.8295205827584317,1,1,-1.5207546382825785,0,0,1,0,1,0,0,-1.7078093058869275,0.6390507958566765
0,0,1,-0.9924020376385532,1,1,-1.4875204687666492,0,0,1,0,1,0,0,-1.7989679768392839,0.5025353872957239
0,0,1,-1.1960038562387048,1,0,0.1409538375138897,0,1,0,1,0,0,3,-0.7818934732223766,-0.8513823034495329
1,0,1,1.0436161483629645,1,1,1.3373839400873468,0,0,1,0,0,1,2,1.641700740701782,-0.01380833558777781
0,0,1,-0.7888002190384014,1,1,-0.0584511795816865,0,0,1,0,0,1,3,-0.6328102526781483,-0.3535968489116998
1,0,0,-0.3815965818380978,1,0,-1.4875204687666492,0,1,0,0,0,1,0,-1.3795880341858937,0.6783706627786683
0,0,0,-0.62591876415828,1,1,0.4732955326731833,0,1,0,0,0,1,3,-0.15933043957967982,-0.8440935754534096
1,0,0,0.7992939660427822,1,1,1.4703206181510644,0,0,1,1,0,0,2,1.5734385104478388,-0.420536140559244
1,0,0,-0.0151133083578247,1,1,0.4732955326731833,1,1,0,0,1,0,3,0.25607903989772207,-0.38180615230827725
0,0,0,0.1477681465222966,0,0,-0.9890079260277088,0,1,0,1,0,0,1,-0.69185096123315,0.7775668336184371
1,1,0,1.4100994218432374,1,0,-1.3213496211870024,0,1,0,0,1,0,1,0.03817941137398921,1.7445648292556342
1,1,1,-0.1372743995179157,1,0,1.3041497705714176,0,0,1,1,0,0,3,0.848593721240301,-0.9009788380470228
0,0,0,1.3286586944031769,1,0,1.536788957182923,0,1,0,1,0,0,2,1.9751804267192155,-0.20369014822091597
1,1,0,0.3513699651224484,1,1,0.6394663802528302,1,0,1,0,1,0,2,0.6960401908839517,-0.24837792416493903
1,0,1,1.125056875803025,1,1,0.0412513289661016,0,1,0,1,0,0,2,0.7874707538494843,0.8636921448065419
0,0,0,0.8400143297628127,1,0,-1.4875204687666492,0,1,0,1,0,0,1,-0.5041997863629668,1.5279578830972964
0,0,0,1.4508197855632678,1,1,-1.3213496211870024,0,0,1,0,0,1,1,0.046303330879766666,1.9173489850569256
1,1,0,-1.2367242199587352,1,0,0.3403588546094659,1,1,0,1,0,0,3,-0.6222938949236353,-1.2478955441615789
1,0,1,1.1657772395230557,0,0,-1.0222420955436382,0,1,0,0,0,1,1,-0.00936059996238453,1.6731621313053855
1,0,1,0.3513699651224484,1,0,-1.4875204687666492,0,0,1,0,1,0,1,-0.8609449556575076,1.448781586528909
1,1,0,1.4915401492832985,1,1,0.3071246850935365,0,1,0,0,0,1,2,1.2661642197582388,0.6754939517991256
1,1,1,0.1070477828022663,1,1,0.3735930241253952,0,0,1,1,0,0,3,0.3704484708812433,-0.0835352817383902
1,0,0,-1.0331224013585834,1,0,-0.4572612137728389,1,1,0,0,1,0,0,-1.1244036538272906,-0.46389416403872197
0,1,0,0.7178532386027215,1,0,-1.3213496211870024,0,1,0,0,0,1,1,-0.4345429365595115,1.2254090329842866
1,0,1,0.1477681465222966,1,1,-0.0252170100657571,0,1,0,0,0,1,3,0.03773229667081103,0.21331343354160143
0,0,0,0.6364125111626608,1,0,1.1712130925077,0,1,0,0,1,0,2,1.2010416987506154,-0.4312009030108898
0,0,0,1.5729808767233588,1,1,0.5729980412209714,0,0,1,0,1,0,2,1.4561036765271909,0.7230884829170079
1,1,0,1.3286586944031769,1,1,1.4703206181510644,0,0,1,1,0,0,2,1.9993128818866808,-0.14072913575252013
0,0,0,-0.3815965818380978,1,0,0.971808075412124,0,1,0,0,0,1,3,0.3576201640380291,-1.024204282993964
0,1,0,1.369379058123207,1,1,-0.0252170100657571,0,0,1,0,1,0,2,0.9437550445839943,0.9010960511411903
0,0,1,-1.1145631287986442,0,0,-1.3213496211870024,0,0,1,1,0,0,0,-1.7982521027299019,0.3636685491051081
1,1,0,1.6137012404433893,1,1,1.6032572962147815,0,0,1,1,0,0,2,2.293776185322393,-0.03280447904485435
0,0,0,-1.2367242199587352,1,0,-1.4875204687666492,0,1,0,1,0,0,0,-1.965677931993485,0.0778143683788059
0,0,0,-0.8295205827584317,1,0,-1.5207546382825785,0,1,0,1,0,0,0,-1.7025806556728327,0.38493489631840444
1,0,1,-1.1960038562387048,1,0,0.9053397363802652,1,0,1,1,0,0,3,-0.23141908668128253,-1.2770863204718819
1,0,0,1.6137012404433893,1,1,0.805637227832477,0,0,1,1,0,0,2,1.6772258758119933,0.6037208368733497
1,1,0,-0.5851984004382496,1,0,-0.1913878576454039,0,1,0,1,0,0,3,-0.5392640026323117,-0.4284899622155039
1,0,0,0.2699292376823877,1,0,-0.3575587052250508,0,1,0,1,0,0,1,-0.10815494011668306,0.37235868766604263
0,1,0,-0.2594354906780068,1,1,0.7059347192846889,0,0,1,1,0,0,3,0.342614747112038,-0.7427071135597146
0,0,0,1.6137012404433893,1,0,0.0080171594501722,0,1,0,0,0,1,2,1.0812405283770405,1.02965206554545
1,0,0,-1.1960038562387048,1,0,-1.3545837907029317,0,1,0,0,1,0,0,-1.8726401716552123,0.03739297203894201
1,0,0,-1.2774445836787656,1,1,-0.1581536881294745,1,0,1,0,0,1,3,-1.0529757710007248,-0.768040760527556
0,0,1,0.0663274190822359,1,1,0.7391688888006183,1,1,0,0,0,1,3,0.5208072624867109,-0.3844181076226228
0,0,0,-0.8702409464784621,1,1,0.3735930241253952,0,0,1,0,0,1,3,-0.3902930561671238,-0.865111426774834
1,0,0,1.369379058123207,1,1,-1.4875204687666492,0,1,0,0,1,0,1,-0.15415908797925645,1.9288972670401825
0,0,0,-1.2367242199587352,1,1,0.5397638717050421,1,1,0,0,0,1,3,-0.542242821080737,-1.3161636985170682
0,0,0,-0.9924020376385532,1,0,0.0412513289661016,0,0,1,1,0,0,3,-0.702877105812096,-0.7181476973029063
0,0,0,0.0256070553622056,1,0,0.174188007029819,0,1,0,1,0,0,3,0.09602482706812791,-0.17965896359095807
0,0,0,1.6137012404433893,1,1,-1.288115451671073,0,1,0,1,0,0,1,0.18806885087723335,1.9405713462365797
0,0,0,1.0436161483629645,1,0,-0.1581536881294745,0,1,0,0,0,1,1,0.5627151193851413,0.7454667652045528
1,0,1,-0.0965540357978854,1,1,0.6394663802528302,0,1,0,1,0,0,3,0.35018491428515247,-0.39934937364008416
1,0,0,-1.1145631287986442,0,1,-1.3213496211870024,1,0,1,0,1,0,0,-1.8259868418216514,0.23643991300146205
0,1,1,0.5549717837226001,1,0,1.5035547876669937,0,1,0,0,0,1,2,1.4507737256256492,-0.6659904147663833
1,0,0,-1.1552834925186746,1,0,0.174188007029819,0,0,1,1,0,0,3,-0.7242798960805679,-0.9060451578474226
0,0,0,0.3106496014024181,1,0,0.0080171594501722,0,1,0,0,1,0,3,0.15044291633176277,0.13857878528251985
1,0,0,1.6137012404433893,1,1,0.6394663802528302,0,0,1,0,1,0,2,1.5310489254792827,0.7229192798050741
1,0,1,0.6771328748826912,1,1,1.1712130925077,1,0,1,0,0,1,2,1.2664575028501293,-0.15582270311313653
0,0,0,-1.2774445836787656,1,1,-0.3243245357091214,1,0,1,0,1,0,0,-1.1834575003519898,-0.6522806941704333
1,0,0,0.7992939660427822,1,1,0.6727005497687596,1,1,0,0,0,1,2,0.9838018369654574,0.031384915346228705
0,0,1,1.6137012404433893,1,0,-1.4875204687666492,0,1,0,0,0,1,1,0.030464352694984945,2.213215464155074
0,1,1,-0.1779947632379461,0,0,-0.8560712479639913,0,1,0,0,1,0,0,-0.7974932727666627,0.5329699974810591
1,0,0,0.0256070553622056,1,1,0.8721055668643357,0,0,1,0,0,1,3,0.5915091690519462,-0.5642853220722938
0,0,1,-0.9109613101984924,1,1,0.3071246850935365,0,0,1,1,0,0,3,-0.44559192601823333,-0.6759491356273643
0,0,0,-0.6666391278783103,1,0,0.9385739058961944,1,1,0,1,0,0,3,0.1486079622676464,-1.1869493682597947
0,0,1,-0.4223169455581282,1,0,0.174188007029819,1,1,0,1,0,0,3,-0.2139541569295969,-0.3339114210590095
0,0,0,1.0436161483629645,1,0,-1.3213496211870024,0,1,0,0,0,1,1,-0.2586321892093164,1.5427199460028238
1,0,0,1.6137012404433893,1,1,1.5035547876669937,0,0,1,0,1,0,2,2.1411926404351656,0.13067405978350138
1,0,0,-0.9109613101984924,1,1,-0.3575587052250508,0,1,0,0,0,1,0,-0.9472474453677073,-0.45671238874011005
0,0,0,-1.1145631287986442,1,1,-1.4875204687666492,0,1,0,1,0,0,0,-1.8727146381611246,0.1721528203594988
0,0,0,-1.2367242199587352,1,0,0.2074221765457484,1,1,0,1,0,0,3,-0.7688575680415609,-1.0838974093558174
0,0,0,-1.2367242199587352,1,1,0.2074221765457484,1,0,1,0,1,0,3,-0.7793280107664742,-0.988305104543678
0,0,0,-1.2367242199587352,1,1,-0.3575587052250508,0,0,1,1,0,0,0,-1.1494265115502798,-0.6063729766879177
0,0,1,0.8400143297628127,1,1,1.3041497705714176,0,0,1,1,0,0,2,1.490646724583139,-0.13663898266939586
1,1,0,-0.3001558543980371,1,0,0.805637227832477,1,1,0,1,0,0,3,0.36534301575928335,-0.9128105255294111
0,0,1,1.2879383306831464,1,1,1.6032572962147815,0,0,1,0,1,0,2,1.9882294741967543,-0.023565759862795403
0,0,0,-1.2367242199587352,1,0,-0.6234320613524857,0,0,1,0,1,0,0,-1.3729986509107275,-0.42787443912199735
1,0,1,-0.6666391278783103,1,0,0.1409538375138897,0,1,0,0,0,1,3,-0.42505504923918047,-0.47829950155453177
0,0,0,0.2699292376823877,1,0,-0.556963722320627,0,1,0,1,0,0,1,-0.24831201868009195,0.4920767265751723
1,0,0,0.1070477828022663,1,0,-1.288115451671073,0,0,1,1,0,0,1,-0.8684813372440695,0.9776757671838839
0,0,0,-0.055833672077855,1,1,0.3735930241253952,0,0,1,1,0,0,3,0.19788553217966848,-0.28291213714528024
0,0,0,-1.1145631287986442,1,1,-0.3575587052250508,1,0,1,0,1,0,0,-1.092298829399634,-0.5157652856094805
1,1,0,1.6137012404433893,1,1,1.5700231266988525,0,0,1,0,0,1,2,2.255259215576746,-0.023541375103733254
1,0,0,-1.2367242199587352,1,1,0.8721055668643357,0,0,1,1,0,0,3,-0.2817903882317796,-1.43222954716123
0,0,0,1.1657772395230557,1,1,0.8388713973484064,0,0,1,1,0,0,2,1.386117482458933,0.2512121874286412
0,0,0,-0.055833672077855,1,1,0.0080171594501722,1,1,0,1,0,0,3,-0.07162938003896671,-0.1135981328831932
1,0,0,-1.2367242199587352,0,1,-0.8228370784480619,1,1,0,0,0,1,0,-1.5575356250208539,-0.2906145522038615
1,0,1,-1.2774445836787656,1,0,-1.45428629925072,0,1,0,0,1,0,0,-1.995112445480018,0.2073841805644256
0,0,1,-1.2774445836787656,1,0,-1.4875204687666492,0,1,0,0,1,0,0,-2.0179341942442184,0.21320890793094516
1,0,0,1.0843365120829946,1,1,-1.4875204687666492,0,0,1,1,0,0,1,-0.3145353203817221,1.80580411084097
0,0,0,-1.2774445836787656,1,0,1.0382764144439829,1,0,1,0,0,1,3,-0.21451007039899672,-1.6140624308677212
0,0,0,-0.9516816739185228,1,1,-0.6566662308684151,1,1,0,0,0,1,0,-1.1864621560386908,-0.29709254946852176
0,0,1,-0.748079855318371,1,1,0.9053397363802652,1,0,1,0,1,0,3,0.0625993776376111,-0.966923179539216
0,0,0,-0.8295205827584317,1,1,0.7391688888006183,0,0,1,1,0,0,3,-0.08844899259501143,-1.0737269672380678
0,0,0,0.5956921474426305,1,1,0.3071246850935365,0,1,0,0,0,1,2,0.5830272574625933,0.12282533298243026
0,0,1,-1.0331224013585834,1,0,-0.5237295528046976,0,1,0,1,0,0,0,-1.136609055507012,-0.2820723110266618
0,0,1,-0.1779947632379461,1,0,0.8388713973484064,0,0,1,1,0,0,3,0.43870295429590955,-0.5376282667191491
0,0,1,1.5322605130033284,1,0,-1.4875204687666492,0,0,1,0,1,0,1,-0.02926304584843463,2.256419061917028
0,0,1,-0.2594354906780068,1,1,-1.4875204687666492,0,1,0,1,0,0,0,-1.2656877268612694,0.9277943329108923
0,0,1,1.1657772395230557,1,1,1.1379789229917707,1,0,1,1,0,0,2,1.6025628686083262,0.20472782137807574
0,0,0,1.5322605130033284,1,0,1.2376814315395588,0,1,0,1,0,0,2,1.9072590042208875,0.14348874537132025
0,0,0,-1.2774445836787656,1,1,-1.4875204687666492,0,1,0,0,1,0,0,-2.0161819956068245,0.06372120549618243
0,1,0,0.188488510242327,1,1,1.071510583959912,1,0,1,1,0,0,2,0.9159732491788394,-0.6804963467592727
1,0,1,1.125056875803025,1,0,0.8721055668643357,1,0,1,1,0,0,2,1.3785305983576899,0.36644097593377656
1,1,1,1.5729808767233588,1,0,1.3373839400873468,1,0,1,1,0,0,2,2.0756310247782164,0.2704783352949767
1,0,0,-0.055833672077855,1,0,1.2044472620236295,0,0,1,1,0,0,3,0.7769228728318566,-0.8444606522076986
1,0,1,-0.748079855318371,1,0,-1.4875204687666492,0,1,0,0,0,1,0,-1.6322541497275198,0.5809865784368321
1,0,1,0.7178532386027215,1,1,1.270915601055488,0,1,0,1,0,0,2,1.3691878520831313,-0.26346022623984944
1,0,1,-1.2774445836787656,1,0,-1.4875204687666492,0,1,0,1,0,0,0,-1.9897378909063572,0.22485771148383332
1,1,0,0.3513699651224484,1,0,1.1712130925077,1,0,1,1,0,0,2,1.0933608756267084,-0.6271775447817757
1,1,0,-0.0965540357978854,1,1,-0.4904953832887682,1,1,0,0,0,1,0,-0.41464629817188653,0.11324857124245541
1,1,1,1.2879383306831464,1,0,-1.3545837907029317,0,1,0,0,1,0,1,-0.06601516475918241,1.840564526600966
1,1,0,-1.0331224013585834,1,0,-0.0252170100657571,0,1,0,0,1,0,3,-0.7659910698751491,-0.8498541945631839
1,0,1,-1.2774445836787656,1,0,0.3403588546094659,0,1,0,1,0,0,3,-0.6990492631150664,-1.027968715484878
1,0,0,0.758573602322752,1,0,0.6394663802528302,0,1,0,1,0,0,2,0.9397342494151589,0.03020905716767381
0,0,1,0.7178532386027215,1,0,0.5065297021891128,0,1,0,1,0,0,2,0.8230966610542022,0.23445917962278454
1,0,1,0.4735310562825394,1,0,-1.4875204687666492,0,1,0,1,0,0,1,-0.7575112191002339,1.4475277336974626
0,0,0,1.3286586944031769,1,1,1.3373839400873468,0,1,0,0,0,1,2,1.826322118322573,-0.07149784044581456
0,1,0,-1.2774445836787656,0,0,-1.288115451671073,1,1,0,0,0,1,0,-1.8677389301650578,-0.11597471419470887
1,0,0,-1.2367242199587352,1,0,-0.6566662308684151,1,0,1,1,0,0,0,-1.3682694135327076,-0.3934469732605871
0,0,0,0.6364125111626608,1,0,1.2376814315395588,0,0,1,1,0,0,2,1.288194637864178,-0.4008120778853929
0,0,0,-1.0738427650786138,1,0,1.5035547876669937,1,1,0,1,0,0,3,0.26098374130446067,-1.8585284931357458
0,0,0,0.1070477828022663,1,0,-0.0916853490976158,0,1,0,1,0,0,3,-0.03439883215450641,0.059438708003433344
0,0,0,-0.4223169455581282,0,0,-0.4904953832887682,0,1,0,0,0,1,0,-0.7560849548140213,0.02429272873969892
1,0,1,1.6137012404433893,0,0,-0.1249195186135452,0,1,0,0,1,0,1,0.9256792407141853,1.3897349909259895
0,1,1,0.9214550572028734,1,1,0.3735930241253952,0,1,0,0,0,1,2,0.9177953821916901,0.37342767508270464
1,0,1,1.4915401492832985,1,1,1.3706181096032763,0,0,1,1,0,0,2,1.9954384869559716,0.2897046126652853
1,1,0,1.6137012404433893,1,1,0.2738905155776072,0,1,0,1,0,0,2,1.3437163602683497,0.7970907321643712
0,1,0,-1.2774445836787656,1,0,0.8721055668643357,1,1,0,1,0,0,3,-0.2748319565985775,-1.6577422626030411
0,0,1,-0.2594354906780068,1,1,1.3373839400873468,0,0,1,0,0,1,3,0.7253401625998428,-0.9406562405492253
1,0,1,-0.3815965818380978,1,1,-1.45428629925072,0,1,0,0,1,0,0,-1.3576769013147194,0.8419721772441641
1,0,0,-1.2367242199587352,1,1,0.3735930241253952,1,0,1,1,0,0,3,-0.6337963776294042,-1.0905496125333998
0,1,0,0.3106496014024181,1,1,1.3041497705714176,0,0,1,1,0,0,2,1.1662120135818788,-0.7546444232296038
0,0,0,-1.2774445836787656,1,0,1.0050422449280532,1,0,1,1,0,0,3,-0.22292723257303376,-1.5777682101917982
0,1,0,-0.2187151269579764,1,0,0.3403588546094659,1,1,0,0,0,1,3,0.07971237418743522,-0.5675103733932906
0,0,1,-0.9516816739185228,1,0,0.0080171594501722,1,1,0,1,0,0,3,-0.7038231316934469,-0.5896625348367989
0,1,0,0.7178532386027215,1,1,0.7724030583165477,1,0,1,0,1,0,2,1.0484616799714037,-0.10053882927306074
1,0,1,0.5549717837226001,1,0,-1.4875204687666492,0,0,1,1,0,0,1,-0.688821163983758,1.585647387955333
0,0,0,-0.7073594915983407,1,0,-1.3213496211870024,0,1,0,1,0,0,0,-1.475808957229635,0.3335654821565952
0,0,0,-0.3815965818380978,1,1,0.4732955326731833,0,1,0,0,1,0,3,-0.001183550959081306,-0.6546677663182486
0,0,0,-1.2367242199587352,1,0,-0.1913878576454039,0,1,0,1,0,0,3,-1.0504623595596607,-0.8105534616535531
1,0,0,-0.5851984004382496,1,0,0.8721055668643357,1,1,0,0,1,0,3,0.12949976107491828,-1.0622646041854187
0,1,0,1.5322605130033284,1,1,0.3735930241253952,0,0,1,1,0,0,2,1.368827193547794,0.7361837183022425
0,0,1,-0.9516816739185228,1,0,-0.5237295528046976,0,1,0,1,0,0,0,-1.0792961870509132,-0.22520393790044652
1,0,1,-0.0965540357978854,1,1,0.1077196679979603,0,1,0,0,1,0,3,-0.05412976160581649,-0.029585645314617527
1,0,1,-0.7073594915983407,1,0,0.3403588546094659,0,1,0,0,1,0,3,-0.32670080445587785,-0.6245849722122566
1,1,0,0.2699292376823877,1,1,0.8721055668643357,0,0,1,1,0,0,2,0.8318384046802472,-0.47000206483992263
0,0,0,-0.8295205827584317,1,0,-0.5237295528046976,0,1,0,0,1,0,0,-1.0274102974110861,-0.2931198415481421
1,0,0,-0.5444780367182193,1,0,0.8388713973484064,0,1,0,1,0,0,3,0.1635307498766287,-1.0163568867029034
1,1,0,-0.3408762181180675,1,1,-0.3243245357091214,0,1,0,0,0,1,3,-0.46924957374097453,-0.17124985967880063
0,0,0,1.4100994218432374,1,0,1.270915601055488,1,1,0,1,0,0,2,1.8447567674965808,0.0354075233734754
1,0,0,1.4915401492832985,0,0,-0.1581536881294745,0,0,1,0,1,0,1,0.8223782662197545,1.2499387799507113
0,0,1,0.9214550572028734,1,1,0.6727005497687596,0,1,0,0,0,1,2,1.075658249356065,0.25825713481968204
1,0,0,0.7992939660427822,1,1,-0.0584511795816865,0,1,0,0,0,1,1,0.46752638584894113,0.5325154861337132
0,0,0,-0.62591876415828,1,1,0.971808075412124,1,0,1,1,0,0,3,0.2191026402641269,-1.091006670582184
0,0,1,-0.5444780367182193,1,1,-0.5237295528046976,0,0,1,1,0,0,0,-0.7743606669618301,0.1494251011536552
1,0,0,0.2699292376823877,1,0,0.3403588546094659,1,1,0,1,0,0,3,0.3846534450399915,-0.10599322081291987
1,0,0,0.3106496014024181,1,0,-0.0916853490976158,0,1,0,1,0,0,1,0.10823802179009955,0.21856357576097413
1,0,0,-0.2594354906780068,1,0,-1.45428629925072,0,0,1,1,0,0,0,-1.2437245750957222,0.8356613996585253
0,0,0,-1.2774445836787656,1,0,-1.4875204687666492,0,1,0,0,0,1,0,-2.009384270007339,0.03586462344829746
1,1,0,-0.5851984004382496,1,1,0.4732955326731833,1,0,1,0,1,0,3,-0.08039312616039208,-0.7884709035738049
0,1,0,-0.7073594915983407,1,0,0.3403588546094659,1,0,1,1,0,0,3,-0.23773774610297543,-0.8139537726515266
0,0,0,-1.2367242199587352,1,1,-1.4875204687666492,0,1,0,1,0,0,0,-1.9586839408452728,0.08685026067017593
0,0,0,-1.2774445836787656,1,0,0.4732955326731833,1,1,0,1,0,0,3,-0.6097774745908772,-1.2945608943871012
1,0,0,-0.3815965818380978,1,0,1.0050422449280532,0,0,1,1,0,0,3,0.4068690032484116,-0.9352621708614276
0,0,1,1.6137012404433893,1,1,0.0744854984820309,0,1,0,0,0,1,2,1.1404104439557545,1.1516542279459088
0,0,0,-1.2367242199587352,1,1,-1.4875204687666492,0,0,1,1,0,0,0,-1.9473067541848958,0.16810154180183112
1,1,0,1.5322605130033284,1,1,0.805637227832477,0,1,0,0,0,1,2,1.6468266433839125,0.36224820373440264
0,0,1,0.5549717837226001,1,1,-1.4875204687666492,0,0,1,1,0,0,1,-0.6811818556399047,1.5777293453047008
0,0,0,0.1477681465222966,1,0,-1.4875204687666492,0,1,0,0,0,1,1,-1.0064090720256111,1.0310611531570655
0,0,0,1.6137012404433893,1,1,1.5035547876669937,0,0,1,1,0,0,2,2.170679578164309,0.1084149934523847
0,0,1,-1.0738427650786138,1,0,-0.5237295528046976,0,1,0,1,0,0,0,-1.1652654897350614,-0.3105064975897695
0,0,1,-1.1552834925186746,1,1,-1.4875204687666492,0,0,1,1,0,0,0,-1.8847520932179787,0.38349350965417905
0,0,0,-1.2774445836787656,1,0,0.6727005497687596,1,1,0,0,1,0,3,-0.4978166993653299,-1.4259277368491192
0,0,0,-1.2774445836787656,1,0,0.6062322107369008,0,1,0,0,0,1,3,-0.5309591145373155,-1.3991911019885899
0,0,0,-0.7888002190384014,1,1,1.1712130925077,1,0,1,1,0,0,3,0.24527929911097918,-1.3414153906857464
0,0,0,1.2879383306831464,0,0,-0.556963722320627,1,1,0,1,0,0,1,0.41560105463017405,1.2776014473746653
1,0,1,-0.9924020376385532,0,1,-0.6566662308684151,0,0,1,1,0,0,0,-1.2365928068963494,0.019387689857363034
1,0,0,-1.2774445836787656,1,1,0.3403588546094659,1,1,0,0,0,1,3,-0.7123469682634772,-1.1909719762870414
0,0,0,-1.1552834925186746,1,0,1.2044472620236295,0,0,1,1,0,0,3,0.0038444658701642515,-1.6291376243536078
1,0,1,-1.2774445836787656,1,1,-0.4904953832887682,0,0,1,1,0,0,0,-1.2673547343025182,-0.36821498434880223
1,0,1,1.2064976032430856,1,1,-1.3545837907029317,0,1,0,0,0,1,1,-0.15588305179357098,1.8637487765232816
0,1,0,0.0663274190822359,1,1,1.0382764144439829,0,0,1,1,0,0,3,0.8065368805348497,-0.7430202441400738
1,0,1,-1.2774445836787656,1,0,-0.6899004003843444,1,1,0,1,0,0,0,-1.4265283078701576,-0.3218301839206953
1,0,0,-0.3408762181180675,1,0,1.2044472620236295,1,0,1,1,0,0,3,0.576327833235511,-1.0434999581494522
1,0,1,1.6137012404433893,1,1,1.3373839400873468,0,0,1,0,0,1,2,2.0428908198944726,0.38427027629572935
0,0,0,-1.2774445836787656,1,1,-1.4875204687666492,0,0,1,1,0,0,0,-1.9759631884129452,0.13966735523872342
0,1,0,1.247217966963116,1,0,1.3041497705714176,0,1,0,1,0,0,2,1.8069388230184251,-0.190945305701153
0,0,1,1.369379058123207,1,1,1.4703206181510644,0,0,1,0,1,0,2,1.9516740788134865,0.12441726249750765
1,0,0,1.1657772395230557,1,0,0.5065297021891128,0,0,1,0,0,1,2,1.1287576107308583,0.4734012947970931
1,0,0,1.4100994218432374,1,1,-1.4875204687666492,0,0,1,1,0,0,1,-0.08528384655732718,2.033277603345831
0,0,0,-0.8295205827584317,1,1,1.0382764144439829,1,1,0,0,0,1,3,0.09632751059738172,-1.3735017675138221
1,0,1,-0.5444780367182193,0,1,-0.9890079260277088,0,1,0,0,0,1,0,-1.1824697804324047,0.46518352563771165
1,0,0,1.4100994218432374,1,0,-1.4875204687666492,0,0,1,1,0,0,1,-0.09227783770553938,2.024241711054461
0,0,0,-0.7888002190384014,1,1,0.5065297021891128,0,0,1,1,0,0,3,-0.22406202008585363,-0.8858421445153063
0,0,0,-1.2774445836787656,1,1,-0.6566662308684151,0,1,0,0,0,1,0,-1.4157136298630857,-0.5245660419733831
0,0,1,-1.1960038562387048,1,0,0.6727005497687596,1,1,0,1,0,0,3,-0.40642041786491023,-1.2158409003858852
1,0,1,-1.1960038562387048,1,1,-1.4875204687666492,0,0,1,0,0,1,0,-1.9291037484274736,0.3584976996656732
0,0,1,-0.62591876415828,1,1,1.3041497705714176,1,0,1,0,0,1,3,0.44396518858755674,-1.173785257308672
1,0,0,0.7992939660427822,1,0,-0.3575587052250508,0,0,1,1,0,0,1,0.2757558915083359,0.8232543941180973
1,0,1,0.758573602322752,1,0,-1.5207546382825785,0,1,0,0,0,1,1,-0.5954331492495345,1.6558301435803375
0,1,0,-1.1145631287986442,1,0,0.6727005497687596,1,0,1,0,1,0,3,-0.3184730493185554,-1.320777129978709
0,1,1,-0.1372743995179157,0,0,-0.9557737565117794,0,1,0,1,0,0,0,-0.8103964158846356,0.6244350395806187
0,0,1,-1.2774445836787656,1,0,-1.4875204687666492,1,1,0,0,0,1,0,-2.004142477496521,0.19438821817443022
0,0,0,-1.2774445836787656,1,0,-1.4875204687666492,1,1,0,1,0,0,0,-1.9943343662215345,0.0493801818156982
0,0,1,0.3920903288424788,1,0,0.971808075412124,0,1,0,0,0,1,2,0.9073342068817857,-0.32543114356878594
0,0,0,-0.6666391278783103,1,1,0.7724030583165477,1,0,1,1,0,0,3,0.04964381027702759,-0.9827688832941593
1,0,0,-0.8702409464784621,1,0,-0.6566662308684151,0,1,0,0,0,1,0,-1.1367885959264452,-0.23230613369167402
0,1,0,-0.2594354906780068,1,0,0.971808075412124,1,1,0,1,0,0,3,0.5119800969821819,-1.015223585450916
1,0,1,0.880734693482843,1,0,-0.1249195186135452,0,0,1,1,0,0,1,0.5025800141941447,0.8791957258107911
1,0,0,-0.0965540357978854,1,1,0.971808075412124,1,0,1,0,0,1,3,0.575941064247323,-0.7179238686871828
1,1,1,1.369379058123207,1,0,0.4732955326731833,1,1,0,1,0,0,2,1.3108279520217094,0.6393013413693556
0,0,1,1.6137012404433893,1,0,1.4703206181510644,0,0,1,1,0,0,2,2.1454603135670736,0.28068135819566936
1,0,1,-0.8295205827584317,1,0,-1.3545837907029317,0,0,1,1,0,0,0,-1.5692716638980702,0.5277703955755846
0,0,0,-0.5444780367182193,1,1,1.4038522791192056,1,1,0,0,0,1,3,0.555060275751985,-1.4250277469658108
1,0,0,-0.9516816739185228,1,0,0.1409538375138897,0,1,0,0,0,1,3,-0.6308918813463444,-0.8358624022224181
0,0,1,-1.318164947398796,1,0,0.2738905155776072,0,1,0,1,0,0,3,-0.7739945120671582,-1.027799512372944
1,0,0,1.369379058123207,1,1,-1.3213496211870024,0,0,1,1,0,0,1,0.0033950490138315303,1.8909501052401134
1,1,1,-0.9109613101984924,0,0,-0.9890079260277088,0,1,0,0,1,0,0,-1.407822669906559,0.12922322352121196
0,0,1,0.9621754209229036,1,0,-1.3545837907029317,0,0,1,1,0,0,1,-0.3077432406682566,1.761920669410319
0,0,1,1.4100994218432374,1,0,-1.5207546382825785,0,1,0,0,1,0,1,-0.15007660115280147,2.1126438834045724
1,0,1,1.2879383306831464,0,0,-0.1581536881294745,0,1,0,1,0,0,1,0.7018023214634512,1.1797350293405362
0,0,0,1.2879383306831464,1,1,0.5397638717050421,0,0,1,1,0,0,2,1.260883191504506,0.5415227078946622
1,1,0,-0.7888002190384014,1,0,0.174188007029819,0,1,0,1,0,0,3,-0.42440844821430057,-0.8212261804247845
1,0,0,-1.1145631287986442,1,0,1.0382764144439829,1,0,1,1,0,0,3,-0.0854797468966354,-1.4698561913058874
0,0,0,-1.1552834925186746,0,0,-0.9890079260277088,0,0,1,0,1,0,0,-1.6263212904038555,-0.04577072388023833
0,0,1,0.5142514200025698,1,1,-1.4875204687666492,0,0,1,0,0,1,1,-0.724888193653759,1.5357796003741924
1,0,0,-0.5851984004382496,1,0,1.0050422449280532,0,1,0,1,0,0,3,0.2522096454477875,-1.158684384808621
0,0,0,-1.1960038562387048,1,1,-0.2246220271613333,0,0,1,1,0,0,3,-1.0269018134828636,-0.6690534393588982
1,0,0,-1.2774445836787656,1,1,-1.45428629925072,1,0,1,0,1,0,0,-1.9819830601822468,0.13914775926131803
1,0,0,-0.1372743995179157,0,0,-0.6234320613524857,0,1,0,1,0,0,0,-0.6349535924668783,0.3449161772249439
0,0,0,1.4915401492832985,1,0,-1.3213496211870024,0,1,0,0,0,1,1,0.0565885872992269,1.8554959981970083
0,0,0,-0.4630373092781585,1,0,1.1712130925077,0,1,0,1,0,0,3,0.45615959512678483,-1.2042290716039106
0,0,0,-0.5037576729981889,1,0,-0.6899004003843444,0,1,0,1,0,0,0,-0.8866525328523966,0.042941831110215
1,0,1,1.6137012404433893,1,0,1.5035547876669937,0,1,0,1,0,0,2,2.1569048756708966,0.19360534969749468
1,0,0,-1.0331224013585834,0,0,-1.3545837907029317,0,1,0,0,1,0,0,-1.8105122171339834,0.22579977501317422
1,0,0,-1.1145631287986442,1,1,-1.4875204687666492,0,0,1,0,1,0,0,-1.8908243892298913,0.2756631678222707
0,0,0,-1.0738427650786138,1,1,-0.4904953832887682,0,1,0,0,0,1,0,-1.1550961289236306,-0.49628842070045504
1,0,1,-0.7888002190384014,1,1,0.0412513289661016,0,1,0,1,0,0,3,-0.5593816548688366,-0.47271462365951794
0,0,1,-1.2774445836787656,1,1,-1.4875204687666492,0,1,0,0,1,0,0,-2.0109402030960064,0.2222448002223152
0,0,0,-1.1960038562387048,1,1,0.4732955326731833,1,1,0,0,0,1,3,-0.5605205187723709,-1.2421721873369165
1,0,0,-1.0331224013585834,1,0,1.0382764144439829,0,1,0,0,0,1,3,-0.05459396888671848,-1.507754657678728
1,0,0,-1.0738427650786138,1,1,0.6727005497687596,1,1,0,0,1,0,3,-0.3481858542725117,-1.2577669768002084
1,0,0,-1.2774445836787656,1,0,-1.4875204687666492,1,1,0,0,0,1,0,-2.01002958720298,0.05281855839029983
0,0,0,-0.8702409464784621,1,0,-1.4875204687666492,0,1,0,0,0,1,0,-1.7228199277268454,0.32020648907937405
0,0,0,1.247217966963116,1,0,1.1712130925077,1,1,0,1,0,0,2,1.6597298327048584,-0.009993235953389128
0,1,0,-1.1960038562387048,1,0,0.3403588546094659,0,1,0,1,0,0,3,-0.592992143499945,-1.2364152925404734
1,0,0,-1.0738427650786138,1,1,-1.5207546382825785,0,0,1,0,1,0,0,-1.8856350209616832,0.3268760166939003
0,0,1,1.5322605130033284,1,1,0.1409538375138897,0,1,0,1,0,0,2,1.1450816112051436,1.0627440885700499
1,0,0,0.188488510242327,1,0,0.8388713973484064,0,1,0,1,0,0,3,0.6793465659815175,-0.5045415285669657
0,1,0,0.2292088739623573,1,1,-1.4875204687666492,0,0,1,0,1,0,1,-0.8911760160344208,1.1071999689491452
0,1,0,-0.1372743995179157,1,1,-0.1913878576454039,0,0,1,0,0,1,3,-0.22007663490534302,-0.05589622990769772
1,0,0,-0.9516816739185228,1,1,-1.4875204687666492,0,0,1,1,0,0,0,-1.747357031784191,0.38409478268558706
1,1,0,-0.3815965818380978,1,1,-1.45428629925072,0,1,0,0,0,1,0,-1.29578625060364,0.5747904722478406
0,1,0,-0.5037576729981889,1,0,0.8721055668643357,1,1,0,0,0,1,3,0.2545903899485559,-1.1310082762713964
0,0,1,1.5322605130033284,1,0,-1.3545837907029317,0,0,1,1,0,0,1,0.09344683852443465,2.159999281293826
1,0,0,1.5322605130033284,1,1,1.2044472620236295,0,1,0,0,0,1,2,1.8750907084278123,0.178741676545814
0,1,0,-1.1145631287986442,1,0,0.6727005497687596,0,1,0,1,0,0,3,-0.30100861544542984,-1.4073335424994784
1,0,1,1.6137012404433893,1,1,0.5397638717050421,0,0,1,0,0,1,2,1.4796812368582735,0.9309581717002579
0,0,1,1.6137012404433893,0,1,-0.291090366193192,0,0,1,1,0,0,1,0.8562020264527099,1.5716564095605083
1,0,0,-1.1552834925186746,1,0,1.0050422449280532,0,0,1,1,0,0,3,-0.13760324708452673,-1.475511715560473
0,0,0,-1.0331224013585834,1,1,-1.4875204687666492,1,0,1,0,1,0,0,-1.8328662035781513,0.3155776060064836
0,0,1,-0.3815965818380978,1,1,0.5729980412209714,0,0,1,0,0,1,3,0.09962834283933682,-0.5020495671425417
0,0,0,-0.8702409464784621,1,1,0.0080171594501722,0,1,0,0,0,1,3,-0.659807968385759,-0.695797422512747
1,0,1,-0.3815965818380978,1,0,-1.4875204687666492,0,1,0,0,1,0,0,-1.3881379584227733,0.855714947261316
0,0,0,-0.8295205827584317,1,0,-0.3575587052250508,0,1,0,1,0,0,0,-0.8812333470783751,-0.4123182844798664
1,0,1,0.6771328748826912,1,1,0.971808075412124,0,0,1,1,0,0,2,1.1407050108768841,-0.005635170894603775
1,0,0,-0.748079855318371,1,0,0.6727005497687596,1,0,1,1,0,0,3,-0.08570956440244928,-0.9633832268441761
1,0,1,0.9621754209229036,0,0,-0.9557737565117794,0,0,1,0,1,0,1,-0.10812316927026902,1.5855058447609731
0,0,0,-1.1960038562387048,1,1,-1.4875204687666492,0,0,1,1,0,0,0,-1.918650319956846,0.19653572836493882
0,0,0,1.4915401492832985,1,1,1.5035547876669937,0,0,1,0,0,1,2,2.069660371694356,0.009596875395661293
1,1,0,-1.0738427650786138,1,1,0.5397638717050421,0,0,1,1,0,0,3,-0.3484945844437985,-1.180543598337255
0,0,0,0.6771328748826912,1,0,-1.45428629925072,0,1,0,0,0,1,1,-0.6104083611011275,1.377926916168943
1,0,0,-0.5851984004382496,1,1,1.0050422449280532,1,0,1,0,1,0,3,0.2417392027228743,-1.0630920799964816
1,1,0,-1.2774445836787656,1,0,0.174188007029819,1,1,0,1,0,0,3,-0.7682856589508931,-1.1624364191820764
0,0,0,-1.1960038562387048,0,1,-0.9890079260277088,1,1,0,0,0,1,0,-1.6455692033963718,-0.16524098904014592
1,0,0,-1.2367242199587352,1,0,0.7059347192846889,1,0,1,1,0,0,3,-0.40611970917920015,-1.32737212790999
1,0,0,0.880734693482843,1,1,-1.4875204687666492,0,0,1,1,0,0,1,-0.4578174915219689,1.6636331780254316
1,0,0,-0.3408762181180675,1,1,-0.4572612137728389,0,1,0,1,0,0,0,-0.6014086602687364,0.023217768436363945
0,0,1,0.880734693482843,1,0,-0.1581536881294745,0,0,1,0,1,0,1,0.45091664489644134,0.8903255845664251
1,0,0,-0.7073594915983407,1,0,-1.4875204687666492,0,1,0,1,0,0,0,-1.5937896042244841,0.4644127286412078
0,0,0,0.5142514200025698,1,1,0.5729980412209714,0,0,1,0,1,0,2,0.7110363865979069,-0.01620036772379107
1,0,0,0.5549717837226001,0,1,-0.8893054174799206,0,1,0,0,0,1,1,-0.3435866509063647,1.0060469811899195
0,0,0,-0.8295205827584317,1,0,-0.3575587052250508,0,1,0,0,1,0,0,-0.9100749676118778,-0.4070131530907522
0,0,1,1.5729808767233588,1,1,0.3735930241253952,0,0,1,1,0,0,2,1.3493846938124616,1.0129789201051587
0,0,0,-0.7888002190384014,0,0,-1.0887104345754968,0,0,1,1,0,0,0,-1.4099729596974335,0.2731678107241824
0,1,0,-1.2774445836787656,1,1,0.2738905155776072,1,0,1,1,0,0,3,-0.6788679660671376,-1.1574391676266196
0,0,1,1.0436161483629645,1,0,0.9053397363802652,0,1,0,0,1,0,2,1.3051113058631945,0.19389385581449575
0,0,0,-1.0331224013585834,1,0,0.3403588546094659,1,1,0,1,0,0,3,-0.5317071330619475,-1.032841125774367
1,0,1,0.6364125111626608,1,0,-1.3545837907029317,0,1,0,1,0,0,1,-0.5490172183486698,1.4701498307158052
1,0,0,1.5729808767233588,1,0,1.1047447534758412,0,1,0,0,0,1,2,1.8263519536281245,0.26647595774311783
1,0,1,-0.9516816739185228,1,1,-1.4875204687666492,0,0,1,0,1,0,0,-1.7709568598068754,0.5479235088008341
0,0,1,-0.5851984004382496,1,1,-0.291090366193192,0,0,1,0,0,1,0,-0.6537975432567928,-0.05197527993650735
1,0,0,-1.2774445836787656,1,0,-1.4875204687666492,0,1,0,0,1,0,0,-2.023821303950678,0.07163924814681477
0,1,0,1.4100994218432374,1,0,-1.4875204687666492,0,1,0,1,0,0,1,-0.04966898069607553,1.8361990744671277
1,0,0,-1.2774445836787656,1,0,0.6727005497687596,0,0,1,1,0,0,3,-0.4582432093670912,-1.3330276521645756
0,0,0,0.9621754209229036,1,0,1.1047447534758412,0,1,0,0,1,0,2,1.383359040655327,-0.1581700858889844
1,0,0,0.880734693482843,0,0,-0.6234320613524857,0,1,0,0,0,1,1,0.06640735944855121,1.0422552829352345
0,0,1,-0.748079855318371,1,0,-1.4875204687666492,0,1,0,0,1,0,0,-1.6454005492795767,0.5828533332513447
0,1,0,-0.748079855318371,0,1,-0.6234320613524857,0,1,0,0,0,1,0,-1.0188699748553707,-0.1928676427533798
1,0,0,0.880734693482843,1,1,0.174188007029819,0,1,0,0,0,1,2,0.6891087160239314,0.42993322310027443
1,0,0,1.6137012404433893,1,1,0.1077196679979603,0,0,1,0,0,1,2,1.169367586869514,1.0685571869849115
1,0,0,-0.62591876415828,1,1,-0.291090366193192,0,1,0,0,0,1,0,-0.6997182738516786,-0.3032304074154006
0,0,1,-1.2774445836787656,1,1,-1.4875204687666492,0,1,0,1,0,0,0,-1.982098582562504,0.21693966883320098
0,0,0,-0.0965540357978854,1,0,0.6727005497687596,1,1,0,1,0,0,3,0.36206151378160456,-0.6066414579081115
0,0,1,0.7178532386027215,1,0,-1.4875204687666492,0,1,0,0,0,1,1,-0.5999772003221014,1.5876633597667054
1,0,1,-1.1960038562387048,1,1,-1.4875204687666492,0,0,1,0,1,0,0,-1.9428954651751713,0.37731838942218815
1,0,0,-0.8295205827584317,1,1,0.3071246850935365,0,1,0,0,0,1,3,-0.42059325771477574,-0.8554172617843351
0,0,0,-0.7888002190384014,1,0,0.5397638717050421,1,1,0,1,0,0,3,-0.21896613193460135,-0.9989079802468536
0,1,0,-0.3001558543980371,1,1,0.1409538375138897,0,0,1,0,1,0,3,-0.1138234289668219,-0.3785989094888336
0,0,0,-1.2367242199587352,1,0,0.8388713973484064,1,1,0,0,0,1,3,-0.33803321859037444,-1.5302075515851365
0,0,0,0.1477681465222966,1,0,0.2074221765457484,0,1,0,0,1,0,3,0.17661957517861504,-0.11182993482104298
1,0,0,-1.1960038562387048,1,1,-0.4904953832887682,0,0,1,0,0,1,0,-1.2303335621430425,-0.4833857643161202
1,0,0,1.369379058123207,1,0,-0.0252170100657571,0,0,1,1,0,0,2,0.9116166302994436,0.9935463829163843
1,0,0,-0.7073594915983407,1,0,1.2044472620236295,1,0,1,1,0,0,3,0.31841992518306644,-1.299407637217421
0,0,1,1.1657772395230557,1,1,0.3071246850935365,0,0,1,1,0,0,2,1.015886219612285,0.7741943790911264
1,0,0,1.5322605130033284,1,0,1.6697256352466403,0,0,1,1,0,0,2,2.2230627311635653,-0.05442864856580824
0,1,0,0.1070477828022663,0,0,-0.8228370784480619,0,1,0,0,0,1,1,-0.5648812429735959,0.531886356631643
0,0,0,-1.2774445836787656,1,0,-0.5237295528046976,1,1,0,1,0,0,0,-1.3137894533861265,-0.6112010251314406
0,0,1,0.6364125111626608,1,1,-1.45428629925072,0,0,1,0,1,0,1,-0.629243541757467,1.6171241875115083
1,0,0,1.5322605130033284,0,1,-0.8228370784480619,0,1,0,0,0,1,1,0.39110190248650356,1.642910134087459
0,0,1,-0.8295205827584317,1,1,1.3373839400873468,0,0,1,0,0,1,3,0.3241500834071516,-1.3387348524327323
1,0,0,1.1657772395230557,1,0,1.6364914657307112,0,0,1,0,1,0,2,1.9128461366177767,-0.28225253393614086
0,0,0,0.2292088739623573,1,0,0.6394663802528302,1,1,0,0,0,1,3,0.552796017860353,-0.3699048614621289
1,0,0,-1.2774445836787656,1,0,0.2074221765457484,1,1,0,1,0,0,3,-0.7981593194652513,-1.0953776609769226
0,0,1,0.9621754209229036,1,1,0.0080171594501722,0,0,1,0,0,1,2,0.6463505510476584,0.8235158486848854
0,0,0,-1.1145631287986442,1,0,0.6727005497687596,1,1,0,1,0,0,3,-0.35434934191962986,-1.3174961219858028
1,0,0,-0.8702409464784621,1,0,-0.6234320613524857,0,0,1,1,0,0,0,-1.0868944395204216,-0.1603179565011402
0,0,1,1.0843365120829946,1,0,1.3706181096032763,0,1,0,0,1,0,2,1.6623066635290267,-0.09657322994170509
0,0,0,-1.2774445836787656,1,1,-0.6566662308684151,0,1,0,0,1,0,0,-1.4295053466107834,-0.5057453522168681
1,1,0,1.6137012404433893,1,1,1.3041497705714176,1,1,0,1,0,0,2,2.071195405023441,0.09095220060018847
1,0,1,-0.4223169455581282,1,0,-1.4875204687666492,0,0,1,1,0,0,0,-1.376575585456943,0.9032269104407492
1,0,1,-0.62591876415828,1,0,-0.6566662308684151,0,1,0,0,1,0,0,-0.9733999147950285,0.11564327016961942
1,0,0,0.7178532386027215,0,0,-0.6899004003843444,0,0,1,1,0,0,1,-0.0687254189371477,1.0688427007989039
1,0,0,-0.9924020376385532,1,1,0.0744854984820309,0,0,1,0,1,0,3,-0.7019029864331856,-0.7096314009889415
1,0,1,0.9621754209229036,1,0,-0.1581536881294745,0,1,0,0,1,0,1,0.49620700949652197,0.8828966115029876
0,0,1,-1.1960038562387048,1,0,0.5065297021891128,1,1,0,1,0,0,3,-0.5237557476641185,-1.101947588843275
1,0,1,0.3106496014024181,1,0,-1.4875204687666492,0,0,1,1,0,0,1,-0.8607597693520542,1.4150422685766872
1,1,0,1.4100994218432374,1,1,1.2044472620236295,0,0,1,0,1,0,2,1.8400476021305434,0.10367366723098553
0,0,0,-1.1552834925186746,1,0,0.9053397363802652,1,0,1,0,1,0,3,-0.23620074830191318,-1.4188245321877953
0,0,0,1.4100994218432374,1,1,-1.45428629925072,0,0,1,1,0,0,1,-0.06117146340184472,1.9935450060953068
0,0,1,-1.1552834925186746,1,1,-0.4904953832887682,0,0,1,1,0,0,0,-1.1807401144227294,-0.2998663596014817
0,0,1,1.1657772395230557,1,1,-1.3545837907029317,0,0,1,1,0,0,1,-0.15746707837979715,1.9131274945172276
0,0,0,1.4915401492832985,1,1,-1.288115451671073,0,0,1,1,0,0,1,0.11347673485346259,1.9365200676789123
0,0,0,0.6771328748826912,1,0,-1.4875204687666492,0,1,0,1,0,0,1,-0.6188255232751643,1.4142211368448656
1,0,0,0.6771328748826912,1,1,0.6727005497687596,0,0,1,0,1,0,2,0.8954180041939886,0.04615432654507586
0,0,0,0.1070477828022663,1,1,1.6032572962147815,0,0,1,1,0,0,2,1.1807927096060065,-1.0119858963081643
1,0,1,1.4915401492832985,1,1,-1.3545837907029317,0,0,1,0,0,1,1,0.056089174463151856,2.1440393635966903
0,0,0,1.125056875803025,1,1,-0.1581536881294745,0,0,1,0,0,1,1,0.6383991656498295,0.8926223117537931
0,0,1,-1.2774445836787656,0,0,-0.8228370784480619,1,0,1,1,0,0,0,-1.5608718502444747,-0.09174813177515287
0,0,1,-0.62591876415828,1,1,-0.291090366193192,1,0,1,1,0,0,0,-0.6674040736990374,-0.06689390813221432
0,0,0,-1.2774445836787656,1,0,-0.6566662308684151,0,1,0,1,0,0,0,-1.4076577172254932,-0.5200863758973524
1,0,1,-1.1145631287986442,1,1,-1.45428629925072,0,0,1,1,0,0,0,-1.8332739102257285,0.4061029688507673
0,0,0,-0.7888002190384014,1,0,-1.4875204687666492,0,0,1,1,0,0,0,-1.639079968824565,0.47184170170464523
1,0,0,-1.1552834925186746,1,0,0.3071246850935365,1,0,1,0,1,0,3,-0.6592532527747039,-0.9918546756923964
1,0,1,0.8400143297628127,1,0,0.4732955326731833,0,1,0,0,0,1,2,0.8699036767970629,0.3459787781952313
0,0,1,1.6137012404433893,0,1,-0.0252170100657571,0,0,1,1,0,0,1,1.043938554131443,1.3894271110923322
1,0,0,-0.3408762181180675,1,0,-1.45428629925072,0,1,0,1,0,0,0,-1.3124146302121982,0.6975417454006546
0,0,0,-0.5444780367182193,1,0,-1.3213496211870024,0,1,0,0,1,0,0,-1.39002484085094,0.45260735979814
0,0,0,-1.1145631287986442,1,1,0.3735930241253952,0,0,1,0,0,1,3,-0.5622316615354201,-1.0357165461534799
1,1,1,1.5729808767233588,1,0,0.7391688888006183,0,0,1,1,0,0,2,1.6532238375010666,0.6804942568483731
0,0,0,0.3920903288424788,1,1,-0.1581536881294745,0,0,1,0,1,0,1,0.1087916327972427,0.3996276433743704
1,0,0,-0.748079855318371,1,0,-0.291090366193192,0,1,0,0,1,0,0,-0.8064732844317368,-0.37874816963957847
1,0,0,-1.2774445836787656,1,1,-0.4572612137728389,0,1,0,0,0,1,0,-1.2755565512996767,-0.6442840808825129
0,1,0,-1.2367242199587352,1,1,0.2074221765457484,1,0,1,1,0,0,3,-0.6971456637587715,-1.0834476564464677
0,1,1,1.6137012404433893,1,0,0.9053397363802652,1,0,1,1,0,0,2,1.799860918723965,0.5780811969268681
0,0,1,-0.7888002190384014,1,0,0.7724030583165477,1,1,0,0,0,1,3,-0.0645047814906965,-1.0133505800477756
0,0,0,-0.5851984004382496,1,1,0.4400613631572539,0,0,1,1,0,0,3,-0.1277139808652902,-0.6981138870827238
0,0,0,0.5142514200025698,1,0,1.071510583959912,0,0,1,0,1,0,2,1.0560483848473194,-0.3669161946429915
0,1,0,0.9214550572028734,1,1,1.1712130925077,0,1,0,0,1,0,2,1.4619714559693735,-0.3129631252914418
1,0,1,-1.2774445836787656,1,0,-0.4904953832887682,0,1,0,1,0,0,0,-1.2857259121111078,-0.45850215777182746
1,0,0,-1.2774445836787656,1,1,-1.45428629925072,0,0,1,1,0,0,0,-1.9531414396487443,0.13384262787220383
1,0,0,1.3286586944031769,1,1,-1.3213496211870024,0,1,0,0,1,0,1,-0.06548019240809719,1.7865697689344646
0,0,0,0.5549717837226001,1,0,0.1409538375138897,0,0,1,1,0,0,2,0.4564685927333053,0.2940154051696186
0,0,1,-0.4630373092781585,1,0,-1.45428629925072,0,1,0,1,0,0,0,-1.392496823189887,0.753808845495462
1,1,0,-0.3408762181180675,1,1,1.2044472620236295,1,0,1,1,0,0,3,0.6366625508579231,-1.1243014863717578
0,0,1,0.0663274190822359,0,0,-0.1249195186135452,0,0,1,1,0,0,1,-0.12240113556217053,0.36822811632843716
0,0,0,-0.7888002190384014,1,1,0.3403588546094659,0,0,1,0,0,1,3,-0.3564472536708667,-0.7854643913400968
0,0,1,0.6364125111626608,1,0,0.174188007029819,0,0,1,0,1,0,2,0.5136486991265613,0.49193384210255897
0,0,0,0.9621754209229036,1,0,1.4038522791192056,0,0,1,1,0,0,2,1.6347814414877815,-0.2872318969231417
0,0,1,0.3920903288424788,1,0,1.1712130925077,0,0,1,0,0,1,2,1.059513789301212,-0.38085183628826275
0,0,0,-1.1552834925186746,1,0,-0.3243245357091214,0,1,0,0,0,1,0,-1.1020676587287335,-0.6760859976606506
0,0,0,1.3286586944031769,1,1,-0.3243245357091214,0,0,1,1,0,0,1,0.6793959107766728,1.1622021144793426
1,0,0,-1.1960038562387048,0,0,-1.3213496211870024,0,1,0,0,1,0,0,-1.9016708880863393,0.08928436645222154
0,0,1,1.5322605130033284,1,1,0.5397638717050421,0,0,1,1,0,0,2,1.4380635893836204,0.8706514219994407
1,1,0,-1.2774445836787656,1,0,0.805637227832477,1,1,0,0,0,1,3,-0.33746130949970654,-1.6087465614113956
1,0,0,1.369379058123207,1,1,-0.3243245357091214,0,0,1,1,0,0,1,0.7074070278090809,1.2075902359844526
1,0,0,-0.5444780367182193,1,1,-0.3243245357091214,1,0,1,0,1,0,0,-0.6682870014427422,-0.12351140109249303
1,0,0,1.5322605130033284,1,0,-1.3545837907029317,0,1,0,1,0,0,1,0.07618254215759833,1.9371783403780407
1,0,0,0.3513699651224484,1,0,1.1712130925077,0,1,0,0,1,0,2,0.999801341958629,-0.613286274010641
1,0,1,0.5142514200025698,1,0,1.5035547876669937,0,1,0,1,0,0,2,1.3831811515135637,-0.5741176875064121
0,0,0,0.6771328748826912,1,0,-1.4875204687666492,0,0,1,1,0,0,1,-0.6074483366147871,1.4954724179765209
1,1,0,-0.4223169455581282,1,0,0.8388713973484064,1,1,0,0,0,1,3,0.2877908752491721,-1.0344073058946568
0,0,1,0.9621754209229036,1,1,1.1712130925077,0,0,1,1,0,0,2,1.4827477634279205,0.03977822625401529
0,0,0,-0.7073594915983407,1,1,-0.291090366193192,1,0,1,1,0,0,0,-0.7299587346659544,-0.28228587598456234
0,0,1,1.4100994218432374,1,0,1.1712130925077,0,1,0,1,0,0,2,1.7795973621278742,0.2622671050251742
1,0,1,-1.2774445836787656,1,1,-1.4875204687666492,0,0,1,1,0,0,0,-1.971366713097768,0.31514488490685855
1,1,1,0.2292088739623573,1,1,1.2044472620236295,0,0,1,1,0,0,2,1.0430944225614323,-0.567699279762118
0,0,0,0.7992939660427822,1,0,0.3071246850935365,0,1,0,0,0,1,2,0.7193154374546279,0.2559603735065984
0,0,1,0.0663274190822359,1,0,-1.4875204687666492,0,1,0,1,0,0,1,-1.0434302441850867,1.1462319331243835
1,0,1,1.4915401492832985,1,0,-1.4875204687666492,0,0,1,1,0,0,1,-0.02972317673862218,2.2396336789068094
1,0,1,-1.1552834925186746,1,0,1.2376814315395588,1,1,0,1,0,0,3,0.020530820484806103,-1.5576900381256495
0,0,0,1.247217966963116,1,0,-0.1913878576454039,0,1,0,1,0,0,1,0.6975801283513512,0.9239319186960138
1,0,0,-0.3408762181180675,1,1,-1.4875204687666492,0,0,1,1,0,0,0,-1.3175105183634506,0.8106075811322019
1,0,0,1.2064976032430856,1,0,0.8721055668643357,0,1,0,1,0,0,2,1.4192244876425935,0.18353447320220376
0,0,0,0.1477681465222966,1,1,-1.5207546382825785,0,1,0,0,0,1,1,-1.0228821468372404,1.0628757077569573
0,0,0,0.2292088739623573,1,0,0.1077196679979603,0,1,0,1,0,0,3,0.1923728662886915,0.008069293841624199
0,1,0,0.5956921474426305,1,1,0.5065297021891128,1,1,0,1,0,0,2,0.7922202834816481,-0.09016850301497689
1,0,0,0.2292088739623573,1,0,0.4732955326731833,1,0,1,1,0,0,3,0.4612424613116858,-0.14429077547846042
0,0,1,0.3920903288424788,1,0,0.9053397363802652,0,1,0,1,0,0,2,0.875449978747907,-0.2663582605843411
0,0,0,0.3920903288424788,1,0,-1.3213496211870024,0,1,0,0,1,0,1,-0.7309268536058043,1.1065936507496161
0,0,0,-1.1960038562387048,1,0,0.3403588546094659,0,1,0,1,0,0,3,-0.6463328699741449,-1.1465778720267976
1,1,0,-0.9924020376385532,1,1,1.1712130925077,1,1,0,0,0,1,3,0.12826544680310947,-1.651236648572014
1,1,0,-0.9516816739185228,1,0,0.6394663802528302,1,1,0,1,0,0,3,-0.2104952616887149,-1.2538641989965233
0,0,0,1.0436161483629645,1,0,0.1077196679979603,0,0,1,1,0,0,2,0.7768787375100563,0.6580043062354327
1,1,0,-0.4630373092781585,1,0,-0.1581536881294745,1,1,0,1,0,0,3,-0.42982763398832186,-0.365966064834703
0,0,0,-0.9109613101984924,1,0,-1.45428629925072,0,1,0,1,0,0,0,-1.7129593922092485,0.2825091985751452
0,0,0,1.5322605130033284,1,0,1.1379789229917707,0,1,0,0,0,1,2,1.8218079025555578,0.19830917392948555
1,0,0,-0.2594354906780068,1,1,0.3403588546094659,0,0,1,1,0,0,3,0.03049097788393902,-0.3853504727102941
1,1,0,0.1477681465222966,1,0,1.0382764144439829,1,0,1,1,0,0,2,0.8562104406470953,-0.6782338283632262
1,0,0,1.6137012404433893,1,1,0.1077196679979603,0,0,1,1,0,0,2,1.1844174906553186,1.0820727453523122
0,0,0,-0.9516816739185228,1,0,0.3071246850935365,1,1,0,0,0,1,3,-0.5129112343514953,-0.9667096487070307
0,0,0,-0.7073594915983407,1,0,1.1712130925077,0,1,0,1,0,0,3,0.2842209897584885,-1.3748341909825565
0,1,0,1.247217966963116,1,0,0.6062322107369008,0,1,0,0,0,1,2,1.299080534075946,0.2738910444104088
1,0,0,-1.1552834925186746,1,1,-0.0252170100657571,0,0,1,0,0,1,3,-0.8731382044772101,-0.7738528500723211
1,0,0,-0.3001558543980371,1,0,-1.45428629925072,0,0,1,1,0,0,0,-1.2723810093237715,0.8072272130954176
1,0,0,0.5549717837226001,1,1,-1.4875204687666492,0,0,1,1,0,0,1,-0.687068965346364,1.4361596855205705
0,1,0,0.4735310562825394,1,1,1.3041497705714176,0,0,1,0,1,0,2,1.2519961299605735,-0.6356025455880592
1,0,0,-0.8295205827584317,1,0,-1.4875204687666492,0,1,0,0,1,0,0,-1.7086005274421348,0.38441530034099913
1,0,0,-1.2774445836787656,1,0,-0.6566662308684151,0,1,0,1,0,0,0,-1.4083030344211342,-0.50313244095535
1,0,0,-1.2774445836787656,1,0,-0.5237295528046976,1,1,0,0,0,1,0,-1.3294846743675723,-0.6077626485568389
0,1,0,-0.5037576729981889,1,0,-0.0916853490976158,1,1,0,0,1,0,3,-0.4397462396345496,-0.45160637956774297
0,0,1,1.6137012404433893,1,1,1.7694281437944286,0,0,1,1,0,0,2,2.3636578983538605,0.08470928971034127
1,0,0,0.8400143297628127,0,1,-0.1581536881294745,1,1,0,0,0,1,1,0.3732838398064972,0.7039557163441884
1,0,1,0.7992939660427822,1,1,-1.5207546382825785,0,0,1,1,0,0,1,-0.533355633427091,1.788067061933871
1,1,0,-1.2367242199587352,1,0,0.3071246850935365,0,1,0,1,0,0,3,-0.645760960883477,-1.225116881853057
1,0,0,0.7178532386027215,1,0,0.971808075412124,0,1,0,1,0,0,2,1.145748474785526,-0.22601175248065425
1,0,1,-0.62591876415828,1,0,0.1409538375138897,1,1,0,1,0,0,3,-0.3813487112253264,-0.4363497566240234
1,1,0,0.758573602322752,0,0,-1.188412943123285,0,1,0,0,1,0,1,-0.37895305482640274,1.2731732517336252
1,1,0,-0.6666391278783103,1,0,0.4732955326731833,0,0,1,0,0,1,3,-0.1309082690170053,-0.8731958587479053
0,0,0,-0.5851984004382496,1,1,1.0050422449280532,0,1,0,0,0,1,3,0.2447990500058359,-1.1801179858266542
1,0,1,1.5729808767233588,1,1,0.6727005497687596,0,1,0,0,0,1,2,1.5335158798092137,0.7301580547714068
1,0,1,1.4508197855632678,0,1,-0.6566662308684151,0,1,0,0,0,1,1,0.4563661563404312,1.6306720441447666
1,1,0,-1.2774445836787656,1,0,0.3403588546094659,0,1,0,0,0,1,3,-0.6660002329374896,-1.2898452890920873
0,0,1,-0.3001558543980371,1,1,-1.5207546382825785,0,0,1,1,0,0,0,-1.3064340403887835,1.003390089787962
1,1,0,-0.3408762181180675,1,0,0.9385739058961944,1,0,1,1,0,0,3,0.44193203203097764,-0.9511080801949515
1,0,0,-0.748079855318371,0,1,-0.4572612137728389,1,0,1,1,0,0,0,-0.9290935982798214,-0.10520275934125581
1,0,0,0.9214550572028734,1,0,-0.1913878576454039,0,1,0,0,0,1,1,0.45263343354551056,0.6998968027657543
0,0,0,-0.3001558543980371,0,0,-0.1249195186135452,0,1,0,1,0,0,3,-0.39692802278581024,-0.12745443859731959
1,0,1,-0.9109613101984924,1,0,-0.1581536881294745,0,0,1,1,0,0,0,-0.7817701577998695,-0.34912982065742354
1,0,1,1.1657772395230557,1,1,1.3041497705714176,0,0,1,1,0,0,2,1.7192528812118935,0.10778844477746799
1,0,0,-1.0738427650786138,1,0,-0.1913878576454039,0,0,1,1,0,0,3,-0.925104753182727,-0.5986114993274648
1,0,0,-0.7888002190384014,1,0,-1.4875204687666492,0,1,0,0,0,1,0,-1.6661523764663877,0.3940287971475918
0,0,0,-1.2774445836787656,1,1,-0.6566662308684151,0,0,1,0,1,0,0,-1.4181281599504065,-0.4244940710852129
0,0,0,-1.2367242199587352,1,1,0.174188007029819,0,0,1,1,0,0,3,-0.7739534561928132,-0.97083157362427
1,1,0,0.6771328748826912,1,0,1.0382764144439829,1,0,1,1,0,0,2,1.2287440856117369,-0.30858940304282656
0,0,0,-1.2774445836787656,1,1,-0.6566662308684151,1,0,1,1,0,0,0,-1.389286539416904,-0.4297992024743271
1,0,0,0.188488510242327,1,0,0.971808075412124,0,1,0,0,1,0,2,0.7443732092873815,-0.5903510464119396
0,0,1,0.3106496014024181,1,0,-1.4875204687666492,0,1,0,1,0,0,1,-0.8714916388167904,1.3168370525030295
0,1,0,-0.3815965818380978,1,0,1.0050422449280532,1,1,0,0,0,1,3,0.43442795647207055,-1.1368203658161615
0,1,0,1.369379058123207,1,0,1.437086448635135,0,0,1,1,0,0,2,1.9981535762023173,-0.11550611411426295
1,0,1,-0.62591876415828,1,0,0.9385739058961944,1,1,0,1,0,0,3,0.18186087181087301,-0.9830376520285521
1,1,0,-0.9516816739185228,1,0,0.6727005497687596,1,1,0,1,0,0,3,-0.18702819572887325,-1.2766428613050453
0,1,0,0.2699292376823877,1,0,1.2044472620236295,0,1,0,0,1,0,2,1.0199415831322127,-0.7997246649010565
1,0,1,-0.3815965818380978,0,1,-0.8228370784480619,0,1,0,0,0,1,0,-0.9505087137209988,0.46502696034753216
1,0,0,0.7178532386027215,1,1,-1.4875204687666492,0,1,0,0,1,0,1,-0.6126620356280462,1.47395028203046
0,0,0,-1.1960038562387048,1,0,1.1047447534758412,1,1,0,1,0,0,3,-0.10659035289778712,-1.6704871051228043
0,0,0,1.1657772395230557,1,0,-1.5207546382825785,0,1,0,1,0,0,1,-0.29841537849841315,1.7782100379106798
0,0,0,-0.3408762181180675,1,0,0.805637227832477,0,1,0,1,0,0,3,0.2839911722526749,-0.8683612265208456
0,0,1,-0.748079855318371,1,0,0.6727005497687596,0,1,0,0,1,0,3,-0.12004126188986981,-0.8977597168025869
1,0,1,0.7992939660427822,1,0,-1.288115451671073,0,0,1,1,0,0,1,-0.3760801628564119,1.619580533482847
0,0,0,-0.7073594915983407,1,0,0.6394663802528302,1,0,1,1,0,0,3,-0.07987487893860067,-0.9291243129145491
0,0,0,0.0256070553622056,1,0,-0.1913878576454039,0,0,1,1,0,0,3,-0.15073571182975298,0.15215760293443928
1,1,0,1.4915401492832985,1,0,1.0050422449280532,0,0,1,0,0,1,2,1.763355800427078,0.2693574321604483
0,0,1,1.1657772395230557,1,1,0.7724030583165477,0,0,1,1,0,0,2,1.3444251430500678,0.45529310677181806
1,0,1,1.5729808767233588,1,1,1.7029598047625698,0,0,1,0,1,0,2,2.258580394476984,0.12409149409539433
0,0,0,0.8400143297628127,1,1,0.8721055668643357,0,0,1,1,0,0,2,1.1803330745943794,0.000960032615257761
0,1,0,0.3920903288424788,1,0,-0.291090366193192,0,0,1,1,0,0,1,0.09011172481736644,0.3865638484142986
1,0,0,0.1477681465222966,1,0,0.4732955326731833,0,0,1,1,0,0,3,0.40392959285558705,-0.2011591486046757
1,0,0,-0.3001558543980371,1,1,1.3706181096032763,0,1,0,1,0,0,3,0.7179364017506037,-1.2011744719692397
0,0,0,-0.9924020376385532,1,0,-1.45428629925072,0,0,1,1,0,0,0,-1.7588950740049702,0.306892106580585
0,0,0,-0.6666391278783103,1,1,1.0382764144439829,1,1,0,0,0,1,3,0.21095324750957906,-1.2597650212613916
0,0,0,-0.8295205827584317,1,0,0.8388713973484064,1,1,0,0,0,1,3,-0.05146887630988067,-1.24586568595406
0,0,0,-0.1779947632379461,1,1,1.3373839400873468,1,1,0,0,0,1,3,0.7660340518847462,-1.1235627432807977
1,0,0,-1.0331224013585834,1,1,0.971808075412124,0,0,1,0,0,1,3,-0.08315692299781247,-1.3719101596386587
1,1,0,-0.0151133083578247,1,0,1.3373839400873468,1,1,0,1,0,0,3,0.9414111107130952,-1.0782298165240098
0,0,1,-1.2774445836787656,1,0,0.4732955326731833,1,0,1,0,1,0,3,-0.6220001159531845,-1.049480887140199
1,0,0,-0.9924020376385532,0,0,-1.1551787736073555,1,0,1,1,0,0,0,-1.6008345799530048,0.19350813746769058
1,0,0,1.247217966963116,1,0,1.270915601055488,1,0,1,1,0,0,2,1.7408629000491194,0.019875993194702388
0,0,0,-1.2774445836787656,0,0,-0.9890079260277088,1,1,0,0,1,0,0,-1.7236677797483806,-0.2123245647012164
1,0,0,1.125056875803025,1,0,1.2376814315395588,0,0,1,1,0,0,2,1.6314265314051297,-0.04264790418609852
0,0,0,-0.6666391278783103,1,0,0.7059347192846889,0,0,1,1,0,0,3,-0.0042843127908679945,-0.9462474509684854
1,1,0,1.5729808767233588,1,0,0.9053397363802652,0,1,0,0,1,0,2,1.725098567595577,0.3321312008370892
1,0,1,0.3106496014024181,1,1,0.6727005497687596,0,0,1,1,0,0,2,0.6715935091858651,-0.05653488918587452
0,1,0,-0.5851984004382496,1,1,1.1712130925077,1,1,0,0,1,0,3,0.40168338953154625,-1.365028028126425
1,0,0,-1.1145631287986442,1,0,0.4732955326731833,0,1,0,1,0,0,3,-0.49579705487432074,-1.1638702131926681
1,0,0,0.0256070553622056,1,0,0.4732955326731833,0,1,0,0,1,0,3,0.2777414829775592,-0.3624078580365397
0,0,1,-0.7888002190384014,1,0,-1.4875204687666492,0,1,0,1,0,0,0,-1.6452153629741237,0.5491140152991227
0,0,0,0.3106496014024181,1,0,-0.4904953832887682,0,1,0,1,0,0,1,-0.1727214525323592,0.4749535885212359
1,1,0,1.4100994218432374,1,0,1.7029598047625698,0,1,0,1,0,0,2,2.2025240342530816,-0.33359857220898415
0,0,0,-0.6666391278783103,1,1,-0.4904953832887682,1,1,0,0,1,0,0,-0.8823235033908347,-0.19312586531286352
1,0,0,1.0843365120829946,1,0,0.0412513289661016,0,1,0,1,0,0,2,0.7465785359624042,0.6676984712259314
1,1,0,-0.9924020376385532,1,1,0.174188007029819,0,0,1,1,0,0,3,-0.5493194415459581,-0.8731099398172976
1,0,1,-1.0331224013585834,1,0,-1.4875204687666492,0,0,1,1,0,0,0,-1.8064220988776836,0.4767141119941346
1,0,1,1.6137012404433893,1,0,-1.3545837907029317,0,0,1,1,0,0,1,0.1501143897848924,2.233821589362044
0,0,0,0.4735310562825394,1,0,0.7724030583165477,0,0,1,1,0,0,2,0.8450299775141978,-0.19564755181851523
0,1,0,0.2292088739623573,1,1,0.3403588546094659,1,0,1,1,0,0,3,0.4283542322903725,-0.15093158940868048
1,0,0,-1.1552834925186746,1,0,-0.291090366193192,0,1,0,0,1,0,0,-1.0930376267122306,-0.6630900352706551
1,0,0,-1.2367242199587352,1,1,-0.3907928747409802,0,0,1,0,0,1,0,-1.188588798491567,-0.5801559378047941
0,0,0,1.5322605130033284,0,0,-0.4904953832887682,0,1,0,1,0,0,1,0.6344737919181536,1.402649242136267
0,0,0,0.0256070553622056,1,0,0.8721055668643357,0,1,0,1,0,0,3,0.5888332122248026,-0.6580108720699207
0,0,0,-1.2774445836787656,0,0,-1.3213496211870024,0,1,0,0,1,0,0,-1.958338439346797,0.015462058384003774
1,0,0,0.2699292376823877,0,1,-0.9557737565117794,0,0,1,1,0,0,1,-0.5646887319762118,0.9473318393642659
1,1,0,0.9214550572028734,1,0,1.7029598047625698,0,1,0,0,0,1,2,1.8435969197306843,-0.6883243693336768
1,0,1,0.7992939660427822,1,0,0.1409538375138897,0,0,1,1,0,0,2,0.633003673416779,0.6400980542163998
0,0,1,-0.0965540357978854,0,1,-0.4572612137728389,1,0,1,1,0,0,0,-0.4647035409245722,0.4913138854525969
1,1,0,1.125056875803025,1,0,1.1379789229917707,0,1,0,0,1,0,2,1.5741472528059255,-0.14009548751674916
1,0,1,0.7178532386027215,1,0,-0.3243245357091214,0,0,1,1,0,0,1,0.24715188152289724,0.9021309534094927
0,0,0,-0.0151133083578247,1,0,1.5035547876669937,0,1,0,1,0,0,3,1.0060510312337443,-1.1192396424949467
1,0,0,0.758573602322752,1,0,1.4038522791192056,0,1,0,0,0,1,2,1.464426862705712,-0.5072157342957335
1,0,0,-1.2774445836787656,1,1,0.3071246850935365,0,0,1,1,0,0,3,-0.709386943777137,-1.0734264744794635
0,0,1,1.4915401492832985,1,0,-1.288115451671073,0,1,0,1,0,0,1,0.10034734955569165,2.0047564889820193
0,0,1,0.3920903288424788,1,1,0.971808075412124,1,0,1,1,0,0,2,0.9407552884761795,-0.22162841177835996
1,0,0,-0.748079855318371,0,1,-0.6234320613524857,1,1,0,0,1,0,0,-1.0866477352729094,-0.06725559754118665
1,0,1,0.7992939660427822,1,1,-1.288115451671073,0,0,1,1,0,0,1,-0.3690861717081996,1.628616425774217
1,0,0,1.2064976032430856,1,1,1.437086448635135,0,0,1,0,0,1,2,1.8214858829826859,-0.12693117098704615
0,0,1,1.6137012404433893,1,0,-1.4875204687666492,0,0,1,1,0,0,1,0.056891443141166856,2.3079823036541294
1,0,0,-0.0151133083578247,1,0,1.0382764144439829,1,1,0,0,0,1,3,0.6618168868145159,-0.7968999936010369
0,1,0,-1.2774445836787656,1,1,0.174188007029819,1,0,1,1,0,0,3,-0.7492691639466627,-1.0891031807010534
0,1,0,1.6137012404433893,1,1,0.4400613631572539,0,1,0,0,0,1,2,1.4466471034773942,0.652727927312358
0,1,0,-1.2774445836787656,1,0,-0.6566662308684151,1,0,1,1,0,0,0,-1.3429398040909162,-0.5286725152793729
0,0,0,-1.2774445836787656,1,0,-1.288115451671073,0,1,0,0,1,0,0,-1.8823735909959871,-0.08198666064631968
1,0,0,-1.1145631287986442,1,0,1.3041497705714176,1,0,1,1,0,0,3,0.10225678078209759,-1.6520854897740636
1,0,0,1.247217966963116,1,0,1.3373839400873468,0,0,1,1,0,0,2,1.7877970319688028,-0.02568133142234169
1,0,1,1.4100994218432374,1,1,0.5397638717050421,0,0,1,1,0,0,2,1.3514489695038316,0.8023027972521203
0,0,1,0.3106496014024181,1,1,1.0382764144439829,0,0,1,1,0,0,2,0.9303765519397643,-0.3240541095216194
1,0,0,1.3286586944031769,1,1,0.971808075412124,0,0,1,1,0,0,2,1.5939661660148559,0.29078821938898586
0,0,1,-0.6666391278783103,1,1,-1.4875204687666492,0,0,1,0,1,0,0,-1.5697165030148885,0.7300088798005853
0,1,0,0.5549717837226001,1,0,0.1409538375138897,0,1,0,0,1,0,2,0.46959051201362556,0.12823183491340187
1,0,0,-0.8702409464784621,0,0,-0.9557737565117794,0,1,0,0,0,1,0,-1.4004899719559885,0.04737188380682563
0,0,0,0.6771328748826912,1,1,1.1379789229917707,0,0,1,0,0,1,2,1.2383939615751103,-0.3085215704727498
0,0,0,1.4508197855632678,0,1,-0.3575587052250508,0,1,0,0,1,0,1,0.649181557916131,1.2690072434564479
0,0,0,-0.9109613101984924,1,0,-1.5207546382825785,0,0,1,1,0,0,0,-1.7485163374685546,0.40931780432384435
0,1,0,-1.2367242199587352,1,0,0.6394663802528302,0,1,0,1,0,0,3,-0.4104449840894196,-1.4698574398802793
0,0,0,-1.1145631287986442,1,0,0.1409538375138897,0,0,1,0,1,0,3,-0.7472868311502218,-0.8664811125286811
1,0,1,0.8400143297628127,1,1,-0.0584511795816865,0,0,1,0,1,0,1,0.4990100825004882,0.8195452383111239
1,1,0,0.880734693482843,1,1,1.5035547876669937,0,1,0,1,0,0,2,1.696181984677602,-0.5575351313868817
0,0,0,-1.1552834925186746,1,1,-0.6566662308684151,1,1,0,1,0,0,0,-1.3146944233931328,-0.42574792391665944
1,1,0,-0.7073594915983407,1,0,0.3735930241253952,1,1,0,1,0,0,3,-0.22629318399915194,-0.9010297811497012
1,0,0,-0.9109613101984924,1,0,-1.4875204687666492,0,1,0,1,0,0,0,-1.737071775364731,0.32224179582566953
0,0,0,-1.1960038562387048,1,1,-0.3243245357091214,1,0,1,0,1,0,0,-1.1261446318958912,-0.5954123210442179
0,0,0,1.5729808767233588,1,0,-1.3213496211870024,0,1,0,0,1,0,1,0.1001097390076277,1.931185061079738
1,0,0,-0.9924020376385532,1,0,-0.3243245357091214,0,0,1,1,0,0,0,-0.9616601485659949,-0.4506284769671616
1,1,0,-1.2774445836787656,1,1,0.971808075412124,1,0,1,0,0,1,3,-0.2017548018919088,-1.6323526995309805
0,0,1,1.2879383306831464,1,1,1.5035547876669937,0,1,0,0,0,1,2,1.9202428064045498,-0.055301743825399645
1,0,0,1.002895784642934,1,1,-1.5207546382825785,0,1,0,0,0,1,1,-0.42174234524384424,1.6769475605242206
0,1,0,-1.2774445836787656,1,0,1.2044472620236295,1,1,0,1,0,0,3,-0.04016129700016094,-1.8855288856882615
0,1,0,-0.5037576729981889,1,0,-0.1581536881294745,0,1,0,0,0,1,3,-0.472888654806535,-0.4248697447072139
0,1,0,-0.2594354906780068,1,0,0.0412513289661016,0,0,1,1,0,0,3,-0.13372056323300713,-0.29616975968064413
0,1,0,-1.2367242199587352,1,1,0.5065297021891128,1,1,0,0,0,1,3,-0.5123691605663787,-1.383222456722222
1,0,1,-0.0151133083578247,1,1,1.0050422449280532,0,0,1,1,0,0,3,0.6770126949598865,-0.511795004775956
0,0,0,-1.1145631287986442,1,1,-1.3213496211870024,0,0,1,1,0,0,0,-1.7440021217015393,0.13951078994854388
0,0,0,1.5322605130033284,1,1,1.536788957182923,0,1,0,0,0,1,2,2.1104066852218692,-0.06599888148140862
1,0,0,-0.055833672077855,1,1,-0.3243245357091214,1,1,0,0,1,0,0,-0.3357869773665267,0.1364475565331437
0,0,0,-1.0331224013585834,1,1,-0.1581536881294745,1,0,1,0,0,1,3,-0.8803918484367874,-0.6143895760909125
1,0,0,-1.2774445836787656,0,1,-1.3213496211870024,0,0,1,1,0,0,0,-1.9117709582003461,0.11739803535991716
1,1,0,-0.5037576729981889,1,0,1.1379789229917707,1,1,0,0,0,1,3,0.44168160043164817,-1.2962836397975703
1,0,0,0.1070477828022663,1,0,-0.1249195186135452,0,0,1,1,0,0,3,-0.0471340286496119,0.18042258638561304
1,0,0,-1.0738427650786138,1,1,-0.1249195186135452,0,1,0,0,1,0,3,-0.9113954373087112,-0.7110790813956799
0,0,1,1.6137012404433893,1,0,0.3403588546094659,0,1,0,0,1,0,2,1.3073612637385776,0.9792097269428772
0,0,0,-0.7888002190384014,1,0,-1.4875204687666492,0,1,0,0,1,0,0,-1.6792987760184444,0.39589555196210424
0,1,0,-1.1552834925186746,1,0,-0.5237295528046976,0,1,0,1,0,0,0,-1.1744794242277785,-0.6157358859557934
1,0,1,1.247217966963116,1,1,-1.5207546382825785,0,0,1,1,0,0,1,-0.21813485691854784,2.1008431141280552
1,0,0,1.4915401492832985,1,0,0.6727005497687596,0,0,1,1,0,0,2,1.4903943181402666,0.6004970341267449
0,0,0,-1.1960038562387048,0,0,-1.0222420955436382,1,1,0,0,1,0,0,-1.6898219772521235,-0.13267752926647897
0,1,0,1.5729808767233588,1,0,0.5397638717050421,0,1,0,1,0,0,2,1.4964477797664624,0.5604374198997147
1,0,0,-0.7073594915983407,1,1,-1.5207546382825785,0,0,1,1,0,0,0,-1.5988854923757365,0.577478564372755
0,0,1,-0.0965540357978854,1,0,-1.4875204687666492,0,1,0,0,0,1,0,-1.1731058848830889,1.0189796285045523
0,0,0,-0.3815965818380978,1,1,0.6062322107369008,0,1,0,1,0,0,3,0.12152633341378795,-0.751087546941451
1,1,0,-0.9516816739185228,1,1,-1.4875204687666492,0,0,1,1,0,0,0,-1.6940163053099913,0.29425736217191134
1,0,0,0.1070477828022663,1,0,-1.5207546382825785,0,1,0,1,0,0,1,-1.044127985623338,1.055875122211883
0,0,1,-1.0738427650786138,1,0,-0.3243245357091214,0,0,1,1,0,0,0,-1.0130859073156344,-0.3659271903092464
0,0,0,-1.2774445836787656,1,1,0.3403588546094659,1,0,1,0,0,1,3,-0.7003244644074591,-1.1266746300973884
0,0,1,1.6137012404433893,1,0,-1.3213496211870024,0,1,0,0,0,1,1,0.14779968249419317,2.0993221526124635
1,0,1,0.5142514200025698,1,0,0.6394663802528302,0,1,0,0,0,1,2,0.7579875327718761,0.004611974147759851
1,0,1,-1.0331224013585834,1,1,0.8388713973484064,1,1,0,1,0,0,3,-0.16811067720093303,-1.1900076384426923
1,0,0,1.5322605130033284,0,0,-0.556963722320627,0,1,0,0,1,0,1,0.5580527222693267,1.4704656330844277
1,0,0,0.8400143297628127,1,1,-1.4875204687666492,0,1,0,0,0,1,1,-0.5129010161962002,1.5404321519632682
1,0,0,-1.1552834925186746,1,0,-0.4240270442569095,1,1,0,1,0,0,0,-1.1580642700180945,-0.5772805174256813
0,0,0,1.6137012404433893,1,1,0.9053397363802652,0,0,1,1,0,0,2,1.748272390887159,0.518430915005781
1,0,1,1.6137012404433893,0,1,-0.6566662308684151,0,1,0,1,0,0,1,0.5860417970384335,1.757924348764598
1,1,0,-0.62591876415828,1,0,1.0050422449280532,0,1,0,1,0,0,3,0.2768939376939381,-1.2769559918854043
0,0,0,-1.0331224013585834,1,0,0.174188007029819,0,0,1,1,0,0,3,-0.6376652762007786,-0.837696533100102
0,0,1,-0.8702409464784621,1,0,-1.4875204687666492,1,1,0,0,1,0,0,-1.7313698519637248,0.4975507735620217
0,0,0,-1.2367242199587352,1,1,0.3403588546094659,1,1,0,1,0,0,3,-0.667995313053982,-1.1659761662985353
1,0,1,-0.8702409464784621,1,0,0.4400613631572539,0,0,1,1,0,0,3,-0.3307065362946707,-0.7307115556477123
1,1,0,-1.1145631287986442,1,0,0.8721055668643357,1,1,0,1,0,0,3,-0.16085153688202092,-1.527051581408608
1,1,0,-1.1552834925186746,1,0,0.3403588546094659,1,1,0,1,0,0,3,-0.5649810264675367,-1.1910271710353635
1,0,0,-0.0965540357978854,1,0,-0.4904953832887682,0,1,0,1,0,0,0,-0.45993111200849396,0.20756565783216183
0,0,1,-0.8702409464784621,1,0,-1.45428629925072,0,1,0,0,1,0,0,-1.7079027860038833,0.4747721112534998
1,0,0,-0.62591876415828,0,1,-0.4904953832887682,0,1,0,0,0,1,0,-0.8930184520016968,-0.0918883768424669
0,1,0,0.0663274190822359,0,1,-0.291090366193192,0,1,0,0,0,1,1,-0.2110706306959667,0.14802946542355294
0,1,0,-1.2367242199587352,0,0,-1.1551787736073555,1,1,0,0,0,1,0,-1.7452142320976418,-0.17865517686568932
1,0,1,0.9214550572028734,1,1,-1.5207546382825785,0,0,1,0,1,0,1,-0.47622795127644546,1.8786747530123082
0,1,0,-1.1145631287986442,1,1,-0.1581536881294745,0,0,1,1,0,0,3,-0.8693140866328815,-0.7475798113634028
0,0,1,-0.8702409464784621,1,0,-1.4875204687666492,0,0,1,1,0,0,0,-1.6911510447698455,0.5734969233045627
0,0,1,-1.2774445836787656,1,0,0.5065297021891128,1,0,1,1,0,0,3,-0.5696914294598402,-1.0775646808378352
0,0,0,1.5322605130033284,1,0,-1.5207546382825785,0,1,0,1,0,0,1,-0.04050747044596904,2.034117716978648
1,1,0,-1.2367242199587352,1,0,0.3403588546094659,1,1,0,0,1,0,3,-0.651135515457138,-1.2425904127724647
0,0,0,-1.0331224013585834,1,1,0.3071246850935365,1,0,1,1,0,0,3,-0.5368030212131998,-0.9197752900428199
1,0,0,0.1070477828022663,1,1,-1.4875204687666492,0,1,0,0,0,1,1,-1.0287168323010891,1.0286167938273303
0,0,0,1.0436161483629645,1,0,0.2074221765457484,0,1,0,0,1,0,2,0.8070611281957014,0.5137221695673256
0,0,1,1.6137012404433893,1,1,1.4703206181510644,0,1,0,1,0,0,2,2.141077118054908,0.20846596935538422
1,0,1,1.4508197855632678,1,1,-0.0584511795816865,0,1,0,0,1,0,1,0.9174794092608517,1.1648067556260835
1,0,0,-0.2594354906780068,1,0,-0.1913878576454039,0,1,0,0,1,0,3,-0.3921948758156193,-0.10587391780785277
0,0,0,-0.8295205827584317,1,0,-0.6566662308684151,0,1,0,0,1,0,0,-1.1212785612504526,-0.2020051923140539
1,0,1,-0.3001558543980371,1,1,-0.1581536881294745,0,0,1,0,0,1,3,-0.35997955701672146,0.07290331171316058
1,1,1,1.6137012404433893,1,0,1.6697256352466403,0,0,1,0,1,0,2,2.3101164980711797,0.07643103016197852
1,0,1,1.5322605130033284,1,1,1.6697256352466403,0,0,1,1,0,0,2,2.235298514822596,0.11313083845169455
1,1,1,-1.2774445836787656,1,0,-0.4904953832887682,1,1,0,1,0,0,0,-1.2323851856369077,-0.5483395782855032
1,0,0,-0.2594354906780068,1,1,0.7391688888006183,0,1,0,0,1,0,3,0.27187696220815893,-0.7346405701550993
0,0,1,-1.2367242199587352,1,1,0.0412513289661016,1,0,1,1,0,0,3,-0.8625799275213615,-0.7211933296640493
0,0,1,-0.1779947632379461,1,1,-1.4875204687666492,0,0,1,1,0,0,0,-1.1969976717447939,1.0659139871687628
0,0,1,-1.0738427650786138,1,1,-1.4875204687666492,0,1,0,0,0,1,0,-1.8538663152080617,0.34559504328133855
0,0,1,1.0436161483629645,0,0,-0.1581536881294745,0,0,1,1,0,0,1,0.5418862199511731,1.073427256151543
0,1,0,-0.1372743995179157,0,1,-0.6566662308684151,0,0,1,1,0,0,0,-0.5860634369482898,0.351190657500813
1,0,0,-0.6666391278783103,1,0,0.2074221765457484,0,1,0,0,0,1,3,-0.3833627098303155,-0.6823804208977085
1,1,0,0.4328106925625091,1,0,1.2044472620236295,1,1,0,1,0,0,2,1.1627636233822718,-0.6743391150957377
1,0,0,0.7992939660427822,1,0,0.3403588546094659,0,1,0,1,0,0,2,0.7571870900046335,0.2636512045074797
0,0,1,1.6137012404433893,1,0,1.802662313310358,0,0,1,0,1,0,2,2.351289352631987,0.058199866499563324
1,0,1,1.5729808767233588,1,0,-1.5207546382825785,0,0,1,1,0,0,1,0.004122625757634862,2.3192807143415464
1,0,0,1.3286586944031769,1,1,-1.4875204687666492,0,1,0,1,0,0,1,-0.1539739016738028,1.8951579490879606
0,0,0,0.6771328748826912,1,1,0.6394663802528302,0,1,0,0,1,0,2,0.8612190687694107,-0.029272227220059725
1,0,0,0.7992939660427822,1,1,0.6394663802528302,0,0,1,0,0,1,2,0.971711957665993,0.13541485878640594
1,0,0,-1.2367242199587352,1,0,-1.4875204687666492,1,0,1,0,1,0,0,-1.9837876830622516,0.18132471584157767
1,0,1,1.5729808767233588,1,0,1.4703206181510644,0,0,1,1,0,0,2,2.116158562143383,0.26920110657456414
1,0,0,0.880734693482843,1,1,0.805637227832477,0,0,1,0,1,0,2,1.132568439173602,0.09721061012652604
0,0,1,-0.7073594915983407,1,1,0.3735930241253952,0,1,0,0,0,1,3,-0.28180271340448526,-0.674102366927926
1,1,0,0.7178532386027215,1,0,1.3373839400873468,0,1,0,0,0,1,2,1.4421770230321793,-0.5799300167554728
1,0,1,-0.5444780367182193,1,0,0.6394663802528302,1,1,0,1,0,0,3,0.027970146628397072,-0.7211613181256384
0,1,0,1.5322605130033284,1,0,1.3041497705714176,0,1,0,1,0,0,2,2.0075338626147707,0.008094000240600554
0,1,0,1.6137012404433893,1,1,1.4038522791192056,0,1,0,0,0,1,2,2.1271920163128017,-0.007853279634780802
1,1,0,0.7992939660427822,1,0,1.3373839400873468,0,1,0,1,0,0,2,1.5145397952740827,-0.5095460852618569
0,0,1,-0.7073594915983407,1,0,-0.6234320613524857,0,1,0,0,0,1,0,-0.9928086833479468,0.00022161003636467919
0,0,1,1.6137012404433893,1,1,0.4068271936413246,0,0,1,1,0,0,2,1.4015081940003526,1.0186344443597444
1,1,0,-1.1960038562387048,1,1,0.5397638717050421,1,0,1,0,1,0,3,-0.4633055076614493,-1.2605410266374637
1,0,0,1.0436161483629645,1,0,1.1379789229917707,0,1,0,1,0,0,2,1.4923352784091293,-0.11243157151840297
0,0,0,-1.2774445836787656,1,0,-1.4875204687666492,0,0,1,0,1,0,0,-2.01179880009466,0.1359365943364676
1,0,0,0.1070477828022663,1,1,0.8388713973484064,0,1,0,0,0,1,3,0.6139777848878262,-0.5658895677692116
0,0,1,0.7178532386027215,1,0,0.6394663802528302,1,1,0,1,0,0,2,0.9169649248935688,0.14334453038869643
1,0,0,0.3513699651224484,1,1,-1.4875204687666492,0,0,1,1,0,0,1,-0.8303511364866109,1.2939887527050322
1,0,1,1.6137012404433893,1,0,-0.0252170100657571,0,0,1,1,0,0,2,1.088797028178558,1.3226750970211631
0,0,0,-0.0965540357978854,1,0,0.1409538375138897,0,1,0,1,0,0,3,-0.01341154157586176,-0.24218286097175906
0,0,1,-1.2367242199587352,0,0,-1.3545837907029317,1,0,1,1,0,0,0,-1.9076884713738915,0.3011446517243072
1,0,0,-0.7073594915983407,0,1,-1.1551787736073555,1,0,1,0,1,0,0,-1.4220871697419493,0.4068884670899285
1,0,1,0.188488510242327,1,0,-0.1913878576454039,0,0,1,1,0,0,1,-0.031513499602378134,0.4413718788550051
1,0,1,1.6137012404433893,1,1,0.3403588546094659,0,1,0,1,0,0,2,1.3425515582246512,0.9998944227871355
1,0,1,1.6137012404433893,1,0,-1.3213496211870024,0,0,1,1,0,0,1,0.173581455744734,2.211042927053522
1,0,0,1.5322605130033284,1,0,1.6364914657307112,0,1,0,0,0,1,2,2.173168574757541,-0.12641682575634236
1,0,0,-0.3815965818380978,1,0,0.6394663802528302,0,0,1,1,0,0,3,0.14873127769015348,-0.6846968854676853
0,0,0,-0.9924020376385532,1,0,0.3403588546094659,0,1,0,0,0,1,3,-0.5181006026197031,-1.0179224975786603
1,0,0,-1.2367242199587352,1,1,-0.6234320613524857,1,1,0,0,1,0,0,-1.3780271636185333,-0.48313589302028
0,0,1,-0.2594354906780068,0,1,-0.8560712479639913,0,0,1,1,0,0,0,-0.8609340693548694,0.6509210869024306
1,0,1,0.7992939660427822,1,1,-1.4875204687666492,0,1,0,1,0,0,1,-0.5212657541276265,1.684037118493694
0,0,1,-0.3815965818380978,0,1,-0.9890079260277088,0,1,0,1,0,0,0,-1.0521488225387614,0.5754818953155405
0,0,0,-0.7073594915983407,1,0,1.1379789229917707,1,1,0,1,0,0,3,0.2607539237986469,-1.3520555286740346
1,0,0,0.3106496014024181,1,0,-0.4904953832887682,0,1,0,0,0,1,1,-0.18841667351380503,0.47839196509583765
1,0,0,-0.2187151269579764,1,1,-0.1913878576454039,0,0,1,1,0,0,3,-0.31632564324547785,0.007542310789165896
0,0,0,0.188488510242327,1,0,-1.4875204687666492,0,1,0,1,0,0,1,-0.9627027340117568,1.0730108980875737
1,0,0,0.5142514200025698,1,0,1.5700231266988525,0,1,0,1,0,0,2,1.4248734909224285,-0.778198606849589
0,0,0,-1.1145631287986442,1,1,0.174188007029819,1,1,0,0,0,1,3,-0.7144112439548471,-0.980295853434003
0,0,0,1.5729808767233588,1,1,-1.3545837907029317,0,0,1,0,1,0,1,0.09501385085637538,2.044250896811285
1,0,0,-1.1552834925186746,1,1,-0.3575587052250508,1,0,1,1,0,0,0,-1.0927589602898218,-0.5325506686197
0,0,1,0.2292088739623573,1,1,-1.4875204687666492,0,1,0,0,0,1,1,-0.9368604199104817,1.2554890133007834
1,0,1,-1.1960038562387048,1,1,-0.291090366193192,0,0,1,1,0,0,0,-1.0692394700873695,-0.44801858507371894
1,0,0,-0.62591876415828,1,0,-1.5207546382825785,0,1,0,1,0,0,0,-1.559943801728227,0.5440597640759449
1,0,1,1.5322605130033284,1,0,0.8388713973484064,0,0,1,1,0,0,2,1.6416278746783421,0.673561503873375
1,0,0,-1.2774445836787656,1,1,-0.6566662308684151,0,1,0,0,0,1,0,-1.4163589470587266,-0.5076121070313807
0,0,1,1.5729808767233588,1,0,1.1712130925077,0,0,1,0,1,0,2,1.8767586651669461,0.46256026379837417
1,0,0,0.188488510242327,1,1,0.8721055668643357,0,0,1,0,1,0,2,0.6923431892164458,-0.43172788606334805
1,0,0,1.2879383306831464,1,1,0.174188007029819,0,0,1,1,0,0,2,1.0021001487506072,0.8090419282304068
0,1,0,0.188488510242327,1,0,0.8388713973484064,0,1,0,0,1,0,3,0.7044909891178558,-0.6060277526335296
1,0,1,1.3286586944031769,1,1,1.4703206181510644,1,0,1,1,0,0,2,1.951213947923299,0.10763187948728845
0,0,1,-0.3815965818380978,1,0,-0.5237295528046976,0,1,0,1,0,0,0,-0.678106107858222,0.1728746739830606
0,0,0,-0.4223169455581282,1,0,0.4732955326731833,1,1,0,1,0,0,3,-0.007992355801840337,-0.6974429765618406
0,1,0,-0.2594354906780068,1,1,-0.1249195186135452,0,1,0,1,0,0,3,-0.2554390885443802,-0.2544918369783192
0,0,0,-0.3001558543980371,1,0,0.5065297021891128,1,1,0,1,0,0,3,0.10144401284214953,-0.6349190791810396
0,0,0,1.125056875803025,1,0,1.071510583959912,0,1,0,1,0,0,2,1.5033593321411856,-0.026959808717146067
0,0,0,-1.2774445836787656,1,0,1.0382764144439829,1,1,0,1,0,0,3,-0.210837353273569,-1.6817981536319757
0,0,0,1.5729808767233588,1,0,0.805637227832477,0,0,1,1,0,0,2,1.6422207676313725,0.5492968230768694
0,1,0,-0.2187151269579764,1,1,0.6727005497687596,1,0,1,1,0,0,3,0.34780411538024586,-0.691494264688085
0,0,0,-1.1960038562387048,1,1,0.805637227832477,1,0,1,0,1,0,3,-0.3282643892612751,-1.3698868395339667
1,0,1,1.0436161483629645,1,1,1.0050422449280532,0,0,1,1,0,0,2,1.42207998488917,0.22749384586484317
0,0,0,-0.748079855318371,1,0,0.3403588546094659,1,1,0,1,0,0,3,-0.3311120934656019,-0.8338018198326137
1,0,1,1.5729808767233588,1,1,0.2074221765457484,0,0,1,0,0,1,2,1.2163541430318074,1.1303106082223706
0,0,1,-1.2367242199587352,0,0,-1.188412943123285,0,0,1,1,0,0,0,-1.7903531415746834,0.1872513401816972
0,0,0,0.3106496014024181,1,0,-1.45428629925072,0,1,0,1,0,0,1,-0.853266365367767,1.1355347954683748
1,0,1,1.4508197855632678,1,0,-1.3213496211870024,0,0,1,1,0,0,1,0.058955718832536544,2.097306180801091
0,1,0,1.002895784642934,1,0,1.2044472620236295,0,0,1,0,0,1,2,1.5609263026451765,-0.22547871538997838
0,0,0,0.5142514200025698,1,0,0.7391688888006183,1,1,0,1,0,0,2,0.8388421591220284,-0.22568598407854062
1,0,1,1.5322605130033284,1,1,1.7361939742784993,0,1,0,0,0,1,2,2.255805556296097,-0.027193325664405625
1,0,0,1.4508197855632678,1,0,1.437086448635135,0,1,0,0,1,0,2,1.9612615937946951,-0.027792535274910345
0,0,0,0.7992939660427822,1,0,1.270915601055488,0,1,0,0,0,1,2,1.3998603502900355,-0.4046208334405402
0,0,0,1.6137012404433893,1,0,1.6697256352466403,0,0,1,0,1,0,2,2.252179296281802,-0.009209078992481114
1,1,0,-0.3408762181180675,1,0,0.3735930241253952,1,1,0,1,0,0,3,0.031614724053292506,-0.6451221020817324
1,0,1,1.4100994218432374,1,0,-0.1581536881294745,0,0,1,1,0,0,1,0.851646593198945,1.2716188134397128
0,0,0,1.4508197855632678,0,0,-0.0252170100657571,0,1,0,1,0,0,1,0.905699846899838,1.0268795966907436
1,0,1,-0.3815965818380978,1,1,-1.4875204687666492,0,0,1,1,0,0,0,-1.3409251600806813,0.9406969892952269
1,0,0,1.5729808767233588,0,0,-0.5237295528046976,1,0,1,0,0,1,1,0.6353451258652926,1.5385517487141538
0,0,0,-1.2774445836787656,0,0,-1.3545837907029317,0,0,1,0,1,0,0,-1.9704283186462614,0.11949200182418093
0,0,1,1.5729808767233588,1,1,-1.4875204687666492,0,0,1,1,0,0,1,0.03522900006132952,2.288584009382392
1,1,0,1.4915401492832985,1,1,1.536788957182923,0,1,0,0,0,1,2,2.134445660272379,-0.16731655361618922
0,1,0,0.3106496014024181,1,1,1.1379789229917707,1,0,1,0,1,0,2,1.0200350632491682,-0.6354459802978796
0,1,0,-0.5851984004382496,1,1,0.6727005497687596,0,0,1,0,0,1,3,0.0748463035419966,-0.9609175021234545
1,0,0,-0.4223169455581282,1,1,1.0050422449280532,1,1,0,0,0,1,3,0.35877946972239244,-1.0494273046322211
1,0,1,1.4915401492832985,0,0,-0.8560712479639913,0,1,0,0,1,0,1,0.32343448691352084,1.8055630020241515
0,1,0,1.2064976032430856,1,0,0.6394663802528302,0,1,0,1,0,0,2,1.3089410695935428,0.2361937539061798
0,0,0,0.9621754209229036,1,1,-1.4875204687666492,0,0,1,1,0,0,1,-0.39985930587022916,1.7035476162096446
0,0,0,-1.0331224013585834,1,1,-1.4875204687666492,0,0,1,0,0,1,0,-1.8190744868304536,0.29675691624996864
1,0,0,-1.2774445836787656,1,0,-1.5207546382825785,0,1,0,0,0,1,0,-2.0334966531628216,0.0755972206988218
1,0,1,-1.0738427650786138,1,0,-1.4875204687666492,0,0,1,0,0,1,0,-1.850128436891538,0.43476436706362614
1,0,0,-1.2367242199587352,1,0,0.7059347192846889,1,1,0,0,0,1,3,-0.43254679962538206,-1.4221389674090459
1,1,0,-0.6666391278783103,1,0,-0.3243245357091214,0,1,0,0,1,0,3,-0.7192867554612797,-0.38893855471851685
1,0,0,-1.2367242199587352,1,0,-1.4875204687666492,0,1,0,0,1,0,0,-1.9951648697226285,0.10007343470992247
0,0,0,1.6137012404433893,1,1,0.7059347192846889,0,0,1,0,0,1,2,1.5924200913423043,0.6415873304895124
0,0,1,-1.0331224013585834,0,0,-0.9890079260277088,0,1,0,0,1,0,0,-1.5464873818692662,0.11680414940356232
0,0,1,-0.5444780367182193,0,0,-1.3213496211870024,0,1,0,1,0,0,0,-1.4084392101975876,0.68049587985696
0,0,0,-0.748079855318371,1,1,0.4400613631572539,0,0,1,0,0,1,3,-0.2573896215632925,-0.8253661917025551
1,0,0,1.2879383306831464,1,0,1.3706181096032763,1,1,0,0,0,1,2,1.8134934417105122,-0.11479264666681202
0,0,0,-0.3001558543980371,1,0,0.4400613631572539,0,0,1,1,0,0,3,0.06588706758284325,-0.5081104734323404
1,0,1,1.5322605130033284,1,0,0.7059347192846889,0,1,0,0,1,0,2,1.5075408036450961,0.6887300033649221
1,0,0,1.369379058123207,1,1,-1.5207546382825785,0,0,1,1,0,0,1,-0.1374073467452183,2.027622079091245
1,0,1,-1.2774445836787656,1,0,0.2406563460616778,1,1,0,0,0,1,3,-0.7845003647803963,-0.9731482869267128
0,0,0,0.8400143297628127,1,1,0.8721055668643357,0,1,0,0,1,0,2,1.1401142674004998,-0.07498611712728323
0,0,0,-1.0738427650786138,1,1,-0.291090366193192,1,1,0,0,0,1,0,-1.0142937331645807,-0.6329603945515871
0,0,0,1.0843365120829946,1,0,1.0382764144439829,0,0,1,1,0,0,2,1.4626130186136719,0.04863594815992324
1,0,0,-0.055833672077855,1,1,0.4400613631572539,1,1,0,0,0,1,3,0.2177472564575289,-0.4062823663193777
1,0,0,-1.1960038562387048,1,1,0.3071246850935365,1,0,1,0,0,1,3,-0.667123979106843,-1.0300736597206488
0,0,1,-0.7073594915983407,1,0,0.1409538375138897,1,1,0,1,0,0,3,-0.4380162624857842,-0.5101720646922412
1,0,0,0.6364125111626608,1,1,1.3706181096032763,1,1,0,0,0,1,2,1.3619844852099343,-0.5607037393851646
1,0,1,-1.2367242199587352,1,0,-0.2578561966772627,1,0,1,1,0,0,0,-1.0814228295037895,-0.5082673262367187
1,1,0,1.5322605130033284,1,1,1.270915601055488,1,0,1,1,0,0,2,2.0017926572678775,0.13811377091415028
0,0,0,-1.2367242199587352,1,0,0.8721055668643357,1,1,0,0,1,0,3,-0.3283578693782307,-1.5341655241371437
1,0,0,0.5956921474426305,1,0,1.536788957182923,1,1,0,1,0,0,2,1.4587192934186857,-0.6985515714148515
0,0,1,-0.3408762181180675,1,1,-1.45428629925072,0,0,1,0,0,1,0,-1.3032062464829541,0.9158830202404095
1,0,0,-0.055833672077855,1,0,0.971808075412124,0,1,0,0,0,1,3,0.5862263206667832,-0.7797768555471004
0,0,0,0.880734693482843,1,0,1.536788957182923,1,1,0,0,0,1,2,1.6449097464248674,-0.529981758782501
1,0,0,-1.2774445836787656,1,0,-0.3243245357091214,0,1,0,0,0,1,0,-1.1886822786085225,-0.7444346224079711
0,0,1,-0.8295205827584317,0,1,-1.0554762650595677,0,0,1,1,0,0,0,-1.402926544306611,0.3895144488700557
1,0,0,0.6364125111626608,1,1,0.2074221765457484,0,0,1,0,1,0,2,0.538222646528156,0.33662141230127657
0,1,0,-1.2774445836787656,1,0,0.3071246850935365,1,1,0,0,1,0,3,-0.7026136984493881,-1.2651998719690527
1,0,0,1.5729808767233588,1,1,0.0080171594501722,0,0,1,1,0,0,2,1.0853598585477442,1.1219745457147707
1,0,1,0.9621754209229036,1,1,-1.3213496211870024,0,0,1,1,0,0,1,-0.27792750075584366,1.7651318343351696
0,1,0,1.369379058123207,1,1,0.5397638717050421,1,1,0,0,1,0,2,1.3313179792409253,0.43260751076466064
1,0,1,0.7178532386027215,1,1,-1.4875204687666492,0,0,1,1,0,0,1,-0.5672014359233482,1.7084200264991338
0,1,0,1.247217966963116,1,1,0.8388713973484064,0,0,1,0,1,0,2,1.467929456855729,0.22354827143029476
1,0,0,-1.2774445836787656,1,0,-0.6566662308684151,1,1,0,0,0,1,0,-1.423352938206939,-0.5166479993227507
0,0,0,-1.0738427650786138,0,0,-0.5237295528046976,0,1,0,1,0,0,0,-1.2230050646368482,-0.39436003559410077
0,0,0,-1.1145631287986442,1,1,-0.4572612137728389,0,1,0,1,0,0,0,-1.1452355934060336,-0.533985711204684
0,0,1,0.1070477828022663,1,0,0.2406563460616778,1,1,0,1,0,0,3,0.20551361995472828,-0.009824320355654136
0,0,0,1.5729808767233588,1,0,1.802662313310358,0,1,0,1,0,0,2,2.334855559766245,-0.21531432731044653
0,0,0,0.3920903288424788,1,0,0.0412513289661016,0,0,1,0,1,0,2,0.24260003740808023,0.25391977723186826
0,0,0,1.2879383306831464,1,0,-1.5207546382825785,0,1,0,0,1,0,1,-0.24128769634776787,1.8688177289891166
1,0,0,-1.2774445836787656,1,0,-0.4904953832887682,0,1,0,1,0,0,0,-1.290967704621926,-0.6170257524979602
1,0,0,-1.2774445836787656,1,1,0.174188007029819,1,1,0,0,0,1,3,-0.8296822980626856,-1.0770786647444313
1,0,0,1.4915401492832985,1,0,1.4038522791192056,0,1,0,1,0,0,2,1.9952925825964059,0.018115182207605333
1,0,0,0.0256070553622056,1,0,0.9385739058961944,0,0,1,1,0,0,3,0.6464992136092219,-0.6053629806133071
0,0,1,-0.5037576729981889,1,0,-1.4875204687666492,0,1,0,0,1,0,0,-1.4734619439112804,0.7534584526299906
1,0,1,-0.7888002190384014,1,1,-1.3545837907029317,0,0,1,0,1,0,0,-1.562462859055311,0.5705456058191765
0,0,0,-0.1779947632379461,1,0,-0.291090366193192,0,1,0,1,0,0,3,-0.3757962675099019,-0.002928624087188074
0,0,1,1.6137012404433893,1,0,0.5397638717050421,0,1,0,0,0,1,2,1.4619553762453255,0.8237170633352301
1,0,0,-0.9516816739185228,1,0,0.174188007029819,0,1,0,0,1,0,3,-0.6212165321342007,-0.8398203747744252
0,0,0,1.6137012404433893,1,0,1.437086448635135,0,1,0,1,0,0,2,2.105374268436036,0.06368514464640354
0,1,0,0.7992939660427822,1,1,-0.1581536881294745,0,1,0,0,0,1,1,0.45111123163925726,0.4940601176036011
0,0,0,0.0663274190822359,1,0,-0.1249195186135452,0,1,0,0,1,0,3,-0.11536395287590012,0.059088315137961894
1,0,1,1.5729808767233588,1,0,1.1712130925077,0,1,0,1,0,0,2,1.893577781844431,0.39295778621960725
0,0,0,-1.0738427650786138,1,0,-1.4875204687666492,0,1,0,1,0,0,0,-1.8510521950812875,0.19155111463123647
0,0,0,-0.055833672077855,1,0,-0.0252170100657571,0,0,1,1,0,0,3,-0.09071325048664347,-0.01860408173438606
0,1,0,-1.2774445836787656,1,0,0.8721055668643357,1,1,0,0,0,1,3,-0.2898818603843823,-1.6712578209704418
0,0,1,0.6771328748826912,1,0,-1.3213496211870024,0,1,0,1,0,0,1,-0.4962484009651377,1.4588514200283884
0,0,0,-0.2187151269579764,1,1,-1.4875204687666492,0,0,1,1,0,0,0,-1.2308958984836613,0.8789562058795225
0,0,0,0.8400143297628127,1,0,0.9385739058961944,0,1,0,0,0,1,2,1.1938461249196686,-0.1484000237922122
0,1,0,0.1070477828022663,1,0,1.1712130925077,1,1,0,1,0,0,3,0.9106904007936761,-0.8959878802340793
1,0,0,-1.2367242199587352,1,0,1.0382764144439829,1,1,0,0,0,1,3,-0.19787614002696538,-1.6499255904942665
0,0,0,0.5549717837226001,0,0,-0.6899004003843444,0,1,0,0,1,0,1,-0.22292464584758398,0.8622058698619297
0,0,0,0.1070477828022663,1,0,-1.5207546382825785,0,1,0,1,0,0,1,-1.0434826684276972,1.0389211872698805
1,0,0,-0.9516816739185228,1,1,0.3071246850935365,0,0,1,0,1,0,3,-0.5089770904862446,-0.840647850585488
1,0,0,1.2879383306831464,1,1,1.3041497705714176,0,0,1,1,0,0,2,1.7999803913852228,0.034567409740658
0,0,0,-0.7888002190384014,1,0,0.4732955326731833,1,1,0,0,0,1,3,-0.2809501676400895,-0.9668662139972103
0,0,0,0.9214550572028734,1,0,0.5729980412209714,0,0,1,1,0,0,2,1.019448358263691,0.25380047422680135
0,0,1,0.758573602322752,1,0,0.971808075412124,0,1,0,1,0,0,2,1.1802920187200345,-0.0560079061334162
0,0,1,-1.1145631287986442,1,1,-1.3545837907029317,0,1,0,0,0,1,0,-1.7886544855967443,0.22604620748414267
1,0,1,-0.5037576729981889,1,0,0.174188007029819,1,1,0,1,0,0,3,-0.2719123425813366,-0.3738258592432223
0,0,1,-0.3815965818380978,1,0,-1.288115451671073,0,1,0,0,0,1,0,-1.2328985287203849,0.6832683487116665
1,1,1,1.1657772395230557,1,0,1.1379789229917707,0,1,0,0,1,0,2,1.6080454795447932,0.04686229377249139
0,0,1,0.880734693482843,1,1,0.174188007029819,0,0,1,1,0,0,2,0.7214229161765726,0.6662697223834607
1,0,0,-0.7073594915983407,1,0,0.3735930241253952,1,1,0,1,0,0,3,-0.2796339104733519,-0.8111923606360255
0,0,1,1.2879383306831464,1,1,-1.3213496211870024,0,0,1,1,0,0,1,-0.04803070973580764,1.9756513918980285
0,0,1,-0.5851984004382496,1,1,0.0080171594501722,0,0,1,1,0,0,3,-0.4275440458324133,-0.2434676823458048
1,0,0,0.7992939660427822,1,0,1.270915601055488,0,0,1,1,0,0,2,1.4256421235405765,-0.29290005899948174
1,0,0,-0.62591876415828,1,1,-1.4875204687666492,0,0,1,1,0,0,0,-1.5181055579597962,0.6115682751904482
0,0,1,-0.2187151269579764,1,1,-1.4875204687666492,0,0,1,1,0,0,0,-1.2256541059728432,1.0374798006056554
0,0,0,1.0436161483629645,1,1,1.536788957182923,0,0,1,1,0,0,2,1.792956564931459,-0.3124422807396443
0,0,1,1.4508197855632678,1,0,1.4703206181510644,0,0,1,1,0,0,2,2.030834576654876,0.16694461194323879
1,0,0,-1.2774445836787656,1,1,-1.5207546382825785,0,1,0,0,0,1,0,-2.026502662014609,0.08463311299019183
0,0,0,0.9214550572028734,1,0,0.0412513289661016,0,1,0,0,0,1,2,0.6175482124600429,0.5234922316640978
0,0,0,1.6137012404433893,1,1,0.6394663802528302,0,0,1,1,0,0,2,1.560535863208426,0.7006602134739573
0,0,0,-1.0738427650786138,0,1,-0.6566662308684151,0,0,1,1,0,0,0,-1.2985021506676253,-0.21295821293698736
0,0,0,1.125056875803025,1,0,1.1712130925077,0,0,1,0,1,0,2,1.5562960961475851,-0.008739383121942716
1,0,1,1.1657772395230557,1,1,1.3706181096032763,1,1,0,1,0,0,2,1.7548098264711995,-0.01902016097123129
0,0,0,-1.2367242199587352,1,0,-1.45428629925072,1,1,0,0,0,1,0,-1.9572607698194482,0.041520147702883196
1,0,0,1.247217966963116,1,0,0.2406563460616778,0,0,1,1,0,0,2,1.0133838552940284,0.7260145247588851
0,0,0,-0.62591876415828,1,0,0.6394663802528302,0,0,1,1,0,0,3,-0.02256201048250188,-0.8722559397883337
1,1,0,1.0436161483629645,1,0,1.1379789229917707,1,1,0,1,0,0,2,1.5456760048833291,-0.20226899203207868
0,0,1,-0.2594354906780068,1,0,-0.4904953832887682,0,1,0,0,0,1,0,-0.5837196430000371,0.22188301299646077
0,0,1,0.8400143297628127,0,0,-0.5237295528046976,0,1,0,0,0,1,1,0.114039232806486,1.087054769230691
0,0,0,-0.3001558543980371,1,0,-1.5207546382825785,0,1,0,0,1,0,0,-1.3588886312416935,0.7598844530279181
0,0,0,-1.2774445836787656,1,1,0.5729980412209714,1,1,0,0,0,1,3,-0.5474321893489448,-1.3673765473886978
0,0,1,-0.3408762181180675,1,1,-1.45428629925072,0,1,0,1,0,0,0,-1.2995335293575265,0.848147297476155
0,0,0,-1.2367242199587352,1,0,0.1409538375138897,0,1,0,0,0,1,3,-0.8308416037470491,-1.0518556431061739
1,0,0,-1.2774445836787656,1,0,-1.4875204687666492,1,0,1,0,1,0,0,-2.012444117290301,0.15289052927846997
0,0,0,1.4100994218432374,1,0,0.3403588546094659,0,0,1,1,0,0,2,1.1990561072813917,0.7544613491437472
1,0,0,-0.62591876415828,0,1,-0.3243245357091214,0,1,0,0,1,0,0,-0.7894748389501866,-0.18696099862856203
1,0,0,-0.8702409464784621,1,1,0.174188007029819,0,1,0,1,0,0,3,-0.5280680519963871,-0.779221240745954
1,0,0,0.758573602322752,1,0,-1.3213496211870024,0,0,1,1,0,0,1,-0.4334454555551211,1.4554014145021286
0,0,0,-1.1960038562387048,1,0,0.174188007029819,0,0,1,0,0,1,3,-0.7673409168987809,-0.964948837719933
0,1,0,-1.2774445836787656,1,1,0.4732955326731833,1,1,0,0,0,1,3,-0.5644926607542697,-1.3888779809768075
0,0,1,-1.2774445836787656,1,1,0.174188007029819,1,1,0,0,0,1,3,-0.8237951883562263,-0.935509004960301
0,1,0,1.6137012404433893,1,0,0.6394663802528302,0,1,0,1,0,0,2,1.5955054118740368,0.5205356195372565
1,0,0,-0.5444780367182193,1,1,0.0080171594501722,0,0,1,1,0,0,3,-0.40477472131082315,-0.3566031555668275
1,0,0,1.3286586944031769,1,0,-1.288115451671073,0,1,0,0,0,1,1,-0.03521540084877009,1.7359345245780577
0,0,0,0.5142514200025698,1,1,1.1712130925077,0,0,1,1,0,0,2,1.162285194408559,-0.4315214206663017
1,0,0,-1.1145631287986442,1,0,0.805637227832477,0,1,0,0,1,0,3,-0.28996801580940684,-1.3863517048887743
0,0,0,0.9621754209229036,0,0,-0.6566662308684151,0,1,0,1,0,0,1,0.11594838292625408,1.1184639417953701
0,1,0,-1.1552834925186746,1,1,0.3071246850935365,0,0,1,0,1,0,3,-0.5982732179566507,-1.0896101388567045
0,0,0,1.2879383306831464,1,1,0.7059347192846889,0,1,0,0,1,0,2,1.3379997141098348,0.35168324660951117
0,0,1,0.3513699651224484,1,1,-1.4875204687666492,0,0,1,0,1,0,1,-0.8533056473136543,1.4408635438782766
0,0,0,0.1070477828022663,1,0,-0.1249195186135452,0,0,1,1,0,0,3,-0.046488711453970974,0.16346865144361056
0,0,0,-1.2774445836787656,0,1,-1.3213496211870024,1,0,1,1,0,0,0,-1.9111256410047053,0.1004441004179148
0,1,0,-1.1960038562387048,1,0,0.4732955326731833,1,1,0,0,1,0,3,-0.5279655001940811,-1.3222248103854473
1,1,0,1.1657772395230557,1,0,-1.3213496211870024,0,1,0,1,0,0,1,-0.10491757346080424,1.5686545784878743
1,1,0,-1.2774445836787656,1,0,0.3071246850935365,1,0,1,1,0,0,3,-0.6630402084511493,-1.1722997872845093
0,0,1,0.1070477828022663,1,0,-0.291090366193192,0,1,0,1,0,0,1,-0.169959435402738,0.35463427658069824
0,0,1,1.4915401492832985,1,0,1.6032572962147815,0,1,0,1,0,0,2,2.1419820880619147,0.023012868140603666
0,0,0,1.2879383306831464,1,1,0.1077196679979603,0,1,0,0,0,1,2,0.9293842435803829,0.7428784784063927
1,0,1,0.758573602322752,1,1,1.5035547876669937,0,0,1,1,0,0,2,1.5734909346904493,-0.31322539470474076
1,0,1,-0.62591876415828,1,1,-1.4875204687666492,0,1,0,0,0,1,0,-1.5392908558951597,0.6753250304175251
0,0,1,1.4915401492832985,0,0,-0.6899004003843444,0,1,0,0,0,1,1,0.45520685065606803,1.655895065783024
1,0,1,-1.2774445836787656,0,1,-1.1219446040914265,1,0,1,0,1,0,0,-1.7945683904639806,0.14455478762403218
0,0,1,-0.4630373092781585,1,1,0.0080171594501722,0,0,1,1,0,0,3,-0.34157474314826514,-0.15816512265648175
0,0,0,0.880734693482843,1,1,1.071510583959912,0,0,1,1,0,0,2,1.3497919045814786,-0.1072777546727667
1,0,0,-1.2774445836787656,0,0,-1.3878179602188612,1,0,1,1,0,0,0,-1.965699081268242,0.15391946768559123
1,0,0,-1.1552834925186746,1,0,0.174188007029819,1,0,1,1,0,0,3,-0.7242798960805679,-0.9060451578474226
1,0,1,-1.318164947398796,1,1,-0.0916853490976158,0,0,1,0,0,1,0,-1.0294562807982728,-0.6835086769815749
1,0,0,-1.0331224013585834,1,1,0.174188007029819,0,0,1,1,0,0,3,-0.6313166022482073,-0.8117067058667294
1,0,1,-0.0151133083578247,1,0,-1.5207546382825785,0,0,1,0,1,0,0,-1.1423199296697932,1.215652569769462
1,0,1,1.6137012404433893,1,0,-1.4875204687666492,0,1,0,0,0,1,1,0.02981903549934385,2.230169399097076
1,0,0,-0.5444780367182193,0,0,-0.8228370784480619,1,1,0,1,0,0,0,-1.062320330506422,0.19724628544499942
1,0,1,-0.9109613101984924,1,1,-1.4875204687666492,0,0,1,1,0,0,0,-1.7134588050453232,0.5710525639748275
1,1,0,-0.4630373092781585,1,0,0.1409538375138897,1,1,0,0,0,1,3,-0.23367394413555193,-0.5844895839788019
0,1,0,0.5142514200025698,1,1,0.174188007029819,0,0,1,1,0,0,2,0.5116139420875099,0.16200102807568337
1,1,0,-0.0151133083578247,1,1,-1.4875204687666492,0,0,1,1,0,0,0,-1.0349183180648553,0.9482436531233874
0,0,0,0.3106496014024181,1,1,1.3706181096032763,0,0,1,0,0,1,2,1.1447555152415576,-0.7238798857003729
0,0,0,0.5956921474426305,0,1,-0.7563687394162032,0,0,1,1,0,0,1,-0.19398954519712588,1.0211794230759925
0,0,0,0.1477681465222966,0,0,-0.3907928747409802,0,1,0,0,1,0,1,-0.298285394489503,0.37285604345415496
0,0,1,1.4915401492832985,1,0,1.3373839400873468,0,1,0,1,0,0,2,1.9542455603831814,0.2052421666087797
0,0,0,1.5729808767233588,1,1,0.5397638717050421,0,0,1,0,1,0,2,1.4326366105673491,0.7458671452255299
1,0,0,0.1070477828022663,0,1,-0.3907928747409802,0,1,0,1,0,0,1,-0.29175153423147837,0.3651065527353056
1,0,0,-1.1960038562387048,1,1,-0.3243245357091214,0,1,0,0,0,1,0,-1.1243754190042112,-0.6785303569903857
1,1,0,1.6137012404433893,1,1,1.5035547876669937,0,1,0,0,1,0,2,2.183156180248988,-0.04041464186182942
1,0,1,1.6137012404433893,1,1,0.8721055668643357,0,1,0,0,1,0,2,1.689182993048615,0.6407409572398974
0,0,1,1.4508197855632678,1,0,0.2738905155776072,0,1,0,1,0,0,2,1.1746430154401994,0.9057251739183765
0,0,0,0.3920903288424788,0,0,-0.3243245357091214,0,1,0,1,0,0,1,-0.05057103666802071,0.4925987068266427
1,1,0,-0.4630373092781585,1,1,-1.4875204687666492,0,0,1,1,0,0,0,-1.3501390945733986,0.6354676009292032
0,1,0,-0.9924020376385532,1,1,0.9053397363802652,1,0,1,1,0,0,3,-0.03239867323380072,-1.3911944455467844
1,1,0,-0.9109613101984924,1,1,0.3403588546094659,0,0,1,1,0,0,3,-0.37467124329065093,-0.9301348782336923
0,0,0,1.5729808767233588,1,1,1.4038522791192056,0,1,0,1,0,0,2,2.0602447593963573,0.06706551268318783
0,1,0,0.5549717837226001,1,0,0.8721055668643357,0,1,0,0,1,0,2,0.985865963130142,-0.3728987358740826
0,0,1,-1.1960038562387048,1,0,0.5065297021891128,0,0,1,1,0,0,3,-0.5123785610037414,-1.0206963077116198
0,1,0,-0.8295205827584317,1,0,0.8721055668643357,1,1,0,0,1,0,3,0.011547199376462994,-1.3396610790197427
0,0,0,-0.2594354906780068,0,1,-0.556963722320627,0,0,1,0,1,0,0,-0.6838138887606156,0.2926946627887138
1,0,0,-1.1960038562387048,1,0,-0.4904953832887682,0,0,1,0,1,0,0,-1.2511192700389526,-0.47360096685097525
0,0,0,0.6771328748826912,1,0,0.3071246850935365,0,1,0,1,0,0,2,0.6483960385562846,0.1841733721846763
1,0,0,0.0256070553622056,1,0,0.5397638717050421,0,0,1,0,0,1,3,0.3498445183053175,-0.3455345912784435
1,0,0,0.3920903288424788,1,1,0.971808075412124,0,0,1,1,0,0,2,0.9348681787697205,-0.3631980715624902
1,0,1,-0.055833672077855,1,1,0.3403588546094659,0,1,0,1,0,0,3,0.16763775487462712,-0.16590722630027827
1,1,1,1.4508197855632678,1,1,1.4038522791192056,0,0,1,1,0,0,2,2.043589845161964,0.14865434327997956
1,1,1,1.369379058123207,1,0,1.7029598047625698,0,1,0,1,0,0,2,2.1791093925358505,-0.2035091640459592
1,0,1,1.0436161483629645,1,0,-1.4875204687666492,0,1,0,1,0,0,1,-0.3563211399075425,1.84560634558097
1,0,1,0.1070477828022663,1,0,-1.4875204687666492,0,1,0,1,0,0,1,-1.0154191271526782,1.1916200546294937
1,0,0,-1.2774445836787656,1,1,-1.4875204687666492,0,1,0,1,0,0,0,-1.9879856922689632,0.0753700090490706
0,0,0,0.3106496014024181,1,0,0.3403588546094659,0,1,0,1,0,0,3,0.41395519646368195,-0.09451296919181465
0,0,0,-0.7888002190384014,1,0,0.3735930241253952,0,0,1,1,0,0,3,-0.3249242750734326,-0.8037633875725881
1,0,0,1.002895784642934,1,0,-0.291090366193192,0,1,0,1,0,0,1,0.4545950079078892,0.8386167211849364
1,0,0,-1.2774445836787656,1,1,-0.6234320613524857,1,0,1,1,0,0,0,-1.3664647906527032,-0.43562392984084686
0,0,0,0.5549717837226001,1,1,-0.3575587052250508,1,0,1,0,1,0,1,0.08261497395039023,0.6500363634779331
0,1,1,0.3106496014024181,1,0,1.0050422449280532,1,1,0,1,0,0,2,0.9418790346455331,-0.4814000411497981
1,0,1,-0.4630373092781585,1,0,0.4400613631572539,1,0,1,0,0,1,3,-0.05919209779998175,-0.4598852483840365
0,0,0,-1.0738427650786138,1,1,1.1047447534758412,1,0,1,1,0,0,3,-0.0022498724050496743,-1.4948973720104561
1,0,1,1.0843365120829946,1,1,1.536788957182923,0,0,1,1,0,0,2,1.826209474474686,-0.1085305645084016
1,0,0,-0.7073594915983407,1,0,-0.1913878576454039,1,1,0,0,1,0,3,-0.7074156523241625,-0.41864997000203696
0,0,0,-0.2187151269579764,1,0,1.0050422449280532,1,0,1,1,0,0,3,0.52214005735625,-0.8384793595509995
1,0,0,1.5729808767233588,1,0,1.7029598047625698,0,1,0,1,0,0,2,2.263809044691079,-0.13002440544287786
0,0,0,0.5142514200025698,1,0,0.805637227832477,0,0,1,1,0,0,2,0.897153477702089,-0.18999202756392952
1,0,0,-1.1552834925186746,1,0,-1.45428629925072,0,1,0,1,0,0,0,-1.8855433147731857,0.1288580141385016
0,0,0,-1.2774445836787656,1,1,-1.4875204687666492,1,1,0,0,1,0,0,-2.0161819956068245,0.06372120549618243
1,0,1,0.5956921474426305,1,1,1.1379789229917707,1,0,1,0,1,0,2,1.1718858516864912,-0.171091724174315
1,0,0,0.0663274190822359,1,1,-0.4904953832887682,0,0,1,1,0,0,1,-0.3269341972877071,0.4115895775076176
0,0,1,-0.5851984004382496,1,0,-0.3575587052250508,0,1,0,1,0,0,0,-0.7040529491992606,-0.08318957037508776
0,0,0,-0.9924020376385532,1,1,-0.3575587052250508,0,0,1,1,0,0,0,-0.9774879061819833,-0.4357678573092718
1,0,0,-1.0331224013585834,0,1,-0.9557737565117794,0,0,1,1,0,0,0,-1.4816946272737919,0.03743786934482102
1,0,1,-1.1145631287986442,1,1,0.6394663802528302,1,0,1,1,0,0,3,-0.3548487547557047,-1.0289527565861203
0,0,0,0.2699292376823877,1,1,-0.1913878576454039,0,0,1,1,0,0,1,0.028196884686755533,0.33179861460445526
1,0,1,-0.1372743995179157,1,1,-1.45428629925072,0,0,1,0,0,1,0,-1.1605693925383485,1.0750078879979503
0,0,0,-1.2774445836787656,1,0,-0.3243245357091214,1,1,0,1,0,0,0,-1.1729870576270767,-0.7478729989825728
1,0,1,-0.055833672077855,0,1,-1.3213496211870024,0,0,1,0,1,0,0,-1.0756777593815492,1.1342523583683939
1,0,0,-1.2367242199587352,0,1,-1.3545837907029317,0,0,1,1,0,0,0,-1.9065815899321386,0.16861088423154683
1,0,0,1.247217966963116,1,0,0.2074221765457484,0,1,0,0,1,0,2,0.9496979821403074,0.6728470373248662
1,0,0,-0.5037576729981889,1,0,0.4732955326731833,0,1,0,0,1,0,3,-0.09479216198708268,-0.7320522833569392
0,0,0,1.5729808767233588,1,0,0.6062322107369008,0,1,0,0,0,1,2,1.474991281426141,0.5912019574289457
0,0,0,1.369379058123207,1,0,-0.1249195186135452,0,0,1,1,0,0,1,0.8418607496155598,1.044928434899948
1,0,0,-0.9924020376385532,1,0,-0.6566662308684151,1,1,0,0,1,0,0,-1.236549615358291,-0.2987880036244822
0,0,0,-1.2367242199587352,1,0,1.0382764144439829,1,0,1,0,0,1,3,-0.1858536361709473,-1.5856282443046135
1,0,0,-1.1960038562387048,0,1,-0.9890079260277088,0,0,1,1,0,0,0,-1.6197874301458308,-0.05352021459908763
0,0,0,0.5956921474426305,1,0,-1.4875204687666492,0,1,0,1,0,0,1,-0.676138391731263,1.3573527637186504
1,0,0,-1.2367242199587352,0,1,-0.5237295528046976,1,0,1,0,1,0,0,-1.3487465614696,-0.39555054209238955
1,0,0,-1.2774445836787656,1,0,0.3071246850935365,0,1,0,1,0,0,3,-0.7277581215857264,-1.1637136479024888
0,0,0,-1.0331224013585834,1,0,-1.4875204687666492,0,1,0,0,1,0,0,-1.8512373813867407,0.22529043258345838
1,0,1,1.4915401492832985,1,1,1.3373839400873468,0,1,0,0,1,0,2,1.9317526138022498,0.2365371252312664
1,0,0,-1.1145631287986442,1,0,1.3373839400873468,0,1,0,1,0,0,3,0.1143466600815621,-1.7561154332142408
0,0,0,1.5729808767233588,1,1,-1.4875204687666492,0,0,1,1,0,0,1,0.02998720755051139,2.130060414656259
0,0,0,-1.2774445836787656,1,0,0.3071246850935365,1,0,1,1,0,0,3,-0.7157356177297083,-1.0994163017128358
0,0,1,-0.748079855318371,1,0,0.8388713973484064,1,1,0,0,1,0,3,-0.0027059320906615697,-1.011653028345197
0,0,0,-0.1372743995179157,1,1,-1.5207546382825785,0,0,1,1,0,0,0,-1.197050095987404,0.9586032413142597
1,0,0,0.9621754209229036,1,0,0.5729980412209714,0,1,0,1,0,0,2,1.0360822886357224,0.21793731460025623
1,1,0,-1.0738427650786138,1,0,1.0382764144439829,1,0,1,1,0,0,3,-0.003482586194385906,-1.5312594252564555
1,1,0,-1.2774445836787656,0,1,-0.8228370784480619,1,0,1,1,0,0,0,-1.5064242423285215,-0.31411931978158897
0,0,1,0.5549717837226001,1,1,0.8721055668643357,0,0,1,1,0,0,2,0.984979827508852,-0.03955567860036311
1,0,0,-0.5037576729981889,1,0,1.437086448635135,0,1,0,1,0,0,3,0.6145943713818277,-1.397938621693192
0,1,0,-0.5037576729981889,1,0,0.7059347192846889,1,1,0,0,0,1,3,0.13725506014934769,-1.0171149647287863
0,1,0,0.188488510242327,1,1,0.3735930241253952,1,1,0,0,1,0,3,0.38294605682828486,-0.2780905880228511
0,0,1,-0.3408762181180675,1,1,-1.4875204687666492,0,0,1,0,1,0,0,-1.3404650291904936,0.9574823723054464
1,0,1,-0.1372743995179157,1,0,1.0050422449280532,1,0,1,1,0,0,3,0.5840494011275261,-0.6061334567566489
0,0,0,-0.4630373092781585,1,1,1.3041497705714176,1,0,1,1,0,0,3,0.5683990367747409,-1.2050565474149735
1,0,1,-0.5444780367182193,1,0,1.270915601055488,1,1,0,0,0,1,3,0.45879449607958345,-1.1674714603549574
0,0,0,0.880734693482843,1,0,0.5397638717050421,0,1,0,0,0,1,2,0.9408977676296183,0.1533781104731597
1,0,0,-1.2367242199587352,1,0,-1.5207546382825785,1,0,1,1,0,0,0,-1.9784131284885904,0.19879824676098543
0,1,0,-0.2187151269579764,1,0,1.3041497705714176,1,0,1,1,0,0,3,0.786684377469025,-1.1333247408413734
1,0,0,0.5549717837226001,0,1,-0.1249195186135452,0,1,0,0,0,1,1,0.19615586616999314,0.4821377480939129
0,0,0,-0.5851984004382496,1,0,-1.4875204687666492,0,1,0,0,0,1,0,-1.5222248881304998,0.5192457950211276
0,0,1,0.4328106925625091,1,0,-0.291090366193192,1,1,0,1,0,0,1,0.05929203842165699,0.5821077690855594
0,0,0,-1.1960038562387048,1,0,-1.4875204687666492,0,1,0,0,0,1,0,-1.9520714015512404,0.09273299657451287
1,0,0,-1.1552834925186746,1,1,-0.6566662308684151,0,1,0,0,1,0,0,-1.3441813611222764,-0.40348885758554276
1,0,1,-1.0738427650786138,1,1,0.6394663802528302,1,0,1,1,0,0,3,-0.3261923205276553,-1.0005185700230126
1,1,0,0.1070477828022663,1,1,1.2044472620236295,0,0,1,0,1,0,2,0.9230417068329638,-0.8062203027884594
0,0,1,1.4508197855632678,0,0,-0.1581536881294745,0,1,0,1,0,0,1,0.8170733755712898,1.2765178406509643
0,0,0,-1.1145631287986442,1,0,1.0382764144439829,1,1,0,1,0,0,3,-0.09621161636137152,-1.5680614073795451
0,0,0,-1.1960038562387048,1,0,-0.6566662308684151,0,1,0,1,0,0,0,-1.3503448487693943,-0.46321800277113695
0,1,0,-1.1552834925186746,1,1,0.2738905155776072,0,1,0,0,1,0,3,-0.6331174705768694,-1.1480827576798378
0,0,0,-1.1552834925186746,1,0,-1.3213496211870024,0,1,0,1,0,0,0,-1.7910297337381782,0.020789429962410948
0,0,0,-1.2367242199587352,1,0,0.5065297021891128,1,1,0,1,0,0,3,-0.5576539744029861,-1.2889053701325155
1,0,1,0.3106496014024181,1,1,1.5035547876669937,0,0,1,1,0,0,2,1.258270158181906,-0.6260014468989251
1,0,0,-0.9109613101984924,1,0,1.0050422449280532,0,1,0,1,0,0,3,0.0229581716233926,-1.3861578773134822
1,1,0,-0.3408762181180675,1,0,0.5065297021891128,0,0,1,1,0,0,3,0.13686017455303628,-0.6549854701841654
0,1,0,1.6137012404433893,1,0,1.4038522791192056,0,1,0,0,0,1,2,2.1201980251645893,-0.01688917192615083
0,0,0,-0.3408762181180675,1,0,1.1379789229917707,1,1,0,1,0,0,3,0.5186618318510914,-1.0961478496060657
0,0,0,1.6137012404433893,1,0,0.7391688888006183,0,1,0,0,0,1,2,1.5975159794935567,0.5285214947579653
0,0,0,-1.2774445836787656,1,0,-0.4240270442569095,1,0,1,1,0,0,0,-1.2320110688462245,-0.5982857309253514
0,0,0,-0.5851984004382496,1,1,0.7724030583165477,1,1,0,1,0,0,3,0.09557949207274923,-1.0071517912995993
1,0,0,-1.1552834925186746,0,0,-0.8228370784480619,0,1,0,1,0,0,0,-1.492166843927163,-0.22926651300161544
1,1,0,0.1477681465222966,1,0,0.8721055668643357,1,0,1,1,0,0,3,0.7388751108478868,-0.5643405168206158
0,0,0,-0.8702409464784621,1,0,0.3403588546094659,0,1,0,0,0,1,3,-0.4321312999355548,-0.9326199378893374
1,0,0,-1.2774445836787656,1,1,0.174188007029819,1,1,0,1,0,0,3,-0.8146323942768807,-1.0635631063770306
1,0,0,0.3920903288424788,1,0,0.5065297021891128,0,1,0,0,0,1,2,0.5729081737375431,-0.14809953103360773
0,1,0,-0.6666391278783103,1,1,0.6727005497687596,1,1,0,0,0,1,3,0.006156248425520761,-1.0990371563813248
1,0,0,0.7178532386027215,1,1,1.6364914657307112,0,0,1,1,0,0,2,1.6334609717909483,-0.5912978252280695
0,0,1,0.2292088739623573,1,0,-1.4875204687666492,0,0,1,1,0,0,1,-0.9174273206125121,1.3412199605084694
1,1,1,-0.3408762181180675,1,0,0.5065297021891128,0,1,0,0,0,1,3,0.11567487661767263,-0.5912287149570885
1,0,1,-0.055833672077855,1,0,-0.1581536881294745,0,1,0,0,0,1,3,-0.2064121294570146,0.15322125766878128
1,0,1,-0.9924020376385532,1,0,-1.5207546382825785,0,0,1,1,0,0,0,-1.801232730609476,0.5279269608657641
0,1,0,0.4328106925625091,1,0,1.437086448635135,1,1,0,1,0,0,2,1.3276784022968042,-0.8507436861973943
0,0,0,1.002895784642934,1,1,0.174188007029819,0,0,1,0,0,1,2,0.7871005225640976,0.5795331289792501
0,0,1,-0.7888002190384014,1,0,-1.45428629925072,0,1,0,0,0,1,0,-1.6367982008000868,0.5128197946232
1,0,0,0.3106496014024181,1,1,0.8388713973484064,0,0,1,0,1,0,2,0.7548454259407523,-0.3236466640655031
1,0,1,-0.3815965818380978,1,0,-1.4875204687666492,0,0,1,1,0,0,0,-1.3479191512288937,0.9316610970038569
0,0,1,1.6137012404433893,1,0,0.6394663802528302,0,1,0,1,0,0,2,1.547406477910655,0.7688966347770648
0,0,0,0.9214550572028734,1,1,0.6394663802528302,0,0,1,1,0,0,2,1.0733764813315865,0.2172790419011273
1,0,0,0.6364125111626608,1,1,1.536788957182923,0,1,0,0,0,1,2,1.4793198150091424,-0.6745970509277746
0,0,1,0.1477681465222966,1,0,1.071510583959912,1,0,1,1,0,0,2,0.8322238898391959,-0.4696054103739418
1,0,0,-0.8702409464784621,1,0,0.1409538375138897,0,1,0,1,0,0,3,-0.5585291091044409,-0.765478470728802
0,0,0,-1.2774445836787656,1,0,0.6727005497687596,0,0,1,0,1,0,3,-0.4864395127049528,-1.344676455717464
0,0,0,0.8400143297628127,1,0,1.1047447534758412,1,0,1,1,0,0,2,1.3376085451650586,-0.1675264958357664
1,0,0,1.5322605130033284,0,1,-0.4572612137728389,0,1,0,1,0,0,1,0.6642895318305664,1.4058604070611176
1,0,0,-0.8295205827584317,1,1,1.0382764144439829,0,0,1,1,0,0,3,0.12210928384792265,-1.2617809930727637
1,0,0,-0.4223169455581282,1,0,1.0050422449280532,1,1,0,1,0,0,3,0.366835382359985,-1.0449476385561904
0,0,1,0.9214550572028734,1,0,0.1409538375138897,0,1,0,0,1,0,2,0.6793994861026883,0.6325005292211794
0,1,0,-0.1779947632379461,1,1,-0.0252170100657571,0,0,1,1,0,0,3,-0.11634783554837938,-0.18470816964601477
0,0,1,1.0436161483629645,1,0,-1.4875204687666492,0,1,0,1,0,0,1,-0.3556758227119015,1.8286524106389674
1,0,0,-0.5444780367182193,1,0,-1.4875204687666492,0,0,1,1,0,0,0,-1.4677866806519095,0.6594007560252936
0,0,0,-0.5444780367182193,1,1,1.0050422449280532,1,0,1,1,0,0,3,0.2998825746800672,-1.0569169597644905
1,0,0,-0.055833672077855,1,0,0.2406563460616778,0,0,1,1,0,0,3,0.09637795999644876,-0.18387944526055977
0,0,0,-0.7888002190384014,1,0,0.805637227832477,1,1,0,0,0,1,3,-0.04627950804167302,-1.1946528370824303
1,0,0,-1.2774445836787656,1,0,-1.4875204687666492,1,1,0,1,0,0,0,-1.9949796834171754,0.06633411675770057
1,0,1,-1.2774445836787656,1,1,0.2074221765457484,1,0,1,1,0,0,3,-0.7745463491458436,-0.8465668928277646
0,1,0,-0.5851984004382496,1,0,0.3071246850935365,0,1,0,1,0,0,3,-0.18661269603904607,-0.7871238317853367
0,0,1,-1.2367242199587352,1,0,-1.4875204687666492,0,1,0,1,0,0,0,-1.9604361394826668,0.23633796310493865
1,0,0,1.5322605130033284,1,0,0.0080171594501722,0,1,0,1,0,0,2,1.0383322465111056,1.0032531857286378
1,1,0,0.4735310562825394,1,0,-1.5207546382825785,0,0,1,0,1,0,1,-0.7503437849698193,1.3085017932869454
0,0,1,-1.1552834925186746,1,0,-1.45428629925072,0,1,0,0,1,0,0,-1.908497825600229,0.2757328053117461
1,0,0,1.3286586944031769,1,0,0.3735930241253952,0,0,1,1,0,0,2,1.164564987589494,0.6917682486510125
0,1,0,1.5729808767233588,1,0,1.1712130925077,0,1,0,0,1,0,2,1.913480412469951,0.13294796742691062
0,0,1,1.2879383306831464,1,0,-0.3575587052250508,0,0,1,0,1,0,1,0.5966785914178852,1.3113394240486338
0,0,0,-0.1779947632379461,1,0,0.9053397363802652,1,1,0,1,0,0,3,0.4690181070443974,-0.8229604671939811
0,1,0,-0.6666391278783103,1,0,1.0382764144439829,1,0,1,1,0,0,3,0.28372707328174873,-1.2638714945673815
0,0,1,1.5322605130033284,1,1,1.6364914657307112,1,1,0,0,1,0,2,2.172257958864515,0.04300941607567289
0,0,1,0.2699292376823877,1,0,0.5729980412209714,0,1,0,1,0,0,2,0.5548100164653422,-0.12387419718844372
1,0,0,-0.5444780367182193,1,1,-0.6566662308684151,0,1,0,0,1,0,0,-0.9143348477015358,0.02302394086107205
0,0,0,1.125056875803025,1,1,1.3373839400873468,0,1,0,1,0,0,2,1.698089850968131,-0.2001532148939522
1,0,0,0.758573602322752,1,0,0.8388713973484064,0,1,0,0,0,1,2,1.065486741388404,-0.1199784750508591
0,1,0,0.9621754209229036,1,1,1.5035547876669937,0,1,0,0,1,0,2,1.7252985497958393,-0.5123155618135544
1,0,0,1.369379058123207,1,1,1.3373839400873468,1,0,1,0,0,1,2,1.8657104220153584,0.05514156219095058
0,0,1,1.0436161483629645,0,1,-0.291090366193192,0,1,0,0,0,1,1,0.42858485681383685,1.0788109581779453
0,0,1,1.4915401492832985,1,1,-0.1913878576454039,0,0,1,0,1,0,1,0.8642900835055527,1.3486529376129321
0,0,0,-0.2187151269579764,1,0,-0.291090366193192,0,1,0,1,0,0,3,-0.4044527017379512,-0.031362810650295704
0,0,0,-1.2774445836787656,1,0,-0.5237295528046976,0,1,0,0,0,1,0,-1.3288393571719312,-0.6247165834988413
0,0,0,-1.0331224013585834,0,0,-1.3213496211870024,0,0,1,1,0,0,0,-1.7461810267846214,0.26201332750519074
1,1,0,-0.9924020376385532,1,0,0.174188007029819,1,1,0,1,0,0,3,-0.5676906193545476,-0.9633971132403228
1,0,1,-0.7073594915983407,1,1,0.174188007029819,0,1,0,0,0,1,3,-0.4232504263591761,-0.5204764581347914
1,0,0,-0.9516816739185228,1,0,-1.4875204687666492,0,0,1,1,0,0,0,-1.7543510229324035,0.375058890394217
1,0,0,-0.8295205827584317,1,0,0.0744854984820309,0,0,1,1,0,0,3,-0.5654296201356978,-0.610235678416995
0,0,0,-0.3001558543980371,1,1,0.2074221765457484,0,0,1,0,0,1,3,-0.1064383067736408,-0.35313950334871674
0,0,1,-0.1779947632379461,1,0,0.5397638717050421,1,1,0,0,0,1,3,0.2010722702111527,-0.42738714544150663
0,0,0,0.6771328748826912,1,0,1.2044472620236295,0,1,0,0,0,1,2,1.2669569156862042,-0.4443660685128192
1,1,0,1.002895784642934,0,1,-0.6566662308684151,1,0,1,1,0,0,1,0.21567140424145187,1.1643018162098298
1,0,0,-0.8702409464784621,1,1,-1.45428629925072,0,0,1,0,1,0,0,-1.6954187179017532,0.4234896248923947
0,0,1,0.188488510242327,1,0,1.0050422449280532,0,0,1,1,0,0,2,0.813946192147562,-0.3956138991937902
1,0,0,0.3106496014024181,1,1,1.2044472620236295,1,1,0,1,0,0,2,1.030447585372136,-0.6607683619800149
1,0,0,0.880734693482843,0,1,-0.6566662308684151,0,0,1,0,1,0,1,0.047519754549601126,1.1741418084232966
1,0,0,-0.8295205827584317,1,0,0.6727005497687596,0,1,0,0,0,1,3,-0.1694495233047299,-1.1150184394694473
1,0,0,-1.1552834925186746,1,0,-0.3243245357091214,0,0,1,0,0,1,0,-1.0913357892639974,-0.577880781586993
1,0,1,1.369379058123207,1,0,1.270915601055488,0,0,1,1,0,0,2,1.8320739952440859,0.2637021476101581
1,0,1,1.5322605130033284,0,0,-0.1581536881294745,0,1,0,0,1,0,1,0.8448993062982448,1.355645280108296
0,0,0,-1.2774445836787656,1,1,0.3403588546094659,1,0,1,0,1,0,3,-0.714116181155157,-1.1078539403408736
1,0,0,1.0436161483629645,1,0,1.270915601055488,1,1,0,0,0,1,2,1.571153638462691,-0.21706177911989172
1,1,0,0.5956921474426305,1,1,0.7059347192846889,0,1,0,0,0,1,2,0.9173274582592522,-0.22340210029150726
0,1,0,-1.1552834925186746,1,1,0.4732955326731833,1,0,1,0,1,0,3,-0.48093788815744243,-1.2035034503993145
0,0,1,1.002895784642934,1,0,-0.1913878576454039,0,1,0,1,0,0,1,0.5308833154938734,0.9118503940435007
0,0,0,-0.7073594915983407,1,0,0.971808075412124,0,1,0,0,0,1,3,0.128368690213634,-1.2516777754988253
0,0,0,-0.3408762181180675,1,0,0.8388713973484064,0,1,0,0,1,0,3,0.2786166176790139,-0.8858347574402533
0,0,0,-0.5037576729981889,1,0,-1.5207546382825785,0,1,0,0,0,1,0,-1.4883790856342425,0.5988928304558648
1,1,0,1.1657772395230557,1,1,1.1047447534758412,0,1,0,1,0,0,2,1.615172232755848,-0.08515187774286342
0,0,0,-0.6666391278783103,0,0,-0.4904953832887682,1,0,1,1,0,0,0,-0.9015964697361355,-0.05154555113989107
0,0,0,1.6137012404433893,1,1,1.1047447534758412,0,1,0,0,0,1,2,1.8626476962000271,0.28699210165559313
0,1,0,-0.748079855318371,0,0,-0.8228370784480619,0,1,0,1,0,0,0,-1.151616457976828,-0.051716002826217
1,0,0,-1.2367242199587352,1,1,-0.6234320613524857,1,0,1,1,0,0,0,-1.337808356424654,-0.4071897432777391
1,0,1,1.2879383306831464,1,0,0.9053397363802652,0,1,0,0,1,0,2,1.4764045940358497,0.3814529101351441
1,0,0,-0.0965540357978854,1,1,-1.4875204687666492,0,0,1,0,0,1,0,-1.160621816780959,0.9676971421434472
1,0,0,1.2879383306831464,1,1,0.805637227832477,0,0,1,0,1,0,2,1.419132781454096,0.3815524757576026
1,0,0,1.1657772395230557,1,0,1.5700231266988525,1,0,1,1,0,0,2,1.894753625231596,-0.24200034070821097
0,0,1,0.7178532386027215,1,1,0.6394663802528302,0,1,0,1,0,0,2,0.923958916041781,0.15238042268006646
0,0,0,0.5956921474426305,1,0,1.0050422449280532,0,0,1,1,0,0,2,1.095268741917237,-0.26979562828884635
1,0,0,0.758573602322752,1,1,-0.1581536881294745,0,0,1,1,0,0,1,0.39489584418754886,0.6671841259952275
0,0,0,0.188488510242327,1,0,0.8721055668643357,0,1,0,0,0,1,3,0.6884090453511952,-0.5577896841848907
0,1,0,1.2879383306831464,1,1,1.071510583959912,0,0,1,1,0,0,2,1.689696973336172,0.08722669044463413
1,0,0,1.125056875803025,0,1,-0.1581536881294745,0,0,1,1,0,0,1,0.6003059698490248,0.9977618617849978
1,0,0,-1.2774445836787656,1,1,-1.4875204687666492,0,0,1,0,1,0,0,-2.0054501261420885,0.16192642156984
1,0,0,-0.748079855318371,1,0,0.5729980412209714,0,1,0,1,0,0,3,-0.16748794894235136,-0.9762985210502654
0,0,0,-1.2774445836787656,1,0,0.3735930241253952,1,1,0,0,0,1,3,-0.6952285762562069,-1.2397404658289357
0,0,1,-0.62591876415828,1,0,0.7724030583165477,1,1,0,0,1,0,3,0.03632923867380321,-0.8807931440388301
1,0,0,1.247217966963116,1,1,1.3041497705714176,0,1,0,0,1,0,2,1.7311051499632941,-0.06981292656499069
0,0,1,1.6137012404433893,1,0,-1.288115451671073,0,1,0,0,1,0,1,0.15747503170633692,2.0953641800604568
1,0,1,-0.1372743995179157,1,1,1.2044472620236295,0,0,1,0,0,1,3,0.7167958842489836,-0.7472850966838119
0,0,1,-0.5851984004382496,1,0,-0.0916853490976158,0,1,0,1,0,0,3,-0.5163164215205276,-0.265418868843264
1,1,0,0.2292088739623573,1,0,0.174188007029819,1,1,0,0,1,0,3,0.26316078695343115,-0.10506638495797888
1,1,0,-0.2594354906780068,1,1,-1.5207546382825785,0,1,0,0,0,1,0,-1.256751079839175,0.7056503565542075
1,1,0,1.5322605130033284,1,0,1.3373839400873468,0,1,0,1,0,0,2,2.030355611378971,0.002269272874080956
0,0,0,-1.0331224013585834,1,0,0.4732955326731833,1,0,1,1,0,0,3,-0.4264616825622038,-1.0427044938768
0,0,0,-0.4223169455581282,1,1,-1.45428629925072,0,0,1,1,0,0,0,-1.3507110036640666,0.714006610755462
0,0,1,-0.3001558543980371,1,1,-0.3243245357091214,0,0,1,1,0,0,0,-0.461619665834484,0.18335824668116904
1,0,0,0.0256070553622056,0,1,-0.8560712479639913,0,1,0,0,1,0,0,-0.7064449466588628,0.6324445833175129
1,1,0,-0.2187151269579764,1,0,1.0382764144439829,1,0,1,1,0,0,3,0.5983025325946509,-0.9341415074311948
1,0,1,-0.7073594915983407,1,1,0.3403588546094659,1,0,1,1,0,0,3,-0.2794880061137858,-0.5396029301783457
0,0,0,0.3513699651224484,1,0,-1.3213496211870024,0,1,0,1,0,0,1,-0.7307416673003511,1.0728543327973943
1,0,0,0.2292088739623573,1,1,1.0050422449280532,0,0,1,1,0,0,2,0.8437095078173644,-0.4997134801234427
1,1,0,0.4735310562825394,1,0,0.805637227832477,0,0,1,1,0,0,2,0.9211924527525984,-0.2913096996987105
1,0,1,1.369379058123207,1,0,-1.4875204687666492,0,1,0,1,0,0,1,-0.12706966608314765,2.073079838085831
1,0,1,-0.5444780367182193,1,0,-1.45428629925072,0,1,0,0,0,1,0,-1.4655049126274315,0.7003788489438484
1,0,0,-0.62591876415828,1,0,0.8388713973484064,1,1,0,0,1,0,3,0.0773762608870273,-1.0679201284400044
1,0,0,-1.0331224013585834,1,0,0.3403588546094659,0,1,0,1,0,0,3,-0.5323524502575885,-1.0158871908323646
0,1,0,-0.4630373092781585,1,1,0.2406563460616778,0,0,1,1,0,0,3,-0.12920634746599183,-0.5659767740559446
1,0,0,1.1657772395230557,1,1,0.971808075412124,1,1,0,1,0,0,2,1.4679632424422817,0.09580019200490023
0,0,0,-1.1552834925186746,1,1,-0.4572612137728389,0,0,1,1,0,0,0,-1.1625148409737058,-0.48116861663613647
1,0,1,1.0436161483629645,1,1,0.3403588546094659,0,1,0,0,0,1,2,0.9263115752461556,0.5883002525362276
0,0,1,-0.4630373092781585,0,1,-0.291090366193192,1,1,0,1,0,0,0,-0.6166533058381853,0.04026161371036272
1,0,1,1.125056875803025,1,1,-1.4875204687666492,0,0,1,1,0,0,1,-0.28063709364285433,1.9927618921302104
0,0,0,0.4328106925625091,1,0,-1.288115451671073,0,0,1,1,0,0,1,-0.6385845462240336,1.188195324746743
1,1,0,0.1477681465222966,1,1,0.6727005497687596,1,0,1,1,0,0,3,0.6050667062370493,-0.4186326506781136
0,1,0,1.002895784642934,0,1,-0.3243245357091214,0,0,1,1,0,0,1,0.4509873810355094,0.919561258182607
1,0,0,-0.3408762181180675,1,1,-0.3243245357091214,0,0,1,1,0,0,0,-0.49616320976899264,0.01335440033393101
1,0,1,1.4508197855632678,1,0,1.3373839400873468,0,1,0,0,0,1,2,1.9098939051736856,0.18024635662027352
1,0,0,1.6137012404433893,1,1,1.0050422449280532,0,1,0,0,1,0,2,1.7778094643771636,0.39110271327967655
1,0,0,-0.9516816739185228,0,1,-0.8228370784480619,0,0,1,1,0,0,0,-1.3305134949783264,0.003191593236948023
1,0,1,1.369379058123207,1,1,0.5065297021891128,0,0,1,1,0,0,2,1.2993254693159402,0.7966472729975346
0,0,0,-0.9924020376385532,1,0,0.3071246850935365,0,1,0,1,0,0,3,-0.52651776479374,-0.9816282769027375
0,0,1,0.7178532386027215,1,0,1.270915601055488,0,0,1,0,1,0,2,1.3453747442574344,-0.20289364095245255
0,0,0,-0.9109613101984924,1,1,0.3735930241253952,0,1,0,0,0,1,3,-0.43032667705555033,-0.9747968944695969
1,0,0,0.880734693482843,0,1,-1.1551787736073555,0,0,1,1,0,0,1,-0.27564461431452086,1.5105166116620128
0,0,0,-1.2774445836787656,1,1,0.5065297021891128,1,1,0,0,0,1,3,-0.5943663212686281,-1.3218192227716539
1,0,0,1.5729808767233588,1,0,1.4703206181510644,0,0,1,1,0,0,2,2.110916769632565,0.11067751184843141
1,0,1,-1.1552834925186746,1,1,1.2044472620236295,1,0,1,1,0,0,3,0.015434932333553933,-1.4446242023941025
1,0,0,0.0256070553622056,1,1,-0.3243245357091214,0,1,0,0,0,1,0,-0.2646823921627302,0.174495239902844
1,1,0,-0.9109613101984924,1,1,0.7391688888006183,1,0,1,0,1,0,3,-0.12190807230605383,-1.1981736945468424
0,0,0,1.6137012404433893,0,0,-0.5237295528046976,0,1,0,1,0,0,1,0.6683195944144107,1.4822962775710045
0,1,0,-1.2774445836787656,1,1,-1.45428629925072,1,1,0,0,1,0,0,-1.939374203172783,-0.04889487732601524
0,0,0,1.4100994218432374,1,1,-1.288115451671073,0,1,0,0,0,1,1,0.029736775951181613,1.7848848550536407
0,0,0,-0.4223169455581282,1,1,0.5065297021891128,0,1,0,0,0,1,3,0.007418797520408776,-0.7247013049463933
1,0,0,1.2064976032430856,1,0,1.071510583959912,1,1,0,0,0,1,2,1.5449769796158386,0.033346940983670845
0,1,0,-0.4630373092781585,0,1,-0.7563687394162032,1,1,0,1,0,0,0,-0.8970932953125867,0.11080187078986259
0,0,1,1.4508197855632678,1,0,1.5700231266988525,0,0,1,1,0,0,2,2.101235774534401,0.09860862501767276
1,0,0,-1.0331224013585834,1,1,1.1047447534758412,1,1,0,1,0,0,3,0.014384057966981653,-1.5307605316370012
0,0,0,1.0436161483629645,1,1,0.5065297021891128,0,1,0,0,1,0,2,1.0252587129824886,0.31775010108199736
0,0,1,-0.3815965818380978,1,0,0.6394663802528302,0,1,0,0,0,1,3,0.1281912969504308,-0.6378940651826109
1,1,0,1.5729808767233588,1,0,-1.3545837907029317,0,1,0,1,0,0,1,0.15817970285984773,1.8757751064274728
0,0,0,0.3513699651224484,1,1,0.7059347192846889,0,0,1,1,0,0,2,0.7191205340585787,-0.22635689459942399
0,0,1,-1.318164947398796,0,0,-0.291090366193192,0,1,0,0,0,1,0,-1.2404823195612396,-0.5794077547736689
1,0,0,1.1657772395230557,0,0,-0.0916853490976158,0,1,0,0,1,0,1,0.6286837376546656,0.8956566816971507
0,0,1,0.5549717837226001,1,1,1.1712130925077,0,0,1,0,0,1,2,1.1811335173616218,-0.25807919774446203
0,0,0,-1.0738427650786138,1,0,-1.45428629925072,0,1,0,1,0,0,0,-1.827585129121446,0.1687724523227145
1,0,0,-1.0331224013585834,1,1,0.971808075412124,1,1,0,0,1,0,3,-0.1083258264058874,-1.434340751013799
1,0,0,-0.4630373092781585,1,1,0.3071246850935365,0,0,1,1,0,0,3,-0.1362582592161495,-0.5047427432173105
0,1,0,-0.7888002190384014,1,0,1.0050422449280532,1,1,0,0,0,1,3,0.14786361419157673,-1.421162231447238
0,0,1,-0.4223169455581282,1,1,0.6062322107369008,1,0,1,0,0,1,3,0.09443897457112906,-0.5532624160141714
0,0,0,-0.2594354906780068,1,0,0.1409538375138897,0,1,0,0,1,0,3,-0.1568788990215619,-0.3506144758350755
1,0,0,-1.1552834925186746,0,0,-0.7563687394162032,0,1,0,0,0,1,0,-1.4602826157932842,-0.28833939598606023
0,0,1,1.247217966963116,1,1,-1.4875204687666492,0,0,1,0,1,0,1,-0.22286409429656795,2.066415648266645
1,1,0,-1.1145631287986442,1,1,0.5065297021891128,1,0,1,1,0,0,3,-0.4006180846316896,-1.1861991225918407
0,0,0,0.9214550572028734,1,1,0.971808075412124,0,0,1,1,0,0,2,1.3080471409300032,-0.010507581184093034
1,0,1,0.758573602322752,1,1,0.3735930241253952,0,0,1,1,0,0,2,0.7756106920558336,0.4612491237850081
0,0,1,0.9621754209229036,1,1,0.1409538375138897,0,0,1,0,0,1,2,0.7402188148870249,0.7324011994507972
1,0,0,-0.5851984004382496,1,0,-1.4875204687666492,0,0,1,1,0,0,0,-1.4964431148799588,0.6309665694621859
1,0,0,1.6137012404433893,1,0,1.3706181096032763,0,1,0,1,0,0,2,2.057794819320712,0.12619640420544995
0,0,1,-0.5444780367182193,1,1,-0.4904953832887682,0,1,0,0,0,1,0,-0.7773206914481704,0.031879599346077224
1,1,0,-0.4223169455581282,1,1,1.071510583959912,1,0,1,1,0,0,3,0.48548141856245774,-1.090055210263885
0,0,0,0.3513699651224484,0,1,-0.9890079260277088,0,1,0,0,0,1,1,-0.5566247027304957,0.9152581003579449
1,0,1,-1.1145631287986442,1,1,-1.5207546382825785,0,1,0,0,1,0,0,-1.9204268493392913,0.37571414372527023
0,0,0,1.002895784642934,1,1,0.3071246850935365,0,1,0,1,0,0,2,0.8846415035288919,0.4206827569809076
1,1,0,-0.1372743995179157,1,1,1.2044472620236295,0,1,0,0,1,0,3,0.7397259148042903,-1.0580767032987606
0,0,1,0.0256070553622056,1,0,0.971808075412124,1,1,0,0,0,1,3,0.649426298829341,-0.5813388226367548
0,0,0,1.6137012404433893,1,0,1.1047447534758412,0,1,0,1,0,0,2,1.8707036088376197,0.2914717677316238
1,0,0,-0.055833672077855,1,0,0.805637227832477,0,1,0,0,0,1,3,0.4688909908675748,-0.6658835440044901
1,1,0,0.7992939660427822,1,0,1.3041497705714176,0,1,0,0,1,0,2,1.4622311087807387,-0.48146229156422055
1,0,1,0.1070477828022663,1,0,-1.4875204687666492,0,0,1,1,0,0,1,-1.004041940492301,1.272871335761149
0,0,1,-1.0331224013585834,1,0,-1.4875204687666492,0,0,1,1,0,0,0,-1.8057767816820427,0.4597601770521321
0,0,0,-0.4223169455581282,1,0,-0.3243245357091214,0,0,1,1,0,0,0,-0.5598247521776627,-0.06950380002565679
1,0,0,-1.0738427650786138,1,0,0.3403588546094659,1,1,0,0,1,0,3,-0.5898505050191405,-1.0390162460063581
0,0,0,1.125056875803025,0,0,-0.8893054174799206,0,1,0,0,0,1,1,0.051254754333755245,1.3781357658400541
1,0,1,-0.3408762181180675,1,1,-1.4875204687666492,0,0,1,1,0,0,0,-1.312268725852632,0.9691311758583346
0,1,0,-0.055833672077855,1,1,0.3071246850935365,0,0,1,1,0,0,3,0.20429212673418523,-0.3271922330419119
1,0,0,-0.2594354906780068,1,1,0.7059347192846889,0,1,0,1,0,0,3,0.2772515167818199,-0.7171670392356916
1,0,1,-1.2774445836787656,1,1,0.174188007029819,1,1,0,1,0,0,3,-0.8093906017660625,-0.9050395116508979
1,0,1,0.3106496014024181,1,0,-1.4875204687666492,0,1,0,0,0,1,1,-0.8871868597982362,1.3202754290776313
1,0,1,-0.9109613101984924,1,1,-1.4875204687666492,0,0,1,0,1,0,0,-1.7423004255788257,0.5763576953639418
0,0,1,1.5322605130033284,1,1,-1.5207546382825785,0,1,0,1,0,0,1,-0.02827168678693849,2.2016772039961507
1,0,0,-1.1960038562387048,1,0,-0.3243245357091214,1,0,1,1,0,0,0,-1.1049423197062418,-0.5927994097826997
1,1,0,0.5549717837226001,1,1,0.6727005497687596,1,0,1,0,1,0,2,0.8627894279840403,-0.1289856536579228
1,0,0,1.0843365120829946,1,0,1.5035547876669937,1,1,0,1,0,0,2,1.7791294381954366,-0.3345626703490376
0,1,0,0.6364125111626608,1,0,0.2074221765457484,0,1,0,1,0,0,2,0.6026791329229103,0.13423775203345897
1,0,0,1.0843365120829946,1,1,-1.5207546382825785,1,0,1,0,0,1,1,-0.3530522901273685,1.8150672147820912
0,0,0,-0.1372743995179157,0,0,-1.1219446040914265,1,1,0,1,0,0,0,-0.9863142646688623,0.6696421769107719
0,1,0,-0.9924020376385532,1,0,-1.4875204687666492,1,1,0,1,0,0,0,-1.7403986001509888,0.15858206724377605
0,0,1,-0.9516816739185228,1,1,-1.4875204687666492,0,0,1,0,1,0,0,-1.7703115426112341,0.5309695738588316
0,0,0,-0.9924020376385532,1,0,-0.2246220271613333,0,0,1,1,0,0,3,-0.8906136334908291,-0.5359183988347301
0,0,0,-0.1779947632379461,1,0,0.8388713973484064,1,1,0,1,0,0,3,0.4220839751247141,-0.777403142576937
0,0,1,-0.5037576729981889,1,1,0.3735930241253952,0,1,0,1,0,0,3,-0.1234706384784335,-0.5184158757449869
0,1,0,0.9621754209229036,1,0,1.3373839400873468,1,0,1,1,0,0,2,1.6411880360422983,-0.33151199281977334
0,0,0,0.6771328748826912,0,1,-0.7896029089321326,0,1,0,0,0,1,1,-0.18657083314705075,1.006059619011674
0,0,0,-1.1145631287986442,1,0,0.805637227832477,1,0,1,0,1,0,3,-0.2779455119533888,-1.3220543586991216
0,0,0,-0.5851984004382496,1,0,0.8388713973484064,1,1,0,0,0,1,3,0.12046972905841548,-1.075260566575414
1,0,1,1.5729808767233588,1,1,0.8388713973484064,0,0,1,0,0,1,2,1.6622283962687991,0.697516024360452
1,0,0,-0.5037576729981889,1,1,0.805637227832477,1,0,1,1,0,0,3,0.18709129595342583,-0.8748568644082485
1,0,0,0.3106496014024181,0,0,-0.7563687394162032,1,1,0,0,0,1,1,-0.4286509835835067,0.7352913202858155
0,0,0,-0.5851984004382496,1,1,-0.1249195186135452,0,0,1,1,0,0,3,-0.5266541021825981,-0.3108766278378495
0,0,1,0.2292088739623573,1,0,-1.4875204687666492,0,0,1,0,0,1,1,-0.9324772243983169,1.3277044021410687
0,1,0,1.4100994218432374,1,1,1.3706181096032763,0,0,1,1,0,0,2,1.9868698696588956,-0.03247871064274128
0,0,1,-0.62591876415828,1,0,-0.3243245357091214,0,1,0,0,1,0,0,-0.7380839380009712,-0.12909728785760327
1,0,0,-1.2774445836787656,0,1,-0.9890079260277088,1,0,1,0,0,1,0,-1.6921502023877346,-0.12390414609270375
1,0,0,1.4508197855632678,1,0,-1.3213496211870024,0,1,0,0,1,0,1,0.01349511912783867,1.8628364363324177
1,0,0,0.1070477828022663,1,0,0.6062322107369008,0,1,0,1,0,0,3,0.45776423580652725,-0.4019592655335267
0,0,0,-1.1960038562387048,1,0,0.3735930241253952,1,1,0,0,1,0,3,-0.651707424547806,-1.1640514029462055
0,0,0,-0.9924020376385532,1,0,0.8388713973484064,0,0,1,0,0,1,3,-0.15471742656170123,-1.2783511510748353
1,0,0,-0.1372743995179157,1,0,0.2074221765457484,0,1,0,0,0,1,3,-0.010829064865673615,-0.31273599557730897
0,0,0,-1.2367242199587352,0,0,-0.9890079260277088,1,1,0,1,0,0,0,-1.6661697249868288,-0.18919550952722292
0,1,0,0.8400143297628127,1,1,0.3071246850935365,0,1,0,0,1,0,2,0.7945148725573917,0.22241372160391548
1,0,1,-1.2774445836787656,0,1,-1.3213496211870024,1,1,0,0,0,1,0,-1.9329562561357099,0.181154790586994
0,0,0,-1.0331224013585834,1,1,0.3403588546094659,0,0,1,1,0,0,3,-0.5133359552533581,-0.9425539523513419
0,0,1,-1.1552834925186746,1,0,-1.4875204687666492,0,1,0,1,0,0,0,-1.9031232710265682,0.29320633623115383
0,0,0,-0.1372743995179157,1,1,0.3735930241253952,0,1,0,0,0,1,3,0.1141455732773878,-0.4345473497705515
0,0,0,-1.1960038562387048,1,1,0.3403588546094659,1,0,1,0,1,0,3,-0.6568033126990581,-1.0509855672146582
0,1,0,-1.2774445836787656,0,0,-1.288115451671073,1,1,0,0,1,0,0,-1.8815306469127555,-0.09715402443819393
1,0,0,-1.0331224013585834,0,1,-0.9890079260277088,0,0,1,0,0,1,0,-1.5202115970194383,0.04670097328594232
0,0,0,0.7992939660427822,1,0,1.536788957182923,1,1,0,0,1,0,2,1.573805161221071,-0.5680294421522014
1,0,1,1.6137012404433893,1,1,0.9053397363802652,0,0,1,1,0,0,2,1.7528688662023362,0.6939084446739162
1,0,0,0.9214550572028734,1,1,1.071510583959912,1,0,1,1,0,0,2,1.377803021613887,-0.061889633167656645
0,0,0,-1.0738427650786138,1,0,-1.4875204687666492,0,0,1,1,0,0,0,-1.8396750084209106,0.27280239576289167
0,0,1,-0.1372743995179157,1,0,-1.4875204687666492,0,1,0,0,0,1,0,-1.2017623191111384,0.9905454419414444
1,0,1,0.3920903288424788,0,0,-0.556963722320627,0,1,0,1,0,0,1,-0.2102440230717349,0.827526872654432
0,0,0,-0.0965540357978854,0,1,-0.8228370784480619,0,0,1,0,0,1,0,-0.7431329627794534,0.5698400177528057
1,0,0,-1.2774445836787656,1,1,-0.4572612137728389,1,1,0,0,0,1,0,-1.2755565512996767,-0.6442840808825129
1,0,0,1.6137012404433893,1,1,0.7059347192846889,0,1,0,1,0,0,2,1.5954474912720913,0.5908055426672605
0,0,0,-1.1552834925186746,1,1,-0.4572612137728389,1,1,0,0,0,1,0,-1.1889419314198877,-0.5759354561351924
1,0,1,-1.2774445836787656,0,0,-1.3213496211870024,0,0,1,1,0,0,0,-1.9135231568377404,0.2668857377946799
0,0,0,-1.2774445836787656,1,0,0.1409538375138897,1,1,0,0,1,0,3,-0.8732897547227964,-1.0614691399127667
1,0,0,-1.2774445836787656,1,1,0.3071246850935365,1,0,1,0,1,0,3,-0.7382285643106397,-1.0681213430903493
1,0,0,1.2064976032430856,1,1,0.5065297021891128,0,1,0,1,0,0,2,1.1680807532325477,0.443135650887316
0,0,0,-0.7073594915983407,1,0,1.2044472620236295,1,0,1,1,0,0,3,0.31906524237870737,-1.3163615721594235
1,0,1,-1.2774445836787656,1,0,-1.5207546382825785,0,1,0,1,0,0,0,-2.0132049568661987,0.2476363737923553
0,0,0,1.4508197855632678,1,1,-1.4875204687666492,0,1,0,0,0,1,1,-0.08240918557981869,1.9499910154678806
0,0,0,-1.0331224013585834,1,0,0.3403588546094659,0,0,1,1,0,0,3,-0.5203299464015704,-0.9515898446427119
0,0,0,1.6137012404433893,1,1,0.7724030583165477,0,0,1,0,1,0,2,1.62556250651429,0.6148506956289834
1,0,0,1.6137012404433893,1,0,0.7391688888006183,0,1,0,0,0,1,2,1.5968706622979159,0.5454754296999678
0,0,0,-0.0965540357978854,1,0,0.971808075412124,1,1,0,1,0,0,3,0.5732651074201794,-0.8116494186848098
1,0,0,-1.2774445836787656,1,0,0.6394663802528302,1,0,1,1,0,0,3,-0.48171027532693284,-1.3102489898560536
0,0,0,0.2699292376823877,0,0,-0.7896029089321326,0,1,0,0,1,0,1,-0.49392088332345463,0.7315025508457422
1,0,0,1.2064976032430856,1,1,0.9053397363802652,0,1,0,1,0,0,2,1.4496855447506474,0.16979170318505166
0,0,0,0.8400143297628127,1,1,1.4703206181510644,0,1,0,0,0,1,2,1.5763131714253473,-0.5038227284371947
1,0,0,1.369379058123207,1,1,1.3041497705714176,1,1,0,0,0,1,2,1.8308661693951396,-0.0033310566321826454
0,1,1,1.0843365120829946,1,1,0.805637227832477,0,0,1,1,0,0,2,1.3639200670280107,0.2858086508234047
1,0,0,-0.7073594915983407,1,1,1.0382764144439829,0,1,0,1,0,0,3,0.1967013998716935,-1.257729714515096
1,0,0,-0.9516816739185228,1,0,1.0382764144439829,1,1,0,0,0,1,3,0.0027188995693802342,-1.4508862845525128
0,0,0,-0.0151133083578247,0,1,-1.1551787736073555,0,1,0,0,1,0,0,-0.945659657329846,0.792064422589101
0,0,1,-0.62591876415828,1,1,0.0080171594501722,1,0,1,1,0,0,3,-0.4562004800604627,-0.2719018689089125
1,0,1,0.9214550572028734,1,0,-0.3243245357091214,0,1,0,1,0,0,1,0.379056866002767,0.9630506050933758
1,0,0,-0.62591876415828,0,0,-1.288115451671073,0,0,1,1,0,0,0,-1.436794935739927,0.5405304657697476
0,1,0,1.4915401492832985,1,0,0.7391688888006183,0,1,0,0,0,1,2,1.5648874032836089,0.35338151455496686
1,0,0,1.369379058123207,1,0,0.3403588546094659,0,1,0,0,0,1,2,1.1433272654115196,0.648214258023586
1,1,0,-0.6666391278783103,1,0,0.3071246850935365,0,1,0,1,0,0,3,-0.24457088169078578,-0.8270382699695495
1,0,1,1.5322605130033284,1,1,0.5065297021891128,0,1,0,0,0,1,2,1.3875241157819562,0.8156171797509093
0,0,0,0.7178532386027215,1,1,-1.5207546382825785,0,1,0,0,0,1,1,-0.621692067644549,1.4609543196404646
0,0,0,-1.1960038562387048,1,0,-1.4875204687666492,0,0,1,1,0,0,0,-1.9256443111050585,0.1874998360735688
1,0,0,-0.62591876415828,1,1,0.0412513289661016,0,0,1,1,0,0,3,-0.4386205238070803,-0.4362501910015648
1,0,1,-0.5037576729981889,1,1,1.071510583959912,0,0,1,1,0,0,3,0.38006961614297724,-0.8985625681502919
1,0,1,1.5729808767233588,1,1,-1.4875204687666492,0,0,1,0,1,0,1,0.005742062332186007,2.3108430757135086
0,0,0,0.0663274190822359,1,1,1.3373839400873468,0,0,1,1,0,0,2,0.964399747699224,-0.8581907844030962
0,0,1,0.4328106925625091,1,0,-1.3213496211870024,0,0,1,0,1,0,1,-0.6856514402065597,1.3748027131705116
1,1,0,0.7178532386027215,1,0,1.2376814315395588,0,1,0,1,0,0,2,1.3868257289384591,-0.498078471462506
0,0,1,0.3513699651224484,1,0,1.2376814315395588,0,1,0,0,0,1,2,1.066414300332469,-0.5360946286000697
1,0,0,0.880734693482843,1,0,0.5065297021891128,0,1,0,0,0,1,2,0.9167853844741357,0.1931107077236841
0,0,0,1.2879383306831464,1,0,-1.5207546382825785,0,1,0,1,0,0,1,-0.21244607581426522,1.8635125976000024
1,0,1,-0.055833672077855,1,1,-0.3575587052250508,0,0,1,0,0,1,0,-0.3288433474074752,0.38018040494293875
1,1,0,-0.8702409464784621,1,1,0.4400613631572539,0,0,1,1,0,0,3,-0.2756136111830767,-0.9700366785961506
0,0,0,-1.1552834925186746,1,0,0.7059347192846889,1,1,0,0,0,1,3,-0.37458861397364246,-1.3822245292248332
0,0,1,-0.4630373092781585,0,0,-0.3907928747409802,0,1,0,1,0,0,0,-0.6940484948659226,0.0995617083445588
0,0,1,0.1070477828022663,1,1,-1.3545837907029317,0,0,1,1,0,0,1,-0.9025343683090812,1.1738386438764283
0,0,1,1.0436161483629645,1,1,1.1379789229917707,0,0,1,1,0,0,2,1.5165935659241778,0.11942526168875264
1,0,1,-0.5037576729981889,1,0,-1.4875204687666492,0,0,1,1,0,0,0,-1.433888453913042,0.846358537314534
0,0,0,1.125056875803025,1,0,-1.3213496211870024,0,1,0,0,0,1,1,-0.2013193207532177,1.599588319129039
0,0,1,0.3513699651224484,1,1,-1.4875204687666492,0,1,0,1,0,0,1,-0.8358412134405288,1.3543071313575072
0,0,0,-0.7073594915983407,1,1,-0.4572612137728389,0,0,1,1,0,0,0,-0.8472940644651628,-0.1683925644419522
1,0,0,-1.2774445836787656,1,0,-0.6899004003843444,0,1,0,1,0,0,0,-1.4317701003809757,-0.480353778646828
1,0,0,1.369379058123207,1,1,1.1712130925077,1,1,0,0,1,0,2,1.7232061888080752,0.10660428235842045
0,1,1,-1.2774445836787656,1,1,0.1409538375138897,1,0,1,1,0,0,3,-0.767494437395686,-0.9078009236663988
1,0,1,-1.2367242199587352,1,0,-0.6899004003843444,0,1,0,0,0,1,0,-1.4129217774279128,-0.30691155572498835
0,0,0,-0.0151133083578247,1,1,0.6394663802528302,1,1,0,1,0,0,3,0.402901307426074,-0.5179585301820041
0,1,0,1.6137012404433893,1,0,0.4400613631572539,0,1,0,1,0,0,2,1.4547030161149868,0.6572075933883886
1,0,0,1.2064976032430856,1,0,1.0382764144439829,0,1,0,1,0,0,2,1.5365598174418018,0.0696411616595934
1,1,0,-0.9516816739185228,1,0,0.5065297021891128,0,1,0,1,0,0,3,-0.3043635255280815,-1.1627495497624354
1,0,0,-1.1552834925186746,1,0,0.7059347192846889,0,1,0,1,0,0,3,-0.36018402738347866,-1.35175503591543
1,0,1,-0.0965540357978854,1,0,0.5729980412209714,0,0,1,1,0,0,3,0.307633977877634,-0.28157666018275496
1,0,0,0.3106496014024181,1,0,1.3041497705714176,1,1,0,1,0,0,2,1.0938547921034485,-0.738140241196951
1,0,1,0.0256070553622056,1,1,-1.4875204687666492,0,0,1,1,0,0,1,-1.0543608178001875,1.2250388549263036
1,0,0,1.247217966963116,1,1,0.5065297021891128,0,1,0,0,0,1,2,1.1816872836747923,0.45805427908302293
0,0,1,1.2879383306831464,1,1,-1.4875204687666492,0,0,1,0,0,1,1,-0.1804159433208207,2.0760291450732375
1,0,0,-1.1145631287986442,1,1,1.071510583959912,0,1,0,0,1,0,3,-0.09523749698246141,-1.5595451110655805
0,0,0,-1.0331224013585834,1,0,-1.4875204687666492,1,1,0,1,0,0,0,-1.8223957608532382,0.21998530119434417
1,0,0,-0.9109613101984924,1,0,0.5065297021891128,0,1,0,0,0,1,3,-0.3440977215600368,-1.0579935010530526
0,0,1,1.247217966963116,1,0,1.2044472620236295,1,1,0,0,1,0,2,1.659597070642016,0.13105682785333572
1,0,1,-0.5037576729981889,0,0,-0.8560712479639913,0,1,0,0,1,0,0,-1.0807307902608987,0.4122878604318761
0,0,0,0.2292088739623573,1,0,0.6394663802528302,0,1,0,0,1,0,3,0.5390043011126552,-0.351084171705614
0,1,0,1.369379058123207,1,0,1.437086448635135,0,1,0,0,0,1,2,1.9717264857561347,-0.21027295361331888
1,0,0,-0.7888002190384014,1,0,0.8721055668643357,1,1,0,0,1,0,3,-0.013782410065328585,-1.204435537000957
0,0,0,-0.3408762181180675,1,0,0.0412513289661016,0,1,0,1,0,0,3,-0.25575134482368295,-0.3444519934248389
1,1,0,-0.3815965818380978,1,1,1.3041497705714176,0,1,0,1,0,0,3,0.6670301278490216,-1.3023229409920867
0,1,1,-0.0151133083578247,1,0,0.8721055668643357,0,1,0,1,0,0,3,0.6187592969817715,-0.6177588844205713
0,0,1,0.758573602322752,0,0,-0.1581536881294745,0,1,0,1,0,0,1,0.3299139936944502,0.7931366690781341
0,0,0,0.3106496014024181,1,0,-1.5207546382825785,0,1,0,1,0,0,1,-0.9002004972874502,1.1810921200854188
0,0,0,-0.4223169455581282,1,0,-0.1913878576454039,0,1,0,1,0,0,3,-0.4773336749986732,-0.24186973039140008
1,0,1,-1.2774445836787656,1,0,0.174188007029819,0,1,0,0,0,1,3,-0.8314344967000796,-0.9275909623096686
0,1,0,-1.0738427650786138,1,0,0.805637227832477,0,1,0,1,0,0,3,-0.17848391737801383,-1.4700140051704589
0,0,0,-1.1552834925186746,1,0,-1.4875204687666492,0,0,1,1,0,0,0,-1.8969878768770092,0.21593402263667627
0,0,0,1.125056875803025,1,0,1.3706181096032763,1,0,1,1,0,0,2,1.7259401124401375,-0.15071648836218918
1,1,0,1.6137012404433893,0,0,0.0080171594501722,0,1,0,0,0,1,2,1.081438155264631,1.0314386366955783
0,0,0,0.3920903288424788,1,0,-0.1581536881294745,0,1,0,1,0,0,1,0.119262075522156,0.304035338562231
0,0,0,-1.2367242199587352,1,0,-0.0916853490976158,0,1,0,1,0,0,3,-0.9800611616801357,-0.8788894485791192
1,0,0,1.4915401492832985,0,1,-0.1581536881294745,0,1,0,0,1,0,1,0.8179950707075896,1.1777233911104261
1,0,0,-1.2367242199587352,1,0,0.7059347192846889,1,1,0,0,1,0,3,-0.44633851637307986,-1.403318277652531
0,1,0,-1.2774445836787656,0,1,-0.9557737565117794,1,0,1,0,1,0,0,-1.62848880950575,-0.23465347410038895
1,0,0,-0.055833672077855,1,1,0.0412513289661016,0,0,1,0,1,0,3,-0.06627206514789152,-0.03286644772894335
1,0,1,-0.6666391278783103,1,0,-1.4875204687666492,0,0,1,1,0,0,0,-1.5485141908252393,0.7326217910621035
0,0,0,-0.7073594915983407,1,0,-1.4875204687666492,0,1,0,1,0,0,0,-1.5931442870288433,0.4474587936992053
0,0,1,-1.2367242199587352,1,1,0.971808075412124,1,1,0,0,0,1,3,-0.23192917109197725,-1.453762713801722
0,1,0,-0.62591876415828,1,0,0.9385739058961944,0,1,0,1,0,0,3,0.23060512296989566,-1.2483526022103628
1,0,1,-1.0738427650786138,1,1,0.971808075412124,1,0,1,1,0,0,3,-0.09152166092923872,-1.228305193108233
0,0,1,1.1657772395230557,1,0,-0.1581536881294745,0,1,0,0,0,1,1,0.6539262145801079,0.9892929196200088
0,0,0,-1.2774445836787656,1,0,-1.5207546382825785,0,1,0,0,0,1,0,-2.0328513359671807,0.05864328575681942
1,0,0,-0.5444780367182193,1,1,0.7724030583165477,0,1,0,0,0,1,3,0.10854070531935285,-0.9752792281618902
1,0,1,0.4735310562825394,0,1,-0.3575587052250508,0,0,1,0,0,1,1,-0.008807484833801837,0.8244948869851397
0,0,0,1.5322605130033284,1,1,1.5700231266988525,0,0,1,0,1,0,2,2.131459221094391,0.01129442709823942
1,0,1,1.247217966963116,1,1,-1.3213496211870024,0,1,0,0,0,1,1,-0.10375955160567997,1.8694043007778673
0,0,1,1.0436161483629645,1,0,-0.6899004003843444,0,1,0,1,0,0,1,0.207533760324298,1.2819645152344388
0,0,0,0.8400143297628127,1,0,0.3071246850935365,0,0,1,1,0,0,2,0.7743989621288593,0.3791613995687621
1,0,0,1.0843365120829946,0,1,-0.6899004003843444,0,0,1,1,0,0,1,0.19617648026350892,1.3337862721582427
1,0,0,1.4915401492832985,1,0,1.3041497705714176,1,1,0,1,0,0,2,1.9248913847168807,0.08645116913317138
1,0,0,-0.2594354906780068,1,0,-0.5237295528046976,0,1,0,1,0,0,0,-0.5980239148805332,0.11660757388825327
1,0,1,-0.3815965818380978,1,1,-0.2578561966772627,0,0,1,1,0,0,0,-0.47264371956654044,0.09788648387991214
0,0,0,0.3920903288424788,1,0,-0.3243245357091214,0,1,0,0,1,0,1,-0.02691487481055492,0.42323378149395535
0,1,0,-1.2774445836787656,1,0,-0.4572612137728389,1,1,0,1,0,0,0,-1.2135145949922435,-0.7465957702621603
0,0,0,-1.0738427650786138,0,0,-0.556963722320627,1,1,0,0,0,1,0,-1.2615220343824947,-0.3850969316529795
1,0,0,1.0436161483629645,1,1,-1.45428629925072,0,0,1,1,0,0,1,-0.3197246886499297,1.7545912619693405
1,0,0,-1.1960038562387048,1,0,1.2376814315395588,1,1,0,0,1,0,3,-0.042209026787564094,-1.7393426880257759
0,0,0,0.3513699651224484,1,0,-1.4875204687666492,0,1,0,1,0,0,1,-0.8480769970995593,1.1867476443400045
0,0,0,1.0436161483629645,1,0,-0.1249195186135452,0,1,0,1,0,0,1,0.6012320891307877,0.7362036612634315
1,1,0,0.758573602322752,1,0,0.971808075412124,1,1,0,1,0,0,2,1.2277456354877754,-0.28741498643122226
0,0,0,1.2879383306831464,1,0,1.536788957182923,0,1,0,1,0,0,2,1.9465239924911661,-0.23212433478402367
0,0,1,-0.5444780367182193,1,1,-1.288115451671073,0,1,0,1,0,0,0,-1.3254803706985654,0.5920830531180066
1,0,1,1.125056875803025,1,0,0.4732955326731833,0,1,0,1,0,0,2,1.0855486201792133,0.5585336425043855
1,0,1,1.4915401492832985,1,1,1.6364914657307112,0,1,0,0,0,1,2,2.1567479241885223,0.012708474698053168
0,0,1,-1.1960038562387048,1,1,0.5397638717050421,0,1,0,1,0,0,3,-0.4932946905560645,-1.115690358860427
1,0,0,-1.0331224013585834,1,0,1.0050422449280532,1,1,0,1,0,0,3,-0.06301113106075557,-1.471460437002805
0,0,0,-0.5444780367182193,1,0,0.2738905155776072,1,0,1,1,0,0,3,-0.22338686758466125,-0.5648222812683762
0,0,0,-1.2774445836787656,1,0,0.4068271936413246,1,0,1,1,0,0,3,-0.6453344198501834,-1.1677522886384017
0,0,0,1.2064976032430856,1,0,-1.3545837907029317,0,1,0,0,0,1,1,-0.16747351825696066,1.6792353545637764
0,0,0,-1.2774445836787656,1,0,-0.4904953832887682,1,1,0,0,1,0,0,-1.3191640079597875,-0.6286745560508483
1,1,0,-1.2774445836787656,1,1,0.3071246850935365,1,1,0,0,0,1,3,-0.682473307749119,-1.2580307344921953
0,0,0,-0.1779947632379461,1,0,-0.1581536881294745,0,0,1,1,0,0,3,-0.27055081701015815,-0.012791992189621001
1,0,0,1.4915401492832985,1,1,0.9053397363802652,0,0,1,1,0,0,2,1.66165777100737,0.45008229025846086
1,1,0,-0.0965540357978854,1,1,0.5065297021891128,1,1,0,0,1,0,3,0.275573963875665,-0.5512906082566904
0,1,0,0.3106496014024181,0,0,-0.8560712479639913,1,1,0,0,1,0,1,-0.45885785454088845,0.7156566415122183
0,0,0,-1.2774445836787656,1,0,-1.4875204687666492,0,1,0,1,0,0,0,-1.9943343662215345,0.0493801818156982
1,0,0,0.5142514200025698,1,0,1.2044472620236295,1,1,0,0,0,1,2,1.1516858615783658,-0.5411488798232474
1,0,1,-0.4223169455581282,1,0,0.4732955326731833,0,1,0,0,1,0,3,-0.03223750102016566,-0.5166603155045911
0,0,1,0.5956921474426305,1,0,-1.4875204687666492,0,1,0,1,0,0,1,-0.6708965992204448,1.5158763584447832
0,0,0,-1.2367242199587352,1,1,-1.4875204687666492,0,0,1,0,0,1,0,-1.9623566579707006,0.1545859834344304
0,0,0,-0.7888002190384014,0,0,-0.9890079260277088,1,1,0,0,1,0,0,-1.3797905690117882,0.12888567405607543
0,0,0,-0.5037576729981889,1,1,-1.5207546382825785,0,0,1,0,1,0,0,-1.4837996245733511,0.7080006936354051
1,0,0,0.6364125111626608,1,1,-1.5207546382825785,0,1,0,1,0,0,1,-0.664600349510484,1.4345554398236524
1,0,0,1.4100994218432374,1,0,1.2044472620236295,0,1,0,1,0,0,2,1.7971773183812567,0.09791878293252182
1,0,0,1.5322605130033284,1,1,1.1379789229917707,0,0,1,1,0,0,2,1.854583666954311,0.31906584066191396
0,0,0,1.2879383306831464,1,1,1.1379789229917707,0,1,0,0,0,1,2,1.656863288335474,0.036739946842209825
0,0,0,0.0663274190822359,1,0,1.1047447534758412,1,1,0,1,0,0,3,0.7817591081717433,-0.7890273216664672
0,0,0,1.6137012404433893,1,0,0.8721055668643357,0,1,0,1,0,0,2,1.706434147118728,0.45092240389127797
0,0,1,-0.3815965818380978,1,0,0.174188007029819,0,1,0,1,0,0,3,-0.18529772270154748,-0.3054772344959018
0,1,0,-0.7073594915983407,1,1,0.805637227832477,0,1,0,0,0,1,3,0.07136807803683794,-1.2185859921785207
1,0,0,-0.4223169455581282,1,1,1.2044472620236295,1,1,0,1,0,0,3,0.5146317692672473,-1.1725837201159526
1,0,1,0.3513699651224484,1,0,0.174188007029819,0,1,0,0,0,1,2,0.3148228724218954,0.20977650021463765
0,0,0,1.4508197855632678,1,1,0.5729980412209714,0,0,1,1,0,0,2,1.398975994376545,0.6324807918385708
0,0,1,1.5322605130033284,1,1,1.3706181096032763,0,1,0,0,0,1,2,1.9983131479334793,0.20641802478733412
1,0,1,1.5729808767233588,1,1,0.7391688888006183,0,0,1,1,0,0,2,1.6068771021750787,0.7793675696534187
1,0,1,1.5729808767233588,1,1,0.6727005497687596,0,0,1,1,0,0,2,1.5599429702553953,0.8249248942704627
1,0,0,-1.2774445836787656,1,0,-0.3243245357091214,1,0,1,1,0,0,0,-1.1622551881623406,-0.6496677829089151
1,0,1,-1.1960038562387048,1,0,-1.45428629925072,0,1,0,1,0,0,0,-1.9089579564904167,0.2589474223015268
0,0,0,0.3106496014024181,1,1,0.9385739058961944,0,0,1,0,1,0,2,0.8258919410159181,-0.40893658593307153
0,0,0,-1.1960038562387048,0,0,-0.4572612137728389,1,1,0,1,0,0,0,-1.262040235401313,-0.5252199199004677
0,0,0,1.4100994218432374,1,0,-1.288115451671073,0,1,0,0,1,0,1,0.008951068055271585,1.7946696525187855
0,0,0,-0.5851984004382496,1,0,0.3403588546094659,0,0,1,1,0,0,3,-0.2051091698930273,-0.6388137924485279
0,0,0,-1.1960038562387048,1,0,0.3071246850935365,1,1,0,0,1,0,3,-0.6986415564674893,-1.1184940783291615
1,0,0,1.5729808767233588,1,0,1.7029598047625698,0,1,0,0,0,1,2,2.248759140905274,-0.1435399638102786
0,0,0,-0.3001558543980371,0,0,-1.0222420955436382,1,1,0,1,0,0,0,-1.0305388037015348,0.48756944373277517
0,1,0,-0.0151133083578247,1,0,0.8721055668643357,0,1,0,1,0,0,3,0.6135175044709532,-0.776282479146704
1,0,1,0.5549717837226001,1,1,-1.4875204687666492,0,1,0,0,1,0,1,-0.7220459800294255,1.518737130504162
0,0,1,1.4508197855632678,1,0,-1.5207546382825785,0,1,0,1,0,0,1,-0.09257854639124931,2.135772938578566
0,0,1,0.6364125111626608,1,0,0.5065297021891128,0,1,0,0,0,1,2,0.7507338888122986,0.16407524812916852
0,0,1,-1.2367242199587352,1,1,0.174188007029819,1,1,0,1,0,0,3,-0.7800888503423721,-0.8935592600297926
1,0,0,0.9621754209229036,1,0,0.9385739058961944,0,1,0,1,0,0,2,1.2942200141939804,-0.03262797079348601
1,0,0,-1.1145631287986442,1,0,0.4732955326731833,1,1,0,0,0,1,3,-0.5108469586601255,-1.1773857715600689
0,0,0,-1.1960038562387048,1,1,0.3403588546094659,0,0,1,1,0,0,3,-0.6279616921655554,-1.0562906986037723
0,0,1,1.2879383306831464,1,1,0.9385739058961944,0,0,1,0,1,0,2,1.5188881549999214,0.43200748630764496
1,0,1,0.5956921474426305,1,0,0.8388713973484064,0,0,1,1,0,0,2,0.9825298874332068,0.019575212921898955
1,0,0,1.247217966963116,1,1,0.0744854984820309,0,0,1,0,0,1,2,0.887992612857228,0.8354281702254646
1,0,0,-0.2187151269579764,1,1,-1.5207546382825785,0,0,1,1,0,0,0,-1.255008281639144,0.9186888031300467
0,1,1,0.5956921474426305,1,0,0.2074221765457484,1,1,0,1,0,0,2,0.5792644912056792,0.2643271601964841
0,0,0,1.0843365120829946,1,1,-1.3545837907029317,0,0,1,1,0,0,1,-0.22002173934671448,1.6977355266648793
1,0,1,-1.1552834925186746,1,0,-1.5207546382825785,0,0,1,1,0,0,0,-1.9158584675216737,0.4141902146133335
0,0,0,1.6137012404433893,1,1,1.6697256352466403,0,0,1,1,0,0,2,2.2880149079635173,-0.005478318090225295
0,0,0,-0.7888002190384014,1,1,-0.3243245357091214,0,0,1,1,0,0,0,-0.8107386690818947,-0.3163755868022556
1,1,1,1.369379058123207,1,1,1.437086448635135,0,0,1,0,0,1,2,1.9946941388799013,0.05549174947784146
0,0,0,0.3920903288424788,1,1,-1.45428629925072,0,1,0,1,0,0,1,-0.7889595057634561,1.2014390608859602
0,0,0,-0.9109613101984924,1,1,-1.4875204687666492,0,0,1,1,0,0,0,-1.718055280360501,0.3955750343066924
0,1,0,-0.7073594915983407,1,0,0.3071246850935365,1,1,0,1,0,0,3,-0.2725819987231942,-0.8724263914746597
0,0,0,0.5142514200025698,1,1,1.0050422449280532,0,0,1,1,0,0,2,1.044949864609351,-0.3176281091236916
0,0,0,0.6364125111626608,1,1,0.3071246850935365,0,1,0,0,1,0,2,0.5978919749429448,0.17008020930205286
0,0,0,-1.2774445836787656,0,0,-1.3213496211870024,0,0,1,0,1,0,0,-1.9469612526864202,0.09671333951565897
0,0,0,-0.2187151269579764,1,0,0.3735930241253952,0,0,1,1,0,0,3,0.07626580411925872,-0.4056847756890809
1,0,0,-1.1145631287986442,1,0,-1.5207546382825785,1,1,0,0,1,0,0,-1.9326626329983219,0.20815465670776745
1,0,1,-0.3815965818380978,1,0,0.7391688888006183,0,1,0,1,0,0,3,0.21299708142011953,-0.6757605587987738
1,1,1,-0.8702409464784621,1,1,0.3403588546094659,0,1,0,1,0,0,3,-0.35215020321216045,-0.8244283780761071
0,1,0,0.1070477828022663,1,1,1.2376814315395588,0,1,0,0,1,0,3,0.9357769033280693,-0.9272041811706391
1,0,0,1.4100994218432374,1,0,0.805637227832477,0,0,1,0,1,0,2,1.4981080929900314,0.45781914315555555
1,0,1,0.0256070553622056,1,0,0.3403588546094659,0,1,0,0,0,1,3,0.20290672839670876,-0.1315903038328338
1,0,1,1.6137012404433893,1,0,1.6364914657307112,0,0,1,1,0,0,2,2.262150326170641,0.18374198159506172
0,0,0,1.4100994218432374,1,0,1.5035547876669937,0,1,0,0,1,0,2,1.9801846086819697,-0.1187379813970646
0,0,0,0.0256070553622056,1,1,-1.4875204687666492,0,0,1,1,0,0,0,-1.058957293115365,1.0495613252581684
0,0,0,0.5956921474426305,1,0,-0.1913878576454039,0,1,0,0,0,1,1,0.2240272769167564,0.4554693753188906
1,1,0,-0.7888002190384014,1,1,1.1047447534758412,1,0,1,1,0,0,3,0.2510405764698549,-1.3687415516403758
1,0,1,-0.5851984004382496,1,0,0.6062322107369008,0,1,0,0,0,1,3,-0.039203257345298725,-0.7403324007476247
0,0,0,1.6137012404433893,1,1,1.5700231266988525,0,0,1,1,0,0,2,2.217613710083992,0.06285766883534061
0,1,0,-0.8702409464784621,1,1,0.8388713973484064,1,0,1,1,0,0,3,0.006636497530664046,-1.2603345612404173
1,1,0,-1.0331224013585834,0,0,-0.6899004003843444,0,1,0,0,0,1,0,-1.2740384547152526,-0.33843158142745694
0,0,0,1.0843365120829946,1,0,1.1379789229917707,0,1,0,0,0,1,2,1.5065871260470147,-0.11446687826469859
0,1,1,-0.0151133083578247,1,1,1.1712130925077,0,0,1,1,0,0,3,0.8483340684289357,-0.7324796717742442
0,0,0,1.4100994218432374,1,1,-1.3213496211870024,0,0,1,1,0,0,1,0.03269680043752192,1.9024303568612186
0,0,0,0.758573602322752,1,0,0.7724030583165477,0,1,0,1,0,0,2,1.0342478304501663,-0.07785952700841675
0,1,0,1.0843365120829946,1,1,0.971808075412124,0,1,0,0,1,0,2,1.4357947971225211,-0.06255440518787928
0,0,1,0.6364125111626608,0,1,-0.8560712479639913,0,0,1,1,0,0,1,-0.23049251633778317,1.2764731912907992
0,1,0,-1.2774445836787656,1,0,0.2074221765457484,1,1,0,1,0,0,3,-0.7441732757954104,-1.2021690164326007
1,0,0,-0.3815965818380978,1,1,-1.5207546382825785,0,0,1,0,0,1,0,-1.3846839223371463,0.7914364985102155
1,0,1,0.2292088739623573,1,0,1.0050422449280532,1,0,1,1,0,0,2,0.8419573091799705,-0.3502257776886801
1,0,1,-0.5444780367182193,1,1,-1.4875204687666492,0,0,1,0,1,0,0,-1.4843925175263815,0.8322653744319106
1,1,0,-1.1960038562387048,1,0,0.3735930241253952,1,1,0,0,0,1,3,-0.5852202985215492,-1.2557555782743937
1,1,0,1.0436161483629645,1,1,1.1379789229917707,0,0,1,1,0,0,2,1.5640471826919187,-0.11198181860905346
1,0,0,-1.2367242199587352,1,1,-0.4904953832887682,0,1,0,0,1,0,0,-1.2841588997791666,-0.5742505422543682
1,0,0,-1.1145631287986442,1,0,0.3403588546094659,0,0,1,1,0,0,3,-0.5782881320533102,-0.9915042828269248
0,0,0,1.6137012404433893,1,0,1.2044472620236295,0,1,0,1,0,0,2,1.9411048067171448,0.22313578080605762
0,1,0,0.4735310562825394,1,0,1.5035547876669937,0,1,0,0,1,0,2,1.3744273479110343,-0.8625616928622165
1,0,0,-0.6666391278783103,1,0,-1.4875204687666492,1,0,1,1,0,0,0,-1.553755983336058,0.5740981963359707
1,0,0,-0.8295205827584317,0,0,-0.4572612137728389,0,1,0,0,0,1,0,-1.0198275483303145,-0.265873864257897
0,0,0,-1.0738427650786138,1,1,0.8388713973484064,1,0,1,0,0,1,3,-0.20503630386958757,-1.3261836319096807
0,1,0,1.6137012404433893,1,0,1.437086448635135,0,1,0,1,0,0,2,2.158714994910236,-0.026152275867272062
0,0,0,-0.3815965818380978,1,1,-1.3213496211870024,0,0,1,1,0,0,0,-1.2281863055966504,0.6513261480844815
1,0,0,0.2292088739623573,1,0,0.174188007029819,1,0,1,1,0,0,3,0.2500388676731109,0.06071718529823783
1,0,0,0.5956921474426305,1,0,1.0050422449280532,0,1,0,1,0,0,2,1.0832462380612193,-0.33409297447849906
0,0,0,0.880734693482843,1,0,-1.4875204687666492,0,1,0,0,0,1,1,-0.4905932559207222,1.5428765112930034
1,0,0,-0.7073594915983407,1,0,0.1409538375138897,0,0,1,0,0,1,3,-0.44757608931767107,-0.584006001712117
0,1,0,-0.5037576729981889,1,1,0.971808075412124,1,0,1,1,0,0,3,0.3584126694224751,-1.0955415314065367
0,0,1,-0.6666391278783103,1,1,0.2738905155776072,0,0,1,0,1,0,3,-0.32596200714328144,-0.4772602225510822
1,0,0,-1.2774445836787656,1,1,0.1409538375138897,1,1,0,1,0,0,3,-0.8380994602367223,-1.0407844440685086
1,0,0,-1.2774445836787656,0,0,-1.3213496211870024,1,0,1,1,0,0,0,-1.9187649493485586,0.10836214306854713
1,0,0,1.4915401492832985,1,1,1.1047447534758412,0,1,0,0,0,1,2,1.7760330763202383,0.21864347690827293
1,0,1,0.6771328748826912,1,1,0.6394663802528302,1,0,1,1,0,0,2,0.9060343512784678,0.22215145219061655
1,0,0,0.8400143297628127,0,1,-0.3243245357091214,0,1,0,1,0,0,1,0.27099841379309375,0.8313645862541993
1,0,1,-1.0331224013585834,1,1,-1.5207546382825785,0,0,1,1,0,0,0,-1.8228951736893129,0.5085286665940266
0,0,0,0.3920903288424788,1,0,-0.4904953832887682,1,1,0,0,1,0,1,-0.14425020460976312,0.5371270930365655
1,0,1,-0.62591876415828,1,0,-0.4904953832887682,0,1,0,1,0,0,0,-0.8272229644623176,-0.0035551727621049856
0,1,0,-1.2367242199587352,1,1,0.5729980412209714,0,1,0,1,0,0,3,-0.4503851248608906,-1.4152642229718653
0,0,1,1.6137012404433893,1,1,1.3041497705714176,0,0,1,1,0,0,2,2.0351189749160774,0.4036105620296495
0,0,0,-0.1779947632379461,1,0,-1.4875204687666492,0,1,0,0,0,1,0,-1.235660545850006,0.8035876606522041
1,0,0,-1.2774445836787656,0,0,-0.4904953832887682,1,1,0,1,0,0,0,-1.3434654870128944,-0.5423556957761587
0,0,0,-0.7073594915983407,1,1,0.7059347192846889,1,0,1,0,1,0,3,-0.05478837640420779,-0.9603406138511088
0,1,0,1.4100994218432374,1,0,1.4038522791192056,0,1,0,0,1,0,2,1.9631241372766448,-0.14023941498517428
0,0,0,-0.8702409464784621,1,0,1.1712130925077,1,0,1,0,0,1,3,0.1659225357208634,-1.4208352144707326
1,0,1,0.9621754209229036,1,0,1.270915601055488,0,0,1,1,0,0,2,1.5455096529635923,-0.02063971802091831
1,0,0,-0.4223169455581282,1,1,-0.3243245357091214,0,0,1,1,0,0,0,-0.5534760782250915,-0.04351397279228434
1,1,0,-0.5444780367182193,0,0,-1.0222420955436382,0,0,1,0,1,0,0,-1.1672464336643977,0.33063725130322535
0,0,1,0.4735310562825394,1,1,-1.4875204687666492,0,0,1,0,0,1,1,-0.7535446278818084,1.5073454138110847
1,0,0,-0.9109613101984924,0,1,-0.9557737565117794,0,0,1,0,1,0,0,-1.4245669451231464,0.1280455604232581
0,0,0,-0.5851984004382496,1,0,0.2074221765457484,0,1,0,0,1,0,3,-0.33919624092627365,-0.6236452929569807
1,0,0,-0.0965540357978854,1,0,-1.5207546382825785,0,1,0,0,0,1,0,-1.2024600605493898,0.9001886310289439
1,0,0,-0.2594354906780068,0,0,-0.9557737565117794,0,0,1,0,1,0,0,-0.9730579886225685,0.5739566531416106
0,0,0,1.0436161483629645,1,1,1.4703206181510644,1,1,0,1,0,0,2,1.7346452463513988,-0.3481362372542556
1,0,0,-1.2774445836787656,0,0,-1.1551787736073555,1,1,0,1,0,0,0,-1.8128068062097273,-0.08678244960571818
0,0,0,-0.9516816739185228,1,0,0.0412513289661016,1,0,1,1,0,0,3,-0.6742206715840465,-0.6897135107397986
0,0,0,0.7178532386027215,1,0,0.5729980412209714,0,1,0,1,0,0,2,0.8647890004630672,0.030378260279607716
1,0,0,0.5549717837226001,0,0,-1.1219446040914265,0,1,0,0,1,0,1,-0.5286418205211665,1.1752824148147187
0,0,0,-0.8702409464784621,1,1,-0.4572612137728389,0,0,1,1,0,0,0,-0.9619198013773601,-0.2821293106943828
1,0,0,0.188488510242327,1,0,0.174188007029819,0,0,1,1,0,0,3,0.2213824334450616,0.032282998735130186
1,0,0,-0.4223169455581282,1,0,-0.3575587052250508,1,0,1,1,0,0,0,-0.5839371353331454,-0.029771202775132323
1,0,0,1.4100994218432374,1,1,-1.288115451671073,0,0,1,1,0,0,1,0.05551854920172265,1.8966056294946991
1,0,0,-1.2774445836787656,1,1,-1.4875204687666492,0,1,0,0,0,1,0,-2.003035596054768,0.06185445068166986
0,0,0,-0.5444780367182193,1,0,-0.291090366193192,0,1,0,0,0,1,3,-0.6487540793481511,-0.2723518615225577
0,1,0,-0.9516816739185228,1,1,0.3403588546094659,1,1,0,1,0,0,3,-0.4140595469834365,-1.0567742808704574
1,0,0,1.5322605130033284,1,0,1.1379789229917707,0,0,1,1,0,0,2,1.8475896758060986,0.31002994837054393
1,0,0,-1.2774445836787656,1,0,-0.4904953832887682,0,1,0,0,1,0,0,-1.3198093251554284,-0.611720621108846
0,0,0,0.2699292376823877,0,1,-0.7896029089321326,0,0,1,0,0,1,1,-0.4617579887671674,0.8029690345122525
1,0,0,-1.2367242199587352,1,0,0.2074221765457484,1,1,0,1,0,0,3,-0.7695028852372019,-1.0669434744138149
0,1,0,0.6771328748826912,1,0,-0.6899004003843444,0,1,0,1,0,0,1,-0.002275213764764708,0.7776958209266612
1,0,0,-1.0331224013585834,1,0,-0.0252170100657571,0,0,1,1,0,0,3,-0.7791129891554693,-0.6840706243069673
1,0,1,-1.2774445836787656,1,1,-0.6234320613524857,1,0,1,1,0,0,0,-1.361222998141885,-0.27710033511471405
0,0,0,1.1657772395230557,1,0,1.2044472620236295,0,1,0,0,0,1,2,1.610834126422797,-0.10315582975552703
1,0,0,-1.2774445836787656,1,0,-0.7231345699002738,1,1,0,0,0,1,0,-1.4702870701266222,-0.4710906747057067
0,1,0,0.3106496014024181,1,1,0.9053397363802652,0,0,1,1,0,0,2,0.8846072220637793,-0.4813004755273396
0,0,0,1.5729808767233588,1,1,-1.3545837907029317,0,0,1,1,0,0,1,0.12385547138987803,2.038945765422171
1,0,0,-0.3408762181180675,1,1,0.8388713973484064,1,1,0,1,0,0,3,0.3138069121650879,-0.8651500615959951
0,0,0,-0.748079855318371,1,1,-0.4904953832887682,0,0,1,1,0,0,0,-0.8994175646530536,-0.17404808869653782
0,1,0,1.1657772395230557,1,1,0.971808075412124,0,0,1,1,0,0,2,1.5333264727724998,0.07026011768087734
0,1,0,0.4735310562825394,1,1,0.3403588546094659,0,1,0,1,0,0,2,0.5889156509982916,-0.061577751161689794
0,0,0,1.5322605130033284,1,1,-1.4875204687666492,0,1,0,0,0,1,1,-0.02509631712372007,2.0068593885940955
0,0,0,-0.5851984004382496,1,1,0.3071246850935365,0,0,1,1,0,0,3,-0.2215822447046567,-0.6069992378486359
1,0,1,-0.8295205827584317,1,1,0.3071246850935365,1,1,0,0,0,1,3,-0.4153514652039575,-0.6968936670582024
1,1,0,1.369379058123207,1,0,1.4038522791192056,0,1,0,1,0,0,2,1.9626640063864573,-0.1570247979953937
1,0,1,1.1657772395230557,1,1,-1.45428629925072,0,1,0,0,0,1,1,-0.2549406839011451,1.9036505768857404
0,0,0,0.3920903288424788,1,0,0.7059347192846889,0,1,0,0,1,0,2,0.700564169944536,-0.28290475007022736
0,0,0,0.880734693482843,1,0,1.0050422449280532,0,1,0,0,1,0,2,1.2556449743197033,-0.14670247208963366
1,0,0,-1.1960038562387048,1,1,-1.4875204687666492,0,0,1,1,0,0,0,-1.9192956371524874,0.2134896633069412
1,0,0,1.4915401492832985,1,1,-0.3575587052250508,0,1,0,0,0,1,1,0.743482174087206,1.220904618483242
0,0,0,-1.1960038562387048,1,1,-1.4875204687666492,0,0,1,0,1,0,0,-1.9474919404903486,0.20184085975405303
0,0,0,-1.0331224013585834,1,1,0.3403588546094659,1,0,1,1,0,0,3,-0.5133359552533581,-0.9425539523513419
0,0,0,1.002895784642934,1,0,-1.4875204687666492,0,0,1,1,0,0,1,-0.37819686279039216,1.7229459104813822
1,1,0,-0.748079855318371,1,1,0.3403588546094659,1,1,0,1,0,0,3,-0.2714226930388306,-0.8976494131129169
1,0,0,-0.8702409464784621,0,1,-0.7563687394162032,1,0,1,0,0,1,0,-1.241316398388349,0.000987083378718688
1,0,0,-1.1552834925186746,1,0,-1.4875204687666492,0,1,0,0,1,0,0,-1.93785200126653,0.15694180783613776
1,0,0,0.4328106925625091,1,0,0.971808075412124,0,1,0,1,0,0,2,0.9451534351891805,-0.42505105842240787
1,0,0,1.2064976032430856,1,0,0.3071246850935365,0,0,1,1,0,0,2,1.0316615529856625,0.6520230135787334
0,0,0,-0.8295205827584317,1,1,1.0382764144439829,1,0,1,1,0,0,3,0.12275460104356363,-1.2787349280147662
1,0,1,-0.8702409464784621,1,0,-1.4875204687666492,0,1,0,0,1,0,0,-1.732015169159366,0.5145047085040241
0,0,0,-0.5444780367182193,1,0,-0.1581536881294745,0,0,1,1,0,0,3,-0.5284587250626026,-0.2686996712575899
1,0,0,0.4735310562825394,1,0,1.3706181096032763,0,1,0,0,1,0,2,1.226573040401827,-0.6646556881724502
0,1,1,-0.8702409464784621,1,1,0.4400613631572539,0,0,1,1,0,0,3,-0.26972650147661753,-0.8284670188120203
1,0,1,1.6137012404433893,1,1,0.5397638717050421,0,1,0,0,0,1,2,1.4683040501978966,0.8497068905686026
0,0,0,0.4328106925625091,1,0,1.3373839400873468,1,0,1,1,0,0,2,1.2153136646034561,-0.6113189976264973
1,0,0,-1.1960038562387048,1,1,-1.4875204687666492,1,1,0,1,0,0,0,-1.9306728238128643,0.132238382175286
0,1,0,-1.1145631287986442,1,0,0.5397638717050421,0,1,0,1,0,0,3,-0.3948768792847965,-1.3162188932653904
1,0,0,-1.2367242199587352,0,0,-1.1551787736073555,1,0,1,1,0,0,0,-1.7727731853213011,0.0229030180890447
1,0,1,1.4508197855632678,1,1,0.7059347192846889,0,0,1,1,0,0,2,1.497440733531089,0.7168436722726178
1,1,0,0.0256070553622056,1,0,0.971808075412124,1,0,1,1,0,0,3,0.7233070060432638,-0.7179790634355049
0,0,0,-0.8702409464784621,0,0,-0.9557737565117794,0,1,0,1,0,0,0,-1.3847947509745429,0.04393350723222389
1,1,0,1.4915401492832985,1,1,0.8388713973484064,1,1,0,0,1,0,2,1.6278455583680074,0.32985604461928814
0,0,0,1.369379058123207,1,0,1.3373839400873468,0,1,0,0,0,1,2,1.8479845614024102,-0.05209954617407712
1,0,1,-0.1372743995179157,1,0,0.3735930241253952,0,1,0,1,0,0,3,0.12679796123015769,-0.2545901540263856
1,0,1,-0.9924020376385532,1,0,-0.6566662308684151,0,1,0,0,0,1,0,-1.217516106099775,-0.15908509865486442
1,1,0,1.6137012404433893,0,1,-0.0252170100657571,0,1,0,0,0,1,2,1.0649650804530018,1.0632531912954704
0,0,1,-0.9924020376385532,1,1,-0.6566662308684151,0,1,0,1,0,0,0,-1.194826893970117,-0.15348758293809603
0,0,0,-0.0151133083578247,1,0,1.3041497705714176,0,1,0,1,0,0,3,0.8652486354746947,-0.9825676686438146
0,0,1,0.9621754209229036,1,0,-1.4875204687666492,0,0,1,1,0,0,1,-0.40161150450762323,1.8530353186444073
1,0,0,-0.9109613101984924,1,0,0.5397638717050421,1,1,0,1,0,0,3,-0.3055807518143904,-1.0672566049941739
0,0,0,0.4735310562825394,1,0,-0.0916853490976158,0,0,1,1,0,0,1,0.23488626255831502,0.39659766820305736
0,0,1,-0.3815965818380978,1,1,0.6394663802528302,1,0,1,1,0,0,3,0.16161237854482496,-0.534091333392185
0,0,0,-1.1552834925186746,0,1,-0.556963722320627,0,0,1,1,0,0,0,-1.2854138212441992,-0.3381625729887689
0,0,1,0.1477681465222966,1,1,-0.4572612137728389,0,0,1,0,1,0,1,-0.2691087736988102,0.5925540794985555
1,0,0,0.5956921474426305,1,1,0.6062322107369008,1,0,1,0,1,0,2,0.7911710038182065,0.03484327803590465
0,0,1,-1.2367242199587352,0,1,-1.1551787736073555,0,0,1,1,0,0,0,-1.7598920844666293,0.17350857016454513
0,0,1,0.7992939660427822,1,0,-1.4875204687666492,0,0,1,1,0,0,1,-0.5162372414198209,1.7392985723919767
0,0,0,-1.1145631287986442,1,1,0.8721055668643357,1,0,1,1,0,0,3,-0.19517576835199058,-1.3638809224139097
0,0,1,1.2879383306831464,1,1,0.0412513289661016,0,0,1,1,0,0,2,0.9141189946176999,1.0417262372486253
1,0,0,-1.2367242199587352,1,0,-0.4904953832887682,0,1,0,0,1,0,0,-1.291152890927379,-0.5832864345457383
0,0,0,-0.9924020376385532,1,1,-1.4875204687666492,0,0,1,1,0,0,0,-1.7753681488165995,0.338706661180477
0,0,0,-1.2774445836787656,1,0,0.174188007029819,1,1,0,1,0,0,3,-0.820981068229452,-1.0895529336104028
1,0,0,-1.2774445836787656,0,1,-0.6566662308684151,1,1,0,0,0,1,0,-1.468856729449695,-0.43294205030957916
1,0,1,1.125056875803025,1,0,-0.1581536881294745,0,1,0,1,0,0,1,0.6396743669422222,0.9913282263663039
1,0,0,-0.5037576729981889,1,0,0.8721055668643357,0,1,0,0,0,1,3,0.20060434627871493,-1.0242169208157184
1,0,1,-0.4223169455581282,1,1,-0.4572612137728389,0,1,0,0,1,0,0,-0.6823213567475195,0.13017812142539564
1,0,1,0.880734693482843,1,1,0.2074221765457484,0,0,1,0,1,0,2,0.7154030444072706,0.6657501264060552
1,0,0,-1.2774445836787656,1,0,0.5397638717050421,0,1,0,1,0,0,3,-0.5634886598668349,-1.323164284062143
1,0,0,-0.7888002190384014,1,1,-1.5207546382825785,0,0,1,0,0,1,0,-1.6712482646176399,0.5070946328791389
0,1,1,-0.3408762181180675,1,1,1.071510583959912,0,1,0,1,0,0,3,0.5373042100646386,-0.9728684584851947
0,1,0,-1.0738427650786138,1,0,0.3071246850935365,0,1,0,0,0,1,3,-0.5455398105614434,-1.1418496289100293
1,1,0,0.2292088739623573,1,0,1.270915601055488,0,0,1,1,0,0,2,1.0777927708220851,-0.7808160913966647
0,0,0,-0.8295205827584317,1,0,0.6727005497687596,0,1,0,0,1,0,3,-0.18259592285678672,-1.113151684654935
1,0,0,-0.2594354906780068,0,0,-0.6566662308684151,0,1,0,0,0,1,0,-0.759439864896673,0.2688767214767422
0,0,1,-1.0738427650786138,0,0,-0.7896029089321326,0,1,0,1,0,0,0,-1.4054997998047631,-0.05360714239979176
1,0,1,1.4100994218432374,1,1,0.7391688888006183,1,1,0,0,1,0,2,1.4520325580690017,0.5896846736584472
1,1,0,1.2064976032430856,1,1,1.3041497705714176,1,0,1,1,0,0,2,1.796008249403324,-0.11213838389923311
1,0,1,0.7178532386027215,0,0,-0.8560712479639913,0,1,0,1,0,0,1,-0.1921961428859147,1.2600083259359915
1,0,1,1.6137012404433893,0,1,0.0412513289661016,0,1,0,0,0,1,1,1.0638002784093032,1.2660568819182347
0,1,1,-0.055833672077855,1,0,1.1379789229917707,1,1,0,1,0,0,3,0.7778393904324553,-0.8284223694518551
1,0,0,1.6137012404433893,1,0,0.9053397363802652,0,1,0,0,1,0,2,1.7004142753494265,0.4504028079138725
1,0,0,0.758573602322752,0,1,-0.6899004003843444,0,1,0,1,0,0,1,-0.04445218022126307,1.0250614985217263
0,0,1,1.125056875803025,1,1,1.6697256352466403,0,0,1,0,1,0,2,1.92053786920424,-0.1828598307322702
0,0,1,-0.3408762181180675,1,0,-1.4875204687666492,0,1,0,0,0,1,0,-1.3450444902513852,0.8483745091259062
0,0,0,-1.2367242199587352,1,0,0.5397638717050421,1,1,0,0,1,0,3,-0.5630285289766471,-1.3063789010519233
0,0,0,-1.1552834925186746,1,0,0.4400613631572539,1,0,1,1,0,0,3,-0.5358980512061938,-1.105228391257601
0,0,0,1.4100994218432374,1,0,0.0412513289661016,0,1,0,1,0,0,2,0.9764753269824401,0.8782180287887902
0,0,0,1.4915401492832985,1,1,1.3706181096032763,0,0,1,1,0,0,2,1.9908420116407943,0.11422708299715004
0,0,0,-1.2774445836787656,1,1,0.174188007029819,1,0,1,1,0,0,3,-0.8026098904208626,-0.9992657601873777
1,0,0,1.4100994218432374,1,1,-1.3213496211870024,0,1,0,0,0,1,1,0.0056243927956991235,1.8246174523041652
1,0,0,-1.2774445836787656,1,0,0.8388713973484064,1,1,0,0,0,1,3,-0.36733497001406484,-1.5416878032062418
1,1,0,1.4100994218432374,1,0,0.6394663802528302,0,1,0,1,0,0,2,1.451577923538149,0.39531862166372056
0,1,0,-0.2187151269579764,1,1,0.7059347192846889,0,0,1,1,0,0,3,0.3712711813400874,-0.7142729269966069
0,0,0,0.3513699651224484,1,0,1.3706181096032763,0,1,0,1,0,0,2,1.170090675446822,-0.7722173141928899
1,0,1,1.2879383306831464,1,0,1.4703206181510644,0,1,0,0,1,0,2,1.8753447153531575,-0.0057843491097302815
0,0,0,-1.2774445836787656,1,1,0.174188007029819,1,1,0,0,0,1,3,-0.8290369808670446,-1.0940325996864335
1,0,0,-1.0738427650786138,1,0,-0.6566662308684151,1,1,0,1,0,0,0,-1.2650208632808873,-0.3609615081398116
1,0,1,1.6137012404433893,0,0,0.0080171594501722,0,0,1,1,0,0,1,1.059766311747431,1.3745664914344426
0,0,1,1.002895784642934,1,1,0.174188007029819,1,0,1,0,1,0,2,0.7785505983272181,0.7568774134618979
1,0,0,1.5322605130033284,1,0,0.2738905155776072,0,1,0,1,0,0,2,1.2260687741898388,0.8210238872604614
1,1,0,-0.9109613101984924,1,0,0.7059347192846889,1,1,0,1,0,0,3,-0.13490469554098225,-1.2709873370504596
1,0,0,-1.2774445836787656,1,1,-0.291090366193192,1,0,1,0,1,0,0,-1.1606357515877894,-0.6581054215369528
0,1,0,1.5729808767233588,1,1,0.8388713973484064,0,0,1,1,0,0,2,1.7260225512136265,0.4457166325460418
0,0,1,-1.1960038562387048,0,1,-0.8228370784480619,0,1,0,0,0,1,0,-1.5229920810863453,-0.1206107058566234
0,0,0,1.247217966963116,1,1,-1.3545837907029317,0,1,0,1,0,0,1,-0.1167731890948941,1.7302209917856548
0,0,0,-0.3001558543980371,1,0,0.3403588546094659,0,0,1,1,0,0,3,-0.004514130296681615,-0.4397744865067742
1,0,1,1.2064976032430856,1,0,-1.3545837907029317,0,1,0,0,0,1,1,-0.1628770429417833,1.8547128842319116
0,0,0,0.9214550572028734,1,1,1.0050422449280532,0,0,1,1,0,0,2,1.3315142068898445,-0.03328624349261492
1,0,1,0.7992939660427822,1,0,0.4732955326731833,0,0,1,1,0,0,2,0.8676743330151955,0.4123114311311796
0,0,1,-0.6666391278783103,1,1,0.5397638717050421,1,0,1,0,1,0,3,-0.13822547946454825,-0.6594895210192584
0,0,1,-0.1372743995179157,1,1,0.7724030583165477,0,1,0,0,0,1,3,0.4009921573063059,-0.5493677027466831
0,0,0,-1.2367242199587352,0,1,-0.9890079260277088,1,1,0,0,0,1,0,-1.6742256376244211,-0.19367517560325362
1,0,0,-0.9924020376385532,1,0,0.2074221765457484,0,1,0,0,0,1,3,-0.6126141836547105,-0.9098539134025698
0,0,0,-1.1145631287986442,1,0,0.6727005497687596,0,0,1,1,0,0,3,-0.34297215525925273,-1.2362448408541475
0,1,0,-0.0151133083578247,1,1,0.3071246850935365,1,0,1,1,0,0,3,0.23294856096223454,-0.29875804647880433
1,0,1,1.6137012404433893,1,0,0.6394663802528302,0,0,1,0,0,1,2,1.5430884435895862,0.8535862924833219
1,0,1,-1.0331224013585834,0,0,-0.4904953832887682,0,1,0,0,1,0,0,-1.1951267096672822,-0.20792185028226567
1,1,0,-0.5851984004382496,1,1,-0.2246220271613333,0,0,1,0,1,0,3,-0.5732015113170665,-0.3101189950948424
0,0,0,0.6364125111626608,1,1,1.3373839400873468,0,0,1,1,0,0,2,1.3655898268919155,-0.4601121725195889
0,1,0,1.5729808767233588,1,1,1.0382764144439829,0,0,1,1,0,0,2,1.8668249469726763,0.3090446586949095
1,0,0,-1.2774445836787656,1,0,0.174188007029819,1,1,0,0,0,1,3,-0.8366762892108979,-1.0861145570358013
1,0,0,1.4915401492832985,1,0,1.3373839400873468,0,1,0,0,1,0,2,1.9195168301432197,0.06897763821376363
1,0,0,1.125056875803025,1,0,-1.4875204687666492,0,1,0,1,0,0,1,-0.30425006396226206,1.7439511239810523
1,1,0,-1.2774445836787656,0,0,-1.3213496211870024,1,1,0,1,0,0,0,-1.8768014095347356,-0.06272655857678378
1,0,0,-1.2774445836787656,1,0,-0.5237295528046976,0,0,1,1,0,0,0,-1.3030575839213905,-0.512995809057783
1,0,0,0.2292088739623573,1,0,0.9053397363802652,0,1,0,0,1,0,2,0.7260955115957475,-0.5163595352317878
1,0,0,-0.055833672077855,1,0,1.1379789229917707,0,1,0,0,0,1,3,0.7035616504659913,-0.8936701670897104
0,1,0,-0.748079855318371,1,1,0.4732955326731833,0,0,1,0,0,1,3,-0.18058182912925086,-0.9379822745247529
0,1,0,1.5729808767233588,1,0,1.5035547876669937,0,1,0,0,0,1,2,2.1619427888160647,-0.11365934541482456
1,0,0,-1.2367242199587352,1,0,0.5397638717050421,1,1,0,0,1,0,3,-0.5636738461722881,-1.289424966109921
1,0,1,1.2879383306831464,1,0,0.9385739058961944,0,0,1,0,0,1,2,1.5250405634037658,0.4211048392017625
0,0,0,-0.9516816739185228,1,1,0.5397638717050421,0,1,0,0,1,0,3,-0.35543949823208926,-1.0983037028187999
0,0,0,0.9621754209229036,1,1,1.3706181096032763,0,0,1,0,0,1,2,1.6032584628903475,-0.2689329006906504
0,0,0,-0.8702409464784621,1,0,0.971808075412124,0,1,0,1,0,0,3,0.0287928570872414,-1.3518989633838552
1,0,1,1.6137012404433893,1,1,-1.5207546382825785,0,0,1,1,0,0,1,0.039773051133896384,2.356750793196024
0,0,0,-1.2774445836787656,1,1,-1.4875204687666492,0,1,0,1,0,0,0,-1.987340375073322,0.05841607410706823
1,0,0,1.125056875803025,1,0,1.4703206181510644,0,1,0,0,0,1,2,1.7692689026778396,-0.2968653798448087
1,1,0,0.0256070553622056,0,1,-0.4904953832887682,0,0,1,0,0,1,0,-0.3697975912183297,0.35447246878523514
1,0,1,1.6137012404433893,1,0,-1.4875204687666492,0,1,0,1,0,0,1,0.044868939285148665,2.2436849574644766
0,0,0,-0.2594354906780068,1,1,0.7391688888006183,0,1,0,0,0,1,3,0.2863139961514978,-0.7704151948536168
0,0,0,-1.1960038562387048,1,1,0.7059347192846889,1,1,0,0,0,1,3,-0.39625105705347935,-1.4016228234965706
0,0,1,-0.4223169455581282,0,0,-0.8560712479639913,0,0,1,1,0,0,0,-0.9825537974152792,0.5281484483586298
0,1,0,-0.4223169455581282,1,0,-0.0252170100657571,0,1,0,0,0,1,3,-0.3217075225110698,-0.4591160208150867
0,0,0,-1.2774445836787656,1,0,-0.3575587052250508,1,1,0,0,1,0,0,-1.2252957441204209,-0.7197892052849364
1,0,1,-0.2187151269579764,1,0,-0.3243245357091214,0,0,1,1,0,0,0,-0.41194610572223844,0.24814466245801675
0,0,0,-1.2774445836787656,1,1,0.174188007029819,1,1,0,0,1,0,3,-0.8428286976147424,-1.0752119099299187
0,0,0,0.3513699651224484,1,0,1.3706181096032763,1,1,0,1,0,0,2,1.170090675446822,-0.7722173141928899
0,1,0,-0.748079855318371,1,1,0.3071246850935365,1,1,0,1,0,0,3,-0.29424444180303133,-0.8918246857463973
1,0,0,-1.0331224013585834,1,1,0.1409538375138897,1,1,0,0,1,0,3,-0.6950024754019287,-0.8648741933007483
0,0,0,-0.0151133083578247,1,1,-0.3575587052250508,0,1,0,0,0,1,0,-0.31616057515498025,0.15188578070625597
1,0,1,0.3513699651224484,1,0,0.1077196679979603,0,1,0,0,1,0,2,0.2540970237545144,0.27415451458819656
0,1,1,-1.1552834925186746,1,0,-0.6234320613524857,1,1,0,0,1,0,0,-1.2684804501299878,-0.3835711729149803
1,0,0,0.9621754209229036,1,0,-1.288115451671073,0,0,1,1,0,0,1,-0.2666962184550326,1.5747936850091449
0,1,0,0.0256070553622056,1,1,1.5035547876669937,1,0,1,0,1,0,2,1.0775777492110805,-1.0850505716333754
1,1,0,-1.2367242199587352,1,1,0.0412513289661016,1,0,1,0,1,0,3,-0.8439679312871234,-0.9472952785727411
1,0,0,-0.1779947632379461,1,0,1.3706181096032763,1,0,1,0,1,0,3,0.779447279413414,-1.0383513920505174
0,0,1,-1.2774445836787656,1,1,-0.3575587052250508,0,0,1,1,0,0,0,-1.172841153267511,-0.47628356852489256
1,0,1,-1.2774445836787656,1,0,-1.5207546382825785,0,0,1,1,0,0,0,-2.0018277702058214,0.3288876549240105
0,0,0,-1.2367242199587352,1,1,0.174188007029819,1,0,1,1,0,0,3,-0.7739534561928132,-0.97083157362427
1,1,0,-1.1552834925186746,1,0,0.3071246850935365,1,1,0,1,0,0,3,-0.5884480924273784,-1.1682485087268415
1,0,0,0.0663274190822359,1,1,1.3373839400873468,0,0,1,0,0,1,2,0.9487045267177784,-0.8547524078284944
0,0,0,1.2879383306831464,1,1,-0.2246220271613333,0,0,1,0,1,0,1,0.6922990538946456,1.0707370723797829
1,0,0,-1.0331224013585834,1,0,-1.5207546382825785,0,1,0,0,1,0,0,-1.875349764542223,0.26502302983398285
1,0,1,0.758573602322752,1,1,0.6394663802528302,0,1,0,0,0,1,2,0.936920129288385,0.1842529858177759
1,0,0,-0.4630373092781585,1,0,-1.4875204687666492,0,0,1,1,0,0,0,-1.410473812195811,0.716269129151509
0,0,0,-0.4630373092781585,1,0,0.2074221765457484,0,1,0,0,0,1,3,-0.2394352214944277,-0.5571634230241728
1,1,0,1.002895784642934,1,1,0.8721055668643357,0,0,1,1,0,0,2,1.347654220785136,0.0418132932960151
1,0,0,-1.0738427650786138,1,1,0.3735930241253952,1,1,0,0,0,1,3,-0.5455977311633888,-1.071579705780025
0,0,0,-0.9924020376385532,1,0,-0.5237295528046976,0,1,0,0,0,1,0,-1.1282443175755859,-0.4256772775570877
1,0,1,-0.5851984004382496,0,0,-1.288115451671073,0,0,1,1,0,0,0,-1.4028967090010591,0.7274882470589882
1,1,0,-1.0331224013585834,1,0,0.174188007029819,1,1,0,0,0,1,3,-0.6113969573684015,-1.005346858170831
1,0,0,0.1070477828022663,1,0,-0.1581536881294745,0,1,0,0,0,1,3,-0.09702818505563543,0.10843440919507907
0,0,0,-0.0151133083578247,1,1,0.3403588546094659,0,0,1,1,0,0,3,0.20307490044787624,-0.2316992882736506
0,0,0,-0.0965540357978854,1,1,1.1712130925077,0,0,1,1,0,0,3,0.7324386809878186,-0.8580342191129166
1,0,1,-0.2594354906780068,1,0,-0.4904953832887682,0,0,1,1,0,0,0,-0.5579378697494961,0.3336037874375192
1,0,0,0.2292088739623573,1,0,1.0050422449280532,0,1,0,0,1,0,2,0.7964967094752723,-0.5846955221573538
0,1,0,0.3513699651224484,1,0,1.6032572962147815,1,1,0,0,0,1,2,1.3726509598541088,-1.03502092923362
1,0,1,0.0663274190822359,0,0,-0.6566662308684151,0,1,0,0,1,0,1,-0.5387383153091576,0.6736944984642511
1,1,0,0.9214550572028734,1,1,-0.1581536881294745,0,0,1,0,0,1,1,0.5478124037881417,0.6775678933665817
0,1,0,1.002895784642934,1,0,0.971808075412124,0,0,1,1,0,0,2,1.4117067447120897,-0.0525125208629235
0,1,0,1.369379058123207,1,0,1.3373839400873468,0,1,0,0,0,1,2,1.9013252878766096,-0.14193696668775282
1,0,0,0.4328106925625091,1,0,0.7059347192846889,0,0,1,1,0,0,2,0.7687940941708242,-0.16157047882257633
0,0,1,-0.0151133083578247,1,0,0.3735930241253952,0,1,0,0,0,1,3,0.19836267732414192,-0.19975708764646583
0,0,0,0.3106496014024181,1,1,0.5397638717050421,0,1,0,0,0,1,2,0.5467016795851393,-0.23566460911897752
0,0,0,0.3513699651224484,1,1,1.1047447534758412,0,1,0,0,1,0,2,0.9605065183827989,-0.5756469920442292
1,1,0,-0.0965540357978854,1,0,0.8388713973484064,0,0,1,1,0,0,3,0.543469439519749,-0.7121669738907398
0,0,0,-1.1960038562387048,1,0,0.5065297021891128,1,1,0,0,1,0,3,-0.5578391607084393,-1.2551660521802936
0,0,1,0.880734693482843,1,0,1.3041497705714176,0,0,1,1,0,0,2,1.5123091676629763,-0.1172406883976582
1,0,0,-0.9516816739185228,1,0,1.0050422449280532,1,1,0,0,0,1,3,-0.020748166390461648,-1.4281076222439906
1,1,0,-1.0331224013585834,1,1,0.3403588546094659,0,1,0,0,0,1,3,-0.4870676364209809,-1.110204277422071
1,0,0,1.0436161483629645,1,1,1.1712130925077,0,1,0,0,0,1,2,1.5077464317313785,-0.13968989990295563
1,0,0,0.7992939660427822,1,1,0.805637227832477,0,1,0,0,1,0,2,1.0638783840571262,-0.040909044131344434
1,0,1,-0.2594354906780068,0,1,-0.8228370784480619,0,0,1,1,0,0,0,-0.8381123205906686,0.645096359535911
0,0,0,0.0663274190822359,1,1,-1.4875204687666492,0,1,0,0,1,0,0,-1.0705196660811955,1.002049362078735
1,0,0,0.8400143297628127,1,1,0.5397638717050421,0,0,1,0,0,1,2,0.9299671940145172,0.2321850322750797
1,0,0,-0.7073594915983407,1,1,0.7724030583165477,0,0,1,1,0,0,3,0.020342058853337244,-0.9942491349152646
1,0,1,-1.2774445836787656,1,0,-1.5207546382825785,1,1,0,0,0,1,0,-2.0282548606520034,0.23412081542495458
0,0,0,-1.1145631287986442,1,1,-0.291090366193192,0,1,0,1,0,0,0,-1.0279002636068253,-0.6478790227472941
0,0,1,0.0663274190822359,1,0,1.3373839400873468,0,1,0,1,0,0,2,0.9512703624014532,-0.7899543630999887
0,0,0,-0.0151133083578247,1,0,1.2044472620236295,0,1,0,0,1,0,3,0.766005817061667,-0.9089265503291344
0,0,1,0.3513699651224484,0,0,-0.9890079260277088,0,1,0,1,0,0,1,-0.5433269975820849,1.0782613611601084
0,0,0,-0.3001558543980371,0,0,-0.3575587052250508,0,1,0,0,1,0,0,-0.5900391050382044,0.03730132895144884
1,0,1,-0.62591876415828,1,0,-0.0916853490976158,0,1,0,0,0,1,3,-0.5606680767300227,-0.29041467883177
0,0,0,-0.62591876415828,1,1,-1.3213496211870024,0,0,1,0,0,1,0,-1.4151748147507515,0.467205470338435
0,0,0,1.5322605130033284,1,0,0.6727005497687596,0,1,0,1,0,0,2,1.5083188829035794,0.5307260046161946
1,0,1,0.4328106925625091,1,0,-1.5207546382825785,0,1,0,0,1,0,1,-0.8384763398216275,1.447177340831991
1,0,1,1.5729808767233588,1,1,-1.3545837907029317,0,1,0,0,1,0,1,0.08823313951117555,2.1384771453477653
1,1,0,-1.2367242199587352,0,0,-1.3545837907029317,1,1,0,0,1,0,0,-1.9004536618000303,-0.006208578316039902
1,0,0,0.6771328748826912,1,0,0.3403588546094659,0,1,0,0,0,1,2,0.6561678835346806,0.16483308645075595
0,1,0,1.6137012404433893,1,0,1.3373839400873468,0,0,1,1,0,0,2,2.0996909836910884,0.12343499218994919
1,0,0,-0.2594354906780068,1,1,0.6394663802528302,0,1,0,1,0,0,3,0.2303173848621367,-0.6716097146186476
0,0,0,-0.5851984004382496,1,0,-1.4875204687666492,0,0,1,1,0,0,0,-1.495797797684318,0.6140126345201834
1,0,1,-1.2774445836787656,1,0,0.9385739058961944,1,0,1,1,0,0,3,-0.2652648891775398,-1.356733355906619
1,0,0,-0.9516816739185228,0,1,-1.3545837907029317,1,0,1,0,0,1,0,-1.7210364541215977,0.3541346318058996
1,0,0,-0.1779947632379461,1,1,0.4068271936413246,0,0,1,1,0,0,3,0.134737978259721,-0.3740394242011228
0,0,1,1.125056875803025,1,0,-1.5207546382825785,0,0,1,0,1,0,1,-0.33929445408876996,1.994855858594474
1,0,0,-0.3815965818380978,1,1,-1.45428629925072,0,0,1,0,0,1,0,-1.337749790417463,0.7458791738931715
0,0,0,-0.7073594915983407,1,0,0.5065297021891128,1,1,0,0,0,1,3,-0.20017023322414917,-0.9327765031795169
0,0,0,-0.1372743995179157,1,0,0.0744854984820309,0,0,1,1,0,0,3,-0.07762492106321736,-0.1438084417861674
0,0,0,-0.8702409464784621,1,0,-0.3243245357091214,0,0,1,1,0,0,0,-0.8750455286862058,-0.3822798522198409
1,0,0,-0.2187151269579764,1,0,0.1409538375138897,0,1,0,1,0,0,3,-0.10002616145565081,-0.31053148571907957
1,0,0,-1.2774445836787656,1,0,0.174188007029819,1,1,0,0,1,0,3,-0.8504680059585957,-1.0672938672792864
0,0,0,1.369379058123207,1,0,0.8721055668643357,0,0,1,1,0,0,2,1.545872728410809,0.3615685656442872
0,1,0,-1.2367242199587352,1,1,-0.2578561966772627,0,0,1,1,0,0,3,-1.0256845871965545,-0.7645463841271595
0,0,1,-0.5444780367182193,1,1,-1.4875204687666492,0,0,1,1,0,0,0,-1.4549055797972381,0.8100063081007939
1,0,1,1.2064976032430856,1,1,1.0050422449280532,0,0,1,1,0,0,2,1.5367057218013673,0.34123059211727375
0,0,0,0.758573602322752,1,0,0.4732955326731833,0,1,0,1,0,0,2,0.8230442368115917,0.1271484337682815
0,0,0,1.6137012404433893,1,1,0.971808075412124,0,1,0,0,0,1,2,1.7687794323606607,0.378106750889681
1,0,0,-0.9109613101984924,1,1,0.8388713973484064,1,0,1,1,0,0,3,-0.07600598036722615,-1.181977392347847
0,0,0,0.188488510242327,1,1,0.1077196679979603,0,1,0,1,0,0,3,0.17071042320885438,-0.011329000430113402
0,0,1,0.1070477828022663,1,1,-0.4904953832887682,0,0,1,1,0,0,1,-0.29239065335319847,0.5815934238548556
0,0,0,-0.9109613101984924,1,0,-0.1249195186135452,0,0,1,1,0,0,3,-0.7628995671552052,-0.5473860126340807
0,0,1,-0.2594354906780068,1,1,-1.4875204687666492,0,0,1,1,0,0,0,-1.2543105402008925,1.0090456140425477
1,0,0,1.6137012404433893,1,0,0.5729980412209714,0,1,0,1,0,0,2,1.4945852362845125,0.6728842996099785
0,1,0,0.2292088739623573,1,1,1.1712130925077,1,0,1,0,0,1,2,0.9999809775006087,-0.7339137054891319
0,0,0,-0.5851984004382496,1,0,1.1712130925077,1,0,1,1,0,0,3,0.38156747910301375,-1.2082803501615782
1,0,0,0.9621754209229036,1,1,-0.3907928747409802,0,0,1,0,0,1,1,0.35885864982309934,0.9552901366030194
0,0,0,0.1477681465222966,1,0,-0.3575587052250508,0,1,0,1,0,0,1,-0.19347892560519026,0.27010219303471716
1,0,1,-0.4223169455581282,1,1,0.805637227832477,0,0,1,1,0,0,3,0.24964595692034286,-0.6594648965559003
1,0,1,1.3286586944031769,1,1,1.3041497705714176,0,1,0,0,0,1,2,1.8074515276779088,0.12675835153084264
1,0,0,-0.2187151269579764,1,1,-0.3575587052250508,0,1,0,0,0,1,0,-0.46008806349086806,0.026668782832720138
0,0,0,-0.1372743995179157,1,1,0.3071246850935365,0,0,1,1,0,0,3,0.09363853180388647,-0.29422318565445155
1,1,0,-0.9109613101984924,1,0,1.0050422449280532,1,1,0,1,0,0,3,0.07629889809759256,-1.475995297827158
0,1,0,0.7178532386027215,1,0,1.3373839400873468,0,1,0,1,0,0,2,1.457872244013625,-0.5833683933300746
1,0,0,-0.9516816739185228,1,1,0.7059347192846889,0,0,1,0,1,0,3,-0.22737229896814487,-1.1139917982877523
1,0,1,-0.3815965818380978,1,1,-1.3545837907029317,0,0,1,0,0,1,0,-1.2621068000271196,0.836066781693738
1,0,1,-0.3408762181180675,1,0,-0.3243245357091214,1,1,0,0,0,1,0,-0.5243424988525686,0.06807526326963781
1,0,0,-1.2774445836787656,1,1,-0.291090366193192,0,0,1,0,1,0,0,-1.1606357515877894,-0.6581054215369528
1,0,0,-0.5037576729981889,1,1,-0.0252170100657571,0,0,1,1,0,0,3,-0.39958535304261533,-0.3053903066951978
1,0,0,1.0436161483629645,1,1,-0.1581536881294745,1,1,0,0,0,1,1,0.5690637933377127,0.7714565924379252
1,1,0,1.6137012404433893,1,0,0.9385739058961944,0,0,1,0,1,0,2,1.7885992544438447,0.4190380062233302
1,0,0,-0.748079855318371,1,1,-0.4904953832887682,0,0,1,1,0,0,0,-0.9000628818486945,-0.15709415375453534
0,0,1,1.2064976032430856,1,0,-0.3243245357091214,0,0,1,1,0,0,1,0.5916744094551306,1.2263872572247823
0,1,0,0.188488510242327,1,0,0.3735930241253952,1,1,0,0,1,0,3,0.37595206568007267,-0.2871264803142211
1,0,0,-0.1372743995179157,0,0,-1.0222420955436382,0,0,1,0,1,0,0,-0.9340228178581037,0.7048165374479776
0,0,0,1.2064976032430856,1,1,-1.5207546382825785,0,0,1,0,0,1,1,-0.2664376702475795,1.8834158395294116
0,0,1,0.5549717837226001,1,0,1.1712130925077,0,1,0,0,0,1,2,1.1627623395530327,-0.3483663711674873
1,0,0,-1.2367242199587352,1,0,0.971808075412124,1,0,1,1,0,0,3,-0.21838318150046682,-1.5096014263781663
0,0,0,0.7178532386027215,1,0,1.0382764144439829,0,1,0,0,1,0,2,1.1644863033673478,-0.2832178806505867
1,0,0,-0.3408762181180675,1,1,1.3373839400873468,1,0,1,0,1,0,3,0.648348467689587,-1.120273583703056
1,1,0,0.9214550572028734,1,1,1.6364914657307112,0,1,0,0,0,1,2,1.8036567789592133,-0.6337311524252628
0,0,0,1.2879383306831464,1,1,1.6697256352466403,0,1,0,0,1,0,2,2.0185446269452423,-0.30889796033762745
0,0,0,-1.1552834925186746,1,0,0.805637227832477,1,1,0,1,0,0,3,-0.28913751230831264,-1.4370449577829987
0,0,0,-1.0738427650786138,0,1,-1.188412943123285,0,1,0,0,0,1,0,-1.7004022964712737,0.05673354450030912
1,1,0,-1.2774445836787656,1,1,0.3735930241253952,1,0,1,0,0,1,3,-0.6241619891690585,-1.222336777977584
1,0,1,0.188488510242327,1,0,-0.0584511795816865,0,0,1,1,0,0,1,0.062354764236988394,0.35025722962091704
1,1,0,1.5729808767233588,1,1,-1.3213496211870024,0,1,0,0,0,1,1,0.1735908561820967,1.8485167780429201
1,0,1,-0.1372743995179157,0,1,-0.3243245357091214,0,0,1,1,0,0,0,-0.4001370285088959,0.38871898459740367
1,0,0,-1.0331224013585834,1,0,0.805637227832477,1,1,0,0,0,1,3,-0.2188634306056102,-1.3483040215190738
1,0,0,-0.0151133083578247,1,1,1.1379789229917707,0,0,1,1,0,0,3,0.7656391662884349,-0.7614332487361769
0,0,0,1.0843365120829946,1,1,1.0050422449280532,0,0,1,1,0,0,2,1.4461399438020421,0.08045050275981554
1,0,1,0.3106496014024181,1,0,0.3403588546094659,0,1,0,1,0,0,2,0.4185516717788592,0.08096456047632053
1,0,0,-0.9109613101984924,0,1,-1.1551787736073555,1,0,1,0,1,0,0,-1.5653693408821963,0.2647175342743902
0,0,0,-0.2187151269579764,1,0,-1.5207546382825785,0,0,1,1,0,0,0,-1.261356955591715,0.8926989758966742
0,0,0,-1.0331224013585834,1,1,0.7059347192846889,1,0,1,1,0,0,3,-0.2551982296951,-1.193119237745084
1,0,1,1.3286586944031769,1,1,-1.3213496211870024,0,0,1,0,1,0,1,-0.048861213236901846,2.026344644792253
0,0,0,-0.9109613101984924,1,1,0.5397638717050421,1,1,0,1,0,0,3,-0.2979414434705372,-1.0751746476448063
0,0,1,-0.3815965818380978,1,1,0.6394663802528302,0,1,0,0,1,0,3,0.12139357135094521,-0.6100374831347259
0,0,1,0.5956921474426305,1,0,0.6727005497687596,0,1,0,0,1,0,2,0.8256210676357596,0.04056843977996568
1,0,0,-0.8702409464784621,1,1,-0.3243245357091214,0,1,0,1,0,0,0,-0.8800740413940116,-0.4375413061181236
1,0,0,-0.8295205827584317,0,1,-1.0222420955436382,0,0,1,1,0,0,0,-1.3853465880532283,0.22516612677740339
1,0,1,-0.0965540357978854,0,0,-0.6899004003843444,0,1,0,1,0,0,0,-0.647989497647694,0.5774312831312283
0,0,0,-1.2774445836787656,1,0,0.3735930241253952,1,0,1,1,0,0,3,-0.668801485810025,-1.1449736263298798
0,0,0,1.002895784642934,1,1,1.4703206181510644,0,0,1,0,1,0,2,1.6885243782502242,-0.2900140112965939
1,1,0,-0.8702409464784621,1,0,0.174188007029819,0,1,0,0,0,1,3,-0.49677122045620414,-0.8916101119184004
0,0,0,-0.9516816739185228,1,1,-1.4875204687666492,0,0,1,1,0,0,0,-1.7467117145885502,0.3671408477435847
0,0,0,-1.1552834925186746,1,0,0.174188007029819,1,1,0,0,1,0,3,-0.7638533860788067,-0.9989452425319659
1,0,0,-0.7888002190384014,1,1,0.3071246850935365,0,0,1,0,0,1,3,-0.38055963682634936,-0.7457317940895724
0,0,0,0.1070477828022663,1,1,-1.45428629925072,0,0,1,1,0,0,1,-0.9781773586994246,1.0836510360758618
1,0,0,1.4100994218432374,0,0,-0.4572612137728389,0,1,0,1,0,0,1,0.571326237998206,1.3115219550804247
1,0,1,0.758573602322752,1,0,-0.556963722320627,0,1,0,0,0,1,1,0.0851117635858732,0.9952489366331988
1,0,0,-1.2774445836787656,1,0,-0.4572612137728389,1,1,0,1,0,0,0,-1.2675006386620844,-0.6398044148064822
0,0,1,1.5729808767233588,1,1,1.1712130925077,0,0,1,0,0,1,2,1.897544373062856,0.45277546633322924
1,1,0,-0.1372743995179157,1,1,0.4732955326731833,0,1,0,0,1,0,3,0.223450463687774,-0.5569461325112759
0,0,0,0.0256070553622056,1,0,1.3041497705714176,1,1,0,1,0,0,3,0.8939050697027439,-0.954133482080707
0,0,1,-0.8702409464784621,0,1,-0.9557737565117794,0,0,1,0,0,1,0,-1.37623168444094,0.2792287170139811
1,0,1,-0.7888002190384014,1,1,0.4400613631572539,0,0,1,1,0,0,3,-0.2663996766903597,-0.6648072902301271
1,0,1,0.3920903288424788,1,0,-1.5207546382825785,0,1,0,0,0,1,1,-0.853341057301979,1.3999224645123685
0,0,0,-0.9924020376385532,0,0,-1.188412943123285,0,1,0,1,0,0,0,-1.6350335153775826,0.11808158370255512
1,0,0,-1.2774445836787656,1,0,-0.6899004003843444,1,0,1,1,0,0,0,-1.4203929137205986,-0.39910249751517285
1,0,0,1.6137012404433893,1,0,1.437086448635135,0,1,0,0,0,1,2,2.08967904745459,0.06712352122100529
1,0,1,0.5956921474426305,1,0,0.7391688888006183,0,1,0,0,0,1,2,0.8857015991074997,-0.006855639651590854
1,0,1,-0.0965540357978854,1,0,0.6727005497687596,0,1,0,1,0,0,3,0.3666579890967819,-0.43116392823997624
1,0,0,0.758573602322752,1,1,1.5700231266988525,0,1,0,0,1,0,2,1.5749644669054348,-0.5932524637904587
0,0,0,-0.6666391278783103,1,0,1.0050422449280532,0,1,0,0,1,0,3,0.16670047365382712,-1.2272015614877245
0,0,0,0.0663274190822359,1,1,1.1712130925077,0,1,0,1,0,0,3,0.835687231239639,-0.8255487539921412
1,0,0,-0.9924020376385532,1,0,0.7391688888006183,1,1,0,0,0,1,3,-0.2371411282972442,-1.2743125103389221
1,1,0,1.125056875803025,1,0,0.2406563460616778,0,1,0,1,0,0,2,0.9693780924237035,0.46962326342423133
1,0,0,1.6137012404433893,1,0,1.7029598047625698,0,1,0,1,0,0,2,2.2924654789191283,-0.10159021887977016
1,0,1,-0.8295205827584317,1,1,-1.4875204687666492,0,0,1,1,0,0,0,-1.6561459365892246,0.6279209371010427
0,0,1,1.3286586944031769,1,1,0.5729980412209714,0,0,1,1,0,0,2,1.3182484842032152,0.7057018268753806
1,0,1,-0.0151133083578247,1,0,-1.5207546382825785,0,0,1,1,0,0,0,-1.1134783091362908,1.2103474383803479
0,0,1,1.4100994218432374,1,0,0.971808075412124,1,0,1,1,0,0,2,1.6501721530292015,0.4801903600079614
1,0,0,0.5142514200025698,1,1,0.4732955326731833,0,0,1,0,0,1,2,0.6537815882704389,0.05026886438726249
0,0,1,1.125056875803025,0,1,-0.1581536881294745,0,0,1,0,0,1,1,0.5911431757696792,1.1258159632017277
0,0,0,-1.2774445836787656,1,1,-0.3243245357091214,0,0,1,0,0,1,0,-1.169665783604292,-0.6711013839269483
0,0,0,1.0436161483629645,1,1,0.0080171594501722,0,1,0,1,0,0,2,0.7020943441183666,0.6541249043207136
0,0,0,-0.9516816739185228,1,1,1.0050422449280532,1,1,0,0,0,1,3,-0.013108858046608468,-1.436025664894623
0,0,0,-1.2774445836787656,1,0,0.3071246850935365,0,1,0,0,1,0,3,-0.7559544249235881,-1.1753624514553769
1,0,1,-0.9924020376385532,1,0,-1.3545837907029317,0,1,0,1,0,0,0,-1.6952745874706447,0.3327823681914987
1,0,0,-1.2367242199587352,1,0,-0.6566662308684151,1,0,1,0,0,1,0,-1.3833193173185123,-0.40696253162798784
0,0,1,0.5956921474426305,1,0,-1.4875204687666492,0,1,0,0,1,0,1,-0.6997382197539475,1.5211814898338973
0,1,0,-1.2774445836787656,1,0,0.3071246850935365,1,1,0,1,0,0,3,-0.6737720779158854,-1.2705050033581669
0,0,0,-1.2774445836787656,0,0,-1.288115451671073,0,0,1,1,0,0,0,-1.894652566193076,0.0686295458180228
0,0,0,-0.9109613101984924,1,1,1.2044472620236295,1,0,1,1,0,0,3,0.18277706238667285,-1.4494966126835915
1,0,0,-0.1372743995179157,0,1,-1.3213496211870024,0,0,1,1,0,0,0,-1.1093907998149637,0.9135552591269315
0,0,1,1.0436161483629645,1,0,0.3735930241253952,0,1,0,0,1,0,2,0.9296382505057282,0.5583524527508483
1,0,0,-0.748079855318371,1,0,-1.5207546382825785,0,1,0,0,1,0,0,-1.6747547249458776,0.4640623357757364
1,0,0,-1.0331224013585834,1,0,-1.45428629925072,0,1,0,1,0,0,0,-1.7995740120890376,0.2141605738278247
0,0,1,-1.1145631287986442,1,1,0.6394663802528302,1,0,1,1,0,0,3,-0.35420343756006384,-1.0459066915281228
0,0,1,-0.5851984004382496,1,0,-1.4875204687666492,1,1,0,1,0,0,0,-1.5019331918338767,0.691284948114661
1,0,1,-0.3001558543980371,1,0,-1.4875204687666492,0,1,0,1,0,0,0,-1.301983469433172,0.9072781889984171
0,0,0,0.5549717837226001,1,1,-0.0252170100657571,0,0,1,1,0,0,2,0.3461272540823093,0.4169446090035987
0,0,0,-1.2774445836787656,1,1,-0.556963722320627,0,1,0,0,1,0,0,-1.3591041487312585,-0.5740813391424343
0,0,0,1.4508197855632678,1,0,0.6727005497687596,0,1,0,0,1,0,2,1.4221643939139783,0.47916276287909365
1,0,0,-0.5851984004382496,1,1,-0.6899004003843444,0,1,0,1,0,0,0,-0.937616727355924,0.012063285217372162
0,0,0,-0.9924020376385532,1,1,0.5065297021891128,0,0,1,1,0,0,3,-0.3673441912261006,-1.0280130773308445
1,0,0,1.2879383306831464,1,1,-1.4875204687666492,0,0,1,0,1,0,1,-0.20009476977497775,1.9532801750456223
0,1,0,-1.1552834925186746,1,1,0.805637227832477,1,0,1,0,1,0,3,-0.24626722855902594,-1.4312900734845349
0,0,0,1.247217966963116,1,1,0.5065297021891128,0,0,1,0,1,0,2,1.1799180707831125,0.5411723150291907
1,0,1,0.880734693482843,1,1,1.3706181096032763,0,0,1,0,1,0,2,1.5367503530017284,-0.13150305439221566
1,0,0,0.880734693482843,1,0,0.3403588546094659,0,0,1,1,0,0,2,0.8258771451211094,0.4017708587653502
1,0,1,1.6137012404433893,1,0,0.174188007029819,0,1,0,1,0,0,2,1.218222237277231,1.1047518420383757
1,1,0,-1.1552834925186746,0,0,-0.4572612137728389,0,1,0,1,0,0,0,-1.1806883918947046,-0.5696692189090334
0,0,0,1.6137012404433893,1,0,0.8721055668643357,0,0,1,1,0,0,2,1.7178113337791052,0.5321736850229332
0,1,0,1.125056875803025,0,0,-0.5237295528046976,0,1,0,1,0,0,1,0.3777831101520181,1.051248618300037
1,0,1,-0.5037576729981889,1,0,0.8388713973484064,1,1,0,1,0,0,3,0.19742897661549635,-0.8293991054136629
0,1,0,0.1070477828022663,1,0,0.2074221765457484,0,1,0,0,1,0,3,0.2013038674247657,-0.23010154189782633
0,0,0,-1.2367242199587352,1,1,-0.5237295528046976,1,0,1,0,1,0,0,-1.2956034618829904,-0.4871745337561934
0,0,0,-0.2594354906780068,0,0,-0.4904953832887682,0,0,1,1,0,0,0,-0.6150321274556418,0.23279631449118549
1,0,0,-0.748079855318371,1,0,0.6062322107369008,0,0,1,1,0,0,3,-0.13264369632213263,-0.9178259022271321
1,1,0,-1.2774445836787656,1,0,0.3403588546094659,1,0,1,1,0,0,3,-0.6395731424913076,-1.1950784495930313
0,0,1,0.8400143297628127,1,0,-1.4875204687666492,0,1,0,0,0,1,1,-0.5140078976379533,1.6729659194560285
1,0,0,-1.2774445836787656,1,0,-1.5207546382825785,0,1,0,0,1,0,0,-2.047288369910519,0.09441791045533673
1,0,0,1.0436161483629645,1,1,-1.4875204687666492,0,0,1,1,0,0,1,-0.3431917546097713,1.7773699242778624
0,0,1,-1.1145631287986442,1,1,-0.4572612137728389,0,1,0,0,0,1,0,-1.15504370468102,-0.38897767484595197
0,0,0,0.8400143297628127,1,0,1.3706181096032763,0,1,0,0,1,0,2,1.4851262656499122,-0.4257019440464837
0,0,0,-1.1552834925186746,1,0,-1.4875204687666492,0,1,0,0,0,1,0,-1.923414967323191,0.12116718313762034
1,0,0,0.6771328748826912,1,0,1.1379789229917707,0,1,0,0,1,0,2,1.2055857498231823,-0.3630341191972577
1,0,1,-1.2367242199587352,1,1,0.8388713973484064,1,0,1,1,0,0,3,-0.30001566168080296,-1.2509272901265753
1,0,0,-1.2367242199587352,1,1,0.1077196679979603,1,0,1,0,1,0,3,-0.8503745258416401,-0.9030151826761095
0,0,0,-1.1960038562387048,1,0,0.3403588546094659,1,1,0,1,0,0,3,-0.6463328699741449,-1.1465778720267976
1,0,0,-1.0331224013585834,1,1,0.971808075412124,1,0,1,1,0,0,3,-0.06810701921200765,-1.358394601271258
1,0,0,-0.748079855318371,1,0,-0.6566662308684151,0,1,0,0,1,0,0,-1.064611009989995,-0.12818288424583613
1,0,0,-0.5851984004382496,1,0,1.1379789229917707,1,1,0,1,0,0,3,0.34607790928715415,-1.2497990340427092
1,0,0,-0.2187151269579764,1,0,0.5397638717050421,0,1,0,1,0,0,3,0.18157863006244895,-0.583875433421344
0,0,1,1.369379058123207,1,0,-0.1581536881294745,0,0,1,1,0,0,1,0.8236354761665363,1.2262306919346027
0,0,0,0.4328106925625091,1,0,0.7059347192846889,0,1,0,0,1,0,2,0.7292206041725853,-0.2544705635071197
1,0,0,1.4915401492832985,1,1,1.6032572962147815,0,0,1,0,0,1,2,2.13941625237824,-0.04178517658790213
1,0,0,1.5729808767233588,1,0,0.9385739058961944,0,1,0,1,0,0,2,1.724066527614721,0.3938848276531287
0,1,0,0.7178532386027215,1,0,0.6062322107369008,0,1,0,1,0,0,2,0.9415967928971088,-0.08223782254259004
1,0,0,0.758573602322752,1,0,-1.5207546382825785,0,1,0,1,0,0,1,-0.5856250379745481,1.5108221072216055
1,0,0,-0.2187151269579764,1,1,0.5397638717050421,0,0,1,1,0,0,3,0.19994980787103833,-0.4935882599983186
1,0,1,1.5322605130033284,1,0,-1.4875204687666492,0,0,1,0,1,0,1,-0.0299083630440755,2.2733729968590306
0,1,0,-1.2367242199587352,1,0,0.5065297021891128,1,1,0,0,0,1,3,-0.519363151714591,-1.392258349013592
0,0,0,-1.0738427650786138,1,0,-0.4904953832887682,1,1,0,1,0,0,0,-1.147040216286038,-0.49180875462442436
0,0,0,1.0843365120829946,1,1,1.2044472620236295,1,1,0,0,1,0,2,1.5467235323672126,-0.1321676208338577
1,1,0,-0.9109613101984924,1,0,0.9053397363802652,1,1,0,0,1,0,3,-0.02294392031543492,-1.4023541795124779
1,1,0,-0.1372743995179157,1,0,1.1047447534758412,1,1,0,1,0,0,3,0.6911723463100556,-1.0040817400536786
0,1,0,-0.4630373092781585,1,0,0.971808075412124,1,0,1,1,0,0,3,0.38007511250231224,-1.076143237134799
0,0,0,1.2064976032430856,1,0,1.3041497705714176,0,1,0,1,0,0,2,1.7249416623161757,-0.129542071750585
1,0,1,0.1477681465222966,1,1,-1.5207546382825785,0,0,1,1,0,0,1,-0.9918585810758811,1.3331200769241485
1,0,0,-1.1960038562387048,1,0,-1.4875204687666492,1,1,0,0,1,0,0,-1.966508435494579,0.12850762127303017
0,0,0,1.4915401492832985,1,0,1.7029598047625698,0,1,0,1,0,0,2,2.2071414934306213,-0.2038467135110953
0,0,0,-1.2367242199587352,0,0,-1.1219446040914265,1,0,1,1,0,0,0,-1.7486608021658185,-0.01682957916147948
0,0,0,-0.9924020376385532,1,1,0.6727005497687596,1,0,1,1,0,0,3,-0.2500088614268924,-1.1419063888734544
0,1,0,-1.1960038562387048,0,1,-1.1219446040914265,0,0,1,0,0,1,0,-1.6747195541011617,-0.0827124791880782
0,0,0,-0.8295205827584317,1,0,1.1379789229917707,1,0,1,1,0,0,3,0.18616180777487606,-1.3561068072317022
1,0,0,-0.5851984004382496,1,1,0.3735930241253952,0,0,1,1,0,0,3,-0.17529342998061442,-0.6356026275236774
0,0,0,-0.5037576729981889,0,0,-1.3213496211870024,0,0,1,1,0,0,0,-1.3736473818199795,0.6316577528255901
1,0,0,-0.4223169455581282,1,1,-0.1913878576454039,1,0,1,1,0,0,3,-0.4596078143857248,-0.13462862202637246
0,0,1,-1.1145631287986442,1,0,-0.6234320613524857,1,1,0,1,0,0,0,-1.2643231218426358,-0.27060469722731106
0,0,0,-0.3408762181180675,1,1,-1.3213496211870024,0,0,1,0,0,1,0,-1.2145797751544058,0.6662447762801885
1,0,1,1.2879383306831464,1,1,0.1409538375138897,0,0,1,0,1,0,2,0.9550332547680812,0.995649316654176
1,0,0,-0.2594354906780068,1,1,1.1379789229917707,0,0,1,1,0,0,3,0.5937005609201386,-0.9320383681148227
1,1,0,1.4508197855632678,1,1,1.3373839400873468,1,0,1,1,0,0,2,1.9914139207314623,0.035688073170891
0,0,0,1.125056875803025,1,1,-1.45428629925072,0,1,0,0,0,1,1,-0.288193593444372,1.6997388606544972
1,0,1,-0.3001558543980371,1,0,-0.3243245357091214,0,0,1,1,0,0,0,-0.4692589741783372,0.19127628933180144
0,0,0,0.758573602322752,1,1,-1.288115451671073,0,1,0,0,0,1,1,-0.42876617169760817,1.3299378700439182
0,0,0,-1.0331224013585834,1,0,0.5397638717050421,0,0,1,0,1,0,3,-0.4083691711760231,-1.0829566871047298
1,0,1,0.2699292376823877,1,1,-1.5207546382825785,0,0,1,0,0,1,1,-0.9209391821775377,1.4049070782460709
0,0,0,-0.2187151269579764,1,0,1.0050422449280532,0,1,0,0,0,1,3,0.49571296691006805,-0.9332461990500553
1,0,1,0.9621754209229036,1,0,0.7059347192846889,0,1,0,0,1,0,2,1.1063507244524047,0.2906513914814151
0,0,0,1.002895784642934,1,0,-1.4875204687666492,0,1,0,1,0,0,1,-0.3895740494507693,1.641694629349727
1,0,0,-0.62591876415828,1,1,1.4038522791192056,0,0,1,1,0,0,3,0.5235291805464273,-1.3701753456509678
0,0,0,-1.2774445836787656,1,1,-0.291090366193192,1,0,1,1,0,0,0,-1.1311488138586456,-0.6803644878680696
1,0,1,-0.7888002190384014,1,0,0.2738905155776072,0,1,0,0,0,1,3,-0.41715608808396204,-0.6547167104779429
0,0,1,1.4915401492832985,1,1,-1.4875204687666492,0,0,1,0,1,0,1,-0.05092548892827152,2.237020767645291
0,0,1,-1.2774445836787656,1,0,-1.5207546382825785,0,1,0,1,0,0,0,-2.0125596396705574,0.23068243885035292
1,0,0,-1.0331224013585834,1,0,0.3403588546094659,1,1,0,0,1,0,3,-0.5611940707910911,-1.0105820594432504
0,1,0,1.6137012404433893,1,1,1.7361939742784993,0,1,0,0,0,1,2,2.361862675911218,-0.23563990272000107
1,0,0,-1.1960038562387048,1,1,1.1379789229917707,1,0,1,1,0,0,3,-0.06539742632499695,-1.5860246590662987
1,0,0,0.8400143297628127,1,1,-0.1249195186135452,0,1,0,0,0,1,1,0.44924868815730734,0.6065069973138649
1,0,1,0.2292088739623573,1,0,0.5729980412209714,0,1,0,1,0,0,2,0.5255082650416519,-0.13535444880954894
0,0,0,-1.1552834925186746,1,1,0.5065297021891128,0,0,1,1,0,0,3,-0.4819699281382981,-1.141749823583275
0,0,0,1.2064976032430856,1,0,0.6394663802528302,0,0,1,0,0,1,2,1.251927625993915,0.39376689718411
1,0,0,-1.2774445836787656,1,0,-0.5237295528046976,0,1,0,0,0,1,0,-1.3294846743675723,-0.6077626485568389
0,0,0,0.5549717837226001,1,0,0.6394663802528302,0,0,1,1,0,0,2,0.80847458213093,-0.04766452945821182
1,0,0,-0.5444780367182193,1,0,-0.1581536881294745,0,1,0,1,0,0,3,-0.5404812289186207,-0.33299701744724264
0,0,0,1.6137012404433893,1,1,0.8721055668643357,0,1,0,0,0,1,2,1.6983782344811356,0.4464427378152473
1,0,1,0.2292088739623573,1,1,-1.3213496211870024,0,0,1,1,0,0,1,-0.7937433168607325,1.2533164761992317
1,0,0,1.5729808767233588,1,1,1.3706181096032763,0,1,0,0,0,1,2,2.0210824724550696,0.09328255156631154
0,0,0,-0.6666391278783103,1,0,1.1712130925077,1,1,0,1,0,0,3,0.3128774239865379,-1.3464000044194488
0,1,0,1.369379058123207,1,1,1.3706181096032763,1,0,1,1,0,0,2,1.9582134354308462,-0.060912897205849005
0,1,0,-0.8702409464784621,1,0,1.0050422449280532,1,1,0,1,0,0,3,0.10560064952128285,-1.4645150462060528
1,0,1,1.369379058123207,1,1,0.6394663802528302,0,0,1,1,0,0,2,1.393193733155307,0.7055326237634466
1,0,0,-0.1779947632379461,1,1,0.8721055668643357,0,0,1,0,1,0,3,0.43443528116400143,-0.6876355651313169
0,0,0,-1.2774445836787656,0,0,-0.9890079260277088,1,1,0,1,0,0,0,-1.6948261592148781,-0.21762969609033062
0,0,1,1.6137012404433893,1,0,1.5035547876669937,0,1,0,1,0,0,2,2.157550192866538,0.1766514147554922
0,0,1,-0.5851984004382496,1,1,-1.5207546382825785,0,1,0,0,1,0,0,-1.5472478871790085,0.7284046341036673
0,0,0,0.6771328748826912,1,1,-1.5207546382825785,0,0,1,0,0,1,1,-0.6389713152122213,1.5137714142090122
0,1,0,0.3513699651224484,1,0,1.3041497705714176,0,1,0,1,0,0,2,1.176497270001339,-0.8164974100895215
1,0,1,-1.2774445836787656,1,0,0.174188007029819,1,1,0,1,0,0,3,-0.8163845929142748,-0.9140754039422679
1,1,0,-0.2187151269579764,1,1,0.3735930241253952,1,0,1,1,0,0,3,0.13595520454603,-0.46953236896938405
1,0,0,-1.1145631287986442,1,1,-1.45428629925072,0,0,1,1,0,0,0,-1.838515702736547,0.24757937412463452
1,0,0,0.4328106925625091,0,0,-0.9890079260277088,0,1,0,0,1,0,1,-0.520742859365948,0.9988652058913075
1,0,1,0.5956921474426305,1,0,-0.3243245357091214,0,1,0,0,0,1,1,0.13475548839256712,0.7220615542211138
0,0,0,-1.2774445836787656,1,0,-0.4904953832887682,0,1,0,1,0,0,0,-1.290322387426285,-0.6339796874399626
0,0,0,-0.7073594915983407,1,0,-0.1913878576454039,1,1,0,1,0,0,3,-0.6779287145950188,-0.44090903633315365
0,0,1,-1.0331224013585834,1,0,0.2074221765457484,0,1,0,0,1,0,3,-0.6491752249239985,-0.7778977504250321
1,0,0,-0.748079855318371,1,0,-1.4875204687666492,0,1,0,0,1,0,0,-1.651287658986036,0.4412836734672144
0,0,0,0.4328106925625091,1,0,0.5065297021891128,0,1,0,0,0,1,2,0.6022099251612334,-0.13661927941250257
1,0,0,-0.1372743995179157,1,1,0.6394663802528302,1,1,0,0,1,0,3,0.2874450670127823,-0.5810020235402104
0,0,0,0.5549717837226001,1,0,-1.3545837907029317,0,1,0,0,1,0,1,-0.6397681826534485,1.2431090593105687
0,0,0,-0.3408762181180675,1,0,-0.5237295528046976,0,0,1,1,0,0,0,-0.6433142794806138,0.1240365469516907
1,0,1,0.758573602322752,0,0,-0.1913878576454039,1,1,0,0,1,0,1,0.276959990005465,0.8381743977177729
1,0,1,1.5322605130033284,0,1,-0.1581536881294745,0,1,0,0,0,1,1,0.8656850141941549,1.3458604826431513
0,0,0,-0.8295205827584317,1,1,-0.6234320613524857,0,1,0,0,0,1,0,-1.077025787394701,-0.23456865208772087
1,0,0,-1.1960038562387048,1,1,-1.4875204687666492,0,0,1,0,0,1,0,-1.9343455409382921,0.19997410493954046
0,1,0,-0.9516816739185228,1,1,0.6394663802528302,1,1,0,0,0,1,3,-0.21790585713066646,-1.2752978000145565
0,0,0,-0.7073594915983407,1,1,0.6394663802528302,0,0,1,1,0,0,3,-0.07288088779038841,-0.9200884206231791
0,0,1,1.6137012404433893,1,0,-1.3545837907029317,0,0,1,0,1,0,1,0.12191808644703085,2.2221727858091556
0,0,1,-1.1552834925186746,1,0,-1.4875204687666492,0,1,0,0,1,0,0,-1.9319648915600707,0.29851146762026803
0,0,0,1.6137012404433893,1,0,1.3041497705714176,0,1,0,0,0,1,2,1.9964561008108643,0.14128423551309083
1,0,0,-0.9109613101984924,1,1,-1.4875204687666492,0,0,1,1,0,0,0,-1.7187005975561418,0.41252896924869475
0,1,0,-1.1145631287986442,0,1,-1.2216471126392143,1,0,1,0,0,1,0,-1.6878078835245878,0.04249188086370286
1,0,0,-0.9924020376385532,1,1,0.7059347192846889,0,0,1,1,0,0,3,-0.22718711266269165,-1.1477311162399741
0,1,0,-0.2594354906780068,1,0,0.8721055668643357,1,0,1,1,0,0,3,0.45295608576303403,-0.8656363173936948
0,0,0,1.4508197855632678,1,1,0.2074221765457484,0,0,1,1,0,0,2,1.140838268818287,0.8830460772323131
1,0,1,-1.2367242199587352,1,1,-1.4875204687666492,0,0,1,1,0,0,0,-1.9427102788697186,0.34357907146996625
1,1,0,-0.9924020376385532,1,0,0.3071246850935365,1,1,0,0,0,1,3,-0.48887225930098566,-1.0680273208418116
1,0,0,-0.7888002190384014,1,1,1.1047447534758412,1,1,0,0,1,0,3,0.1574810428017751,-1.354850280869241
1,1,0,0.0663274190822359,1,0,0.1409538375138897,0,1,0,0,0,1,3,0.13885970082908988,-0.21484515865840248
0,0,1,1.6137012404433893,0,0,0.0412513289661016,0,1,0,0,0,1,1,1.0574516044567321,1.2400670546848622
1,0,0,-0.4630373092781585,0,1,-0.6899004003843444,0,0,1,0,0,1,0,-0.9078179241881721,0.23977162439275115
0,0,1,0.3106496014024181,1,0,0.6727005497687596,1,1,0,1,0,0,2,0.6538676485729167,-0.16377599755090216
1,0,0,-0.6666391278783103,0,1,-0.3243245357091214,0,0,1,1,0,0,0,-0.777912465984356,-0.13944903544912865
0,0,0,-0.2594354906780068,1,0,-0.291090366193192,0,0,1,1,0,0,3,-0.4217319493056235,0.021454283918251806
1,0,0,0.6771328748826912,1,0,1.1379789229917707,1,1,0,0,1,0,2,1.2055857498231823,-0.3630341191972577
1,0,0,0.5549717837226001,1,0,-1.5207546382825785,0,0,1,1,0,0,1,-0.7175300224544178,1.4499024555377222
1,0,1,-0.8702409464784621,1,1,0.5065297021891128,1,1,0,0,0,1,3,-0.30320550367295696,-0.8619998274724423
1,0,0,1.6137012404433893,1,0,0.6394663802528302,0,0,1,0,1,0,2,1.5240549343310703,0.7138833875137041
1,0,0,0.5956921474426305,1,0,-1.4875204687666492,0,1,0,0,0,1,1,-0.6918336127127088,1.3607911402932522
1,0,1,-1.2774445836787656,1,1,-1.5207546382825785,1,0,1,0,1,0,0,-2.0236753995911116,0.34322867860449474
0,1,0,1.0843365120829946,1,1,0.8388713973484064,0,1,0,0,0,1,2,1.3557182500308522,0.009739554289693943
0,0,0,1.5729808767233588,1,1,0.7724030583165477,0,1,0,0,1,0,2,1.5855288856258636,0.5051652279342205
0,0,1,-0.3001558543980371,1,1,-1.4875204687666492,0,0,1,0,0,1,0,-1.2980168782147465,0.9670958691120392
1,0,1,1.6137012404433893,1,0,1.437086448635135,0,1,0,0,0,1,2,2.094920839965408,0.22564711594713804
1,0,0,-1.2367242199587352,1,1,-1.4875204687666492,0,1,0,0,0,1,0,-1.9743791618267184,0.09028863724477756
0,0,0,0.1070477828022663,1,1,-0.0916853490976158,0,0,1,0,0,1,3,-0.031077558131721875,0.13621032305905784
1,0,1,1.5729808767233588,1,0,1.3373839400873468,0,1,0,0,0,1,2,1.995863207857834,0.2655489163095964
0,1,0,-0.7073594915983407,1,0,1.0050422449280532,0,1,0,0,1,0,3,0.19138476589997766,-1.345473168564508
0,0,0,-0.2594354906780068,1,1,0.4732955326731833,0,1,0,0,1,0,3,0.08478575172506676,-0.5693652066289256
0,1,1,-1.1960038562387048,1,0,0.7724030583165477,1,1,0,0,1,0,3,-0.31152011404468793,-1.3687091764360129
1,1,0,0.6771328748826912,1,0,-0.4904953832887682,0,1,0,1,0,0,1,0.13788186479864423,0.6579777820175315
1,0,1,-0.2187151269579764,1,0,0.3735930241253952,0,1,0,0,0,1,3,0.054435188988254155,-0.32497408552000157
1,0,0,-1.1960038562387048,1,0,-0.4904953832887682,0,0,1,1,0,0,0,-1.2222776495054501,-0.4789060982400895
0,0,1,0.5142514200025698,0,0,-0.4572612137728389,0,1,0,1,0,0,1,-0.05322820531242092,0.8275395104761865
1,0,0,0.188488510242327,1,0,1.3041497705714176,0,1,0,0,0,1,2,0.9928355856334959,-0.8369583592536747
0,0,1,1.6137012404433893,1,0,1.7361939742784993,0,1,0,1,0,0,2,2.3218196545854295,0.017200778595838004
0,0,0,1.2064976032430856,1,1,0.9053397363802652,0,1,0,0,1,0,2,1.4214892414127858,0.1581428996321635
0,0,1,0.880734693482843,1,0,-0.1581536881294745,0,1,0,1,0,0,1,0.4683810787695669,0.8037691720456556
1,0,1,-0.7073594915983407,1,0,1.2376814315395588,0,1,0,1,0,0,3,0.3357515969933492,-1.2449139859314655
0,1,0,-1.2774445836787656,0,1,-1.3213496211870024,1,0,1,1,0,0,0,-1.8577849145305054,0.01060667990423908
1,0,0,1.6137012404433893,0,0,-0.1249195186135452,0,1,0,1,0,0,1,0.9492790687368696,1.2259062648107426
0,0,0,-0.0965540357978854,1,0,0.4732955326731833,0,1,0,0,1,0,3,0.19241749748905201,-0.4646643526678651
0,0,0,0.3106496014024181,1,1,0.4732955326731833,0,0,1,0,0,1,2,0.511144734325833,-0.10885600337027818
0,0,1,1.5729808767233588,1,1,0.2074221765457484,0,0,1,1,0,0,2,1.232049364013253,1.1268722316477688
1,0,0,-0.5851984004382496,0,1,-1.0222420955436382,1,0,1,0,0,1,0,-1.2284578864707367,0.38225568778864855
1,0,0,-0.62591876415828,0,0,-1.3213496211870024,0,1,0,0,0,1,0,-1.4866890921459504,0.4685422885792137
0,0,0,0.3106496014024181,1,1,-1.4875204687666492,0,0,1,1,0,0,1,-0.8583622535190193,1.248600631199922
0,1,0,1.6137012404433893,1,1,1.536788957182923,0,1,0,0,1,0,2,2.2072685634044706,-0.08014723911235386
1,0,0,0.8400143297628127,1,1,-1.3545837907029317,0,1,0,0,0,1,1,-0.41903275235683357,1.44931750272918
1,0,0,1.5729808767233588,1,1,1.7029598047625698,0,0,1,1,0,0,2,2.2821802224996683,-0.03973723201985264
0,0,0,-0.5037576729981889,1,0,1.071510583959912,0,1,0,0,0,1,3,0.34205205923340576,-1.177842829608853
1,0,0,-1.0331224013585834,1,1,-0.3243245357091214,0,1,0,0,0,1,0,-1.009749682092014,-0.564793610737955
0,0,1,1.6137012404433893,1,0,-1.3545837907029317,0,0,1,0,0,1,1,0.1357098031947287,2.2033520960526407
1,0,1,0.2699292376823877,1,1,-1.3545837907029317,0,1,0,0,0,1,1,-0.8149810390387066,1.2097624855718054
0,0,0,0.5142514200025698,1,0,-1.288115451671073,0,1,0,1,0,0,1,-0.5926488644283121,1.1638124167413029
0,0,0,-1.1145631287986442,1,1,0.6394663802528302,0,0,1,1,0,0,3,-0.3594452300708821,-1.2044302862542555
0,0,0,0.5956921474426305,0,0,-0.8228370784480619,0,1,0,1,0,0,1,-0.2592948549253985,0.9764495742700112
1,0,0,-1.1552834925186746,1,0,-1.4875204687666492,0,0,1,1,0,0,0,-1.8976331940726505,0.23288795757867875
1,0,0,0.5956921474426305,1,1,1.2044472620236295,0,0,1,1,0,0,2,1.2424198116288585,-0.38047777490660606
1,0,1,0.0256070553622056,1,0,1.0050422449280532,0,0,1,1,0,0,3,0.6986751380397236,-0.49239671050421824
0,0,1,-0.7073594915983407,1,0,-1.3213496211870024,0,1,0,0,0,1,0,-1.4856170685046215,0.4785735185153272
1,0,0,1.369379058123207,1,1,0.805637227832477,0,0,1,1,0,0,2,1.5052872704436966,0.4331157174947037
0,0,0,-1.0738427650786138,1,0,0.8388713973484064,1,1,0,1,0,0,3,-0.20835757789237214,-1.4029552469653053
0,0,0,-0.62591876415828,1,1,-1.4875204687666492,0,0,1,1,0,0,0,-1.5174602407641553,0.5946143402484457
0,0,1,0.3513699651224484,1,0,1.0050422449280532,0,1,0,0,0,1,2,0.9021448386135776,-0.3766439924404155
0,0,1,0.9621754209229036,1,0,1.1712130925077,0,1,0,1,0,0,2,1.4643765856193312,-0.05050894716900995
0,0,0,-0.1779947632379461,1,0,-0.3243245357091214,0,1,0,0,0,1,3,-0.41431323725554836,0.00633447985393323
0,0,1,1.6137012404433893,0,0,-0.3575587052250508,0,1,0,1,0,0,1,0.7908967167244373,1.526926560754527
0,0,0,0.9621754209229036,1,0,1.4038522791192056,0,1,0,1,0,0,2,1.6234042548274046,-0.3684831780547969
1,0,0,1.5322605130033284,1,1,0.4732955326731833,0,0,1,1,0,0,2,1.385242347757478,0.7746390868323544
1,0,0,0.4735310562825394,1,0,0.8721055668643357,0,0,1,1,0,0,2,0.9147858581980816,-0.24702960380207878
1,0,0,-1.2367242199587352,1,1,-0.6899004003843444,1,0,1,1,0,0,0,-1.3847424883443369,-0.3616324186606951
1,0,1,1.0436161483629645,1,0,0.2406563460616778,0,1,0,1,0,0,2,0.8639662900042231,0.6611159055378244
0,0,0,0.6364125111626608,1,0,0.6062322107369008,0,1,0,0,0,1,2,0.8158932941810052,-0.06278433352253035
1,0,0,-0.8702409464784621,1,1,0.6727005497687596,0,0,1,0,0,1,3,-0.17973477972418989,-1.0531654526095298
1,0,0,1.6137012404433893,1,1,1.7029598047625698,0,1,0,0,0,1,2,2.2844095662815356,-0.10606988495580086
1,0,0,1.6137012404433893,0,0,-0.7563687394162032,0,1,0,0,1,0,1,0.47456319496637556,1.6640059800617752
0,0,0,-0.2594354906780068,1,1,0.7059347192846889,0,0,1,0,1,0,3,0.26043240010433544,-0.6475645616569246
1,0,0,0.7992939660427822,0,0,-0.8228370784480619,0,0,1,1,0,0,1,-0.10528081432041554,1.2168257231592072
0,0,1,0.7992939660427822,1,0,-1.4875204687666492,0,1,0,0,0,1,1,-0.5426643318660027,1.6445317328929208
1,0,0,-0.2187151269579764,1,0,-0.3907928747409802,0,0,1,1,0,0,0,-0.46412203015274006,0.13517839234892806
1,0,0,-1.2774445836787656,1,1,0.4732955326731833,1,0,1,0,0,1,3,-0.6071015177637336,-1.2008353443894741
1,0,0,0.5142514200025698,1,1,0.5397638717050421,0,0,1,0,1,0,2,0.6869240034424244,0.02353222952673332
0,0,0,1.1657772395230557,1,1,0.805637227832477,0,0,1,0,0,1,2,1.3476005127132866,0.2604752913697625
0,0,0,-1.2367242199587352,1,1,0.5065297021891128,0,0,1,1,0,0,3,-0.5392827965943967,-1.1986181967094902
0,0,1,-0.8702409464784621,1,0,0.0412513289661016,1,1,0,0,0,1,3,-0.6380931010633114,-0.5690883823865064
0,0,0,-0.4630373092781585,1,1,-0.1581536881294745,0,0,1,1,0,0,3,-0.46415186545829157,-0.20279540584000455
0,1,0,-1.2774445836787656,1,0,0.2074221765457484,1,0,1,1,0,0,3,-0.7327960891350332,-1.1209177353009454
0,1,0,-1.0738427650786138,1,0,1.1047447534758412,1,1,0,1,0,0,3,0.032719676260560895,-1.675021965947157
1,0,0,1.5729808767233588,1,1,0.3071246850935365,0,0,1,1,0,0,2,1.2965634521863192,0.9169665849380723
0,0,1,1.6137012404433893,1,0,0.2074221765457484,0,1,0,1,0,0,2,1.2423346204327135,1.0650192447878513
1,1,0,1.4100994218432374,1,0,-0.1249195186135452,0,0,1,1,0,0,2,0.9232125931221681,1.0004791358913823
0,0,1,-0.4630373092781585,1,1,-0.1913878576454039,0,1,0,1,0,0,3,-0.49375432556769205,-0.10274442993700489
1,0,0,1.6137012404433893,1,1,-1.4875204687666492,0,0,1,1,0,0,1,0.05799832458291983,2.1754485361613694
1,0,1,0.0256070553622056,1,1,-1.4875204687666492,0,0,1,0,1,0,0,-1.0832024383336902,1.2303439863154177
0,0,0,-1.1960038562387048,1,1,1.0050422449280532,1,1,0,0,0,1,3,-0.18504746341490455,-1.6066307842732688
1,0,0,-0.055833672077855,1,0,0.971808075412124,1,1,0,1,0,0,3,0.601276224452588,-0.7662612971796997
1,1,0,0.9214550572028734,0,0,-0.4904953832887682,0,1,0,1,0,0,1,0.257322687775972,0.903252958117979
1,0,1,-1.2774445836787656,1,0,0.3071246850935365,1,1,0,0,1,0,3,-0.7513579496084108,-0.999884921787242
0,0,0,-0.9109613101984924,1,1,-1.5207546382825785,0,0,1,1,0,0,0,-1.7415223463203422,0.4183536966152144
1,1,0,-0.748079855318371,1,0,1.0382764144439829,0,1,0,0,0,1,3,0.1993417971838271,-1.3985527722506501
0,0,1,1.369379058123207,1,1,0.3071246850935365,0,1,0,0,1,0,2,1.1189495835586518,0.8404191621641234
0,0,1,1.6137012404433893,1,1,1.3706181096032763,0,0,1,1,0,0,2,2.082053106835761,0.3580532374126055
0,0,1,-0.8702409464784621,0,1,-1.1551787736073555,0,1,0,1,0,0,0,-1.5133613630745621,0.3481649681008588
1,0,0,-0.0151133083578247,1,1,0.9385739058961944,0,0,1,1,0,0,3,0.6248367705293849,-0.6247612748850445
1,1,0,-1.0331224013585834,1,0,1.2376814315395588,1,1,0,0,1,0,3,0.12575743659883348,-1.7154433622870209
1,0,1,-0.055833672077855,0,1,-0.1581536881294745,0,1,0,0,0,1,0,-0.25191592069977076,0.23692720668195286
0,0,0,1.1657772395230557,0,0,-0.6899004003843444,0,0,1,1,0,0,1,0.24714067476703655,1.3646648180510859
0,1,0,-1.2774445836787656,1,0,0.174188007029819,1,0,1,1,0,0,3,-0.756263155094875,-1.0981390729924234
0,1,0,1.5729808767233588,1,1,1.3041497705714176,0,0,1,0,0,1,2,2.0395115708656046,0.11329980185933275
1,0,0,-1.2774445836787656,1,1,0.2074221765457484,1,0,1,1,0,0,3,-0.7797881416566619,-1.0050904875538973
1,0,0,-1.1960038562387048,1,0,0.8721055668643357,0,1,0,0,0,1,3,-0.2865550355981244,-1.5075980923885484
1,0,0,-1.1552834925186746,1,1,0.4400613631572539,1,0,1,0,1,0,3,-0.5583909977871251,-1.0739334326351144
1,1,0,-0.2187151269579764,1,0,0.7059347192846889,0,0,1,1,0,0,3,0.36363187299623423,-0.7063548843459745
0,0,0,-1.1960038562387048,1,1,1.0050422449280532,0,1,0,0,0,1,3,-0.18504746341490455,-1.6066307842732688
1,0,0,-1.2774445836787656,1,1,-1.4875204687666492,0,0,1,0,0,1,0,-1.9916584093943908,0.14310573181332506
1,0,1,1.6137012404433893,1,0,0.8388713973484064,0,1,0,0,0,1,2,1.6725136526882591,0.6356630375005344
0,0,1,1.1657772395230557,0,0,-0.4572612137728389,0,0,1,0,1,0,1,0.3878103084632437,1.3690429080066786
1,0,1,1.4508197855632678,1,1,1.5035547876669937,0,1,0,1,0,0,2,2.0492731299069114,0.08890449573643415
0,0,0,-1.2367242199587352,1,0,-1.45428629925072,0,0,1,1,0,0,0,-1.9308336793732666,0.13628698720193913
0,0,0,-0.9516816739185228,1,0,-1.4875204687666492,0,1,0,1,0,0,0,-1.7650828923971396,0.27685367432055946
1,0,0,-0.055833672077855,1,0,-1.4875204687666492,0,0,1,1,0,0,0,-1.123909469915317,1.0006109947825856
0,0,0,-1.1960038562387048,1,1,0.3071246850935365,1,0,1,1,0,0,3,-0.6514287581253971,-1.0335120362952503
1,0,1,0.1070477828022663,1,0,1.5035547876669937,0,1,0,1,0,0,2,1.0966168092330697,-0.8584595531374887
0,1,0,-1.2774445836787656,1,0,0.805637227832477,1,1,0,0,0,1,3,-0.33681599230406556,-1.6257004963533979
1,0,0,0.3920903288424788,1,0,1.3706181096032763,1,1,0,1,0,0,2,1.1981017924792308,-0.7268291926877798
0,0,0,-1.2774445836787656,1,1,-0.6566662308684151,1,1,0,1,0,0,0,-1.400663726077281,-0.5110504836059824
0,0,1,1.5729808767233588,1,1,1.0382764144439829,0,1,0,0,0,1,2,1.792298922563113,0.46263883443566195
0,0,1,0.7178532386027215,1,1,-1.4875204687666492,0,0,1,1,0,0,1,-0.5665561187277073,1.6914660915571313
0,0,1,0.9214550572028734,1,0,-1.288115451671073,0,0,1,1,0,0,1,-0.2894655429766227,1.6879291582301676
0,0,0,0.5956921474426305,1,0,0.3071246850935365,0,1,0,1,0,0,2,0.5910831701001859,0.12730499905846096
1,0,0,-0.2187151269579764,1,0,-1.4875204687666492,0,1,0,0,0,1,0,-1.2649622972736962,0.7921074090310989
0,0,0,-0.3001558543980371,1,0,-1.4875204687666492,0,0,1,1,0,0,0,-1.2952027580879724,0.8130519404619371
0,0,0,0.1477681465222966,1,1,1.1379789229917707,1,0,1,1,0,0,2,0.8809102203962732,-0.6646504374257488
1,0,1,-0.9516816739185228,1,0,0.8388713973484064,0,1,0,0,1,0,3,-0.14663342042654937,-1.136870026218733
0,1,0,0.5142514200025698,1,1,1.2376814315395588,0,1,0,1,0,0,2,1.2511828661420654,-0.6481674469286768
1,0,0,1.247217966963116,1,0,0.5065297021891128,0,1,0,0,0,1,2,1.17469329252658,0.4490183867916529
0,0,1,-0.9924020376385532,1,1,0.1409538375138897,0,1,0,0,0,1,3,-0.6466672147197223,-0.7136910367100254
1,0,0,1.6137012404433893,0,0,0.0412513289661016,0,1,0,1,0,0,1,1.0666143985360776,1.1120129532681327
1,0,1,-0.62591876415828,1,0,0.5397638717050421,1,1,0,0,0,1,3,-0.1147938234930314,-0.7232092626936885
0,1,0,0.758573602322752,1,0,0.4400613631572539,1,1,0,1,0,0,2,0.8529178973259499,0.06008967556312783
0,0,0,-0.9924020376385532,1,1,-1.45428629925072,0,0,1,0,1,0,0,-1.7807427033902603,0.32123313026106926
0,0,0,-1.1960038562387048,1,1,-1.4875204687666492,1,0,1,0,1,0,0,-1.9474919404903486,0.20184085975405303
0,0,1,1.5729808767233588,1,0,-1.3545837907029317,0,0,1,0,1,0,1,0.09326165221898132,2.1937385992460476
1,1,0,1.3286586944031769,1,0,0.9385739058961944,0,1,0,0,0,1,2,1.59041874493482,0.1199267293934064
1,0,1,1.6137012404433893,1,1,1.437086448635135,0,0,1,0,0,1,2,2.1132920177739978,0.31593428937016327
1,0,1,1.6137012404433893,0,0,0.0080171594501722,0,1,0,1,0,0,1,1.048389125087054,1.2933152103027874
1,0,0,1.4915401492832985,1,1,1.5035547876669937,0,0,1,1,0,0,2,2.0840649582845203,0.04006636870506451
1,0,0,1.2064976032430856,0,1,-0.6899004003843444,0,0,1,0,1,0,1,0.25330416241415443,1.4243939632366798
0,1,0,0.880734693482843,1,1,1.7029598047625698,0,0,1,1,0,0,2,1.8490068842926697,-0.629909759048361
0,0,1,-1.1960038562387048,1,0,-1.5207546382825785,0,1,0,0,1,0,0,-1.9840883917479613,0.29285594336568255
1,0,0,-0.3815965818380978,1,1,-0.1581536881294745,0,0,1,1,0,0,3,-0.4074843141978337,-0.12897309777178675
1,0,0,0.1070477828022663,1,0,-1.45428629925072,0,1,0,1,0,0,1,-0.9971938537036549,1.010317797594839
0,0,0,0.7992939660427822,1,0,-0.4904953832887682,0,1,0,0,0,1,1,0.15610585441842845,0.802648268911127
0,0,0,-1.2367242199587352,1,0,0.8721055668643357,0,1,0,0,1,0,3,-0.3283578693782307,-1.5341655241371437
1,0,1,1.2879383306831464,1,0,-1.4875204687666492,0,0,1,1,0,0,1,-0.17300534787886918,2.0974627460912707
1,0,0,-1.2774445836787656,0,0,-1.3545837907029317,0,1,0,0,1,0,0,-1.9824508225022797,0.055194655634528106
1,0,1,1.125056875803025,1,1,0.3071246850935365,0,0,1,1,0,0,2,0.9865844681885946,0.762714127470021
1,0,0,-1.1960038562387048,0,0,-0.9890079260277088,1,1,0,0,0,1,0,-1.653208511740225,-0.15732294638951358
0,0,0,1.6137012404433893,1,0,1.3373839400873468,0,1,0,0,0,1,2,2.019923166770706,0.11850557320456886
1,0,0,-1.1960038562387048,1,1,0.7059347192846889,0,1,0,1,0,0,3,-0.38184647046331555,-1.3711533301871675
0,0,0,0.0663274190822359,1,1,-1.3213496211870024,0,0,1,1,0,0,1,-0.9129655290881074,0.9641022002786658
1,0,0,0.4328106925625091,1,1,0.3403588546094659,0,0,1,0,1,0,2,0.48880873922727575,0.10333583025165013
0,1,0,1.369379058123207,1,1,1.270915601055488,0,0,1,0,0,1,2,1.8727623337655162,-0.0060924686476835285
1,0,1,-0.9109613101984924,1,1,-1.3213496211870024,0,0,1,1,0,0,0,-1.596123475246115,0.4571592524322174
1,0,0,0.1070477828022663,1,0,1.2376814315395588,1,0,1,1,0,0,2,0.9150156757038953,-0.75350256826379
1,0,0,-0.1372743995179157,1,1,-0.5237295528046976,0,0,1,0,0,1,0,-0.5087333381736004,0.2786817486332007
0,0,1,0.7178532386027215,1,0,0.174188007029819,0,0,1,1,0,0,2,0.5998031881161627,0.54349708383966
0,0,0,-1.2774445836787656,1,0,0.3403588546094659,1,1,0,0,1,0,3,-0.7324873589637464,-1.1981411137638989
1,0,0,-0.3815965818380978,1,0,0.0080171594501722,0,1,0,1,0,0,3,-0.30852016220721495,-0.333153582737422
1,0,1,-0.7888002190384014,1,0,0.3071246850935365,1,1,0,0,0,1,3,-0.39368902212412044,-0.6774953727864649
0,0,0,1.4508197855632678,1,0,-0.3575587052250508,0,1,0,1,0,0,1,0.7235269696923899,1.1799961630541622
0,0,0,-0.7073594915983407,1,1,-1.4875204687666492,0,1,0,0,1,0,0,-1.6149919164141335,0.46179981737968956
1,0,0,0.4735310562825394,1,0,0.2074221765457484,0,1,0,0,0,1,2,0.41901744855506695,0.11377680286930575
0,0,0,0.3106496014024181,1,1,0.6394663802528302,0,1,0,0,0,1,2,0.6171028774646642,-0.3040005960445435
0,0,0,0.6364125111626608,1,0,-1.3545837907029317,0,1,0,1,0,0,1,-0.5536136936638472,1.2946723010476697
1,0,0,-1.2774445836787656,1,1,0.3735930241253952,0,0,1,1,0,0,3,-0.6624528118574536,-1.1189837990965075
0,0,0,0.8400143297628127,0,0,-0.3575587052250508,0,1,0,1,0,0,1,0.2411826738806807,0.8281534213293489
0,0,0,-0.5444780367182193,1,0,-0.6566662308684151,0,1,0,0,1,0,0,-0.9206835216541072,-0.0029658863723004553
0,0,0,-1.2774445836787656,1,0,-0.6899004003843444,0,1,0,1,0,0,0,-1.4311247831853349,-0.49730771358883047
1,0,0,0.2699292376823877,1,1,0.5729980412209714,0,1,0,1,0,0,2,0.5559168979070953,-0.25640796468120397
1,0,1,0.4328106925625091,1,0,1.3041497705714176,0,1,0,0,1,0,2,1.1562242667649125,-0.48900895539238104
0,0,1,-1.1552834925186746,1,1,0.7391688888006183,1,1,0,0,0,1,3,-0.33888576435477025,-1.2374437045158524
1,0,0,1.5729808767233588,1,0,0.5397638717050421,0,0,1,1,0,0,2,1.4538389227569983,0.7484800564870481
0,0,0,0.5956921474426305,1,0,0.6727005497687596,1,0,1,1,0,0,2,0.8605980823188212,-0.04200900520362614
1,0,1,-0.1372743995179157,1,1,0.2074221765457484,1,0,1,1,0,0,3,0.027833809239538862,-0.05040966906075026
0,0,0,1.0436161483629645,0,0,-0.6566662308684151,0,1,0,1,0,0,1,0.17326125138235277,1.1753323149215855
0,0,0,-0.7073594915983407,1,0,-0.5237295528046976,1,1,0,0,1,0,0,-0.941440994726938,-0.2078172818588192
0,0,0,1.6137012404433893,1,0,0.6394663802528302,0,0,1,0,1,0,2,1.5247002515267112,0.6969294525717016
0,1,0,0.4328106925625091,0,0,-0.291090366193192,1,1,0,1,0,0,1,0.05489318999407029,0.4084168105675525
0,1,0,-0.3001558543980371,1,0,1.1047447534758412,1,1,0,1,0,0,3,0.577191926593499,-1.1347724212481116
0,0,0,-1.1145631287986442,1,1,-0.6899004003843444,0,1,0,1,0,0,0,-1.309505055124925,-0.3745350750450298
1,0,1,-0.7073594915983407,1,0,-0.1581536881294745,0,1,0,1,0,0,3,-0.6498651733199998,-0.2882101689735405
1,0,1,-0.8702409464784621,1,1,-1.4875204687666492,0,1,0,0,0,1,0,-1.7112294612634558,0.5047199110388791
0,0,1,0.188488510242327,1,0,-1.288115451671073,0,1,0,0,0,1,1,-0.8317084495276935,1.0813469605951738
0,0,0,-0.8702409464784621,1,0,1.2044472620236295,1,1,0,0,0,1,3,0.17801241502032805,-1.52486515791091
0,0,1,-0.62591876415828,1,1,0.3403588546094659,0,1,0,1,0,0,3,-0.2329070071224233,-0.580939773125788
0,1,0,1.2064976032430856,1,0,1.1047447534758412,0,0,1,1,0,0,2,1.6488571796917026,-0.0014562372814732605
1,0,0,-0.2187151269579764,1,0,-0.5237295528046976,0,1,0,0,0,1,0,-0.5844173844382885,0.13152620208396018
0,0,0,-0.3001558543980371,1,0,-1.4875204687666492,0,1,0,1,0,0,0,-1.3065799447483493,0.7318006593302819
1,0,0,0.7178532386027215,1,0,-1.4875204687666492,0,1,0,0,1,0,1,-0.6196560267762585,1.46491438973909
1,0,1,1.4915401492832985,1,0,1.1379789229917707,1,1,0,1,0,0,2,1.8127978474284907,0.3588680754019143
0,0,0,-0.1779947632379461,1,0,-1.288115451671073,0,1,0,0,0,1,0,-1.0948581500909562,0.6669156868010719
1,0,1,0.1070477828022663,1,1,-1.4875204687666492,0,0,1,1,0,0,1,-0.9970479493440888,1.281907228052519
1,0,0,-0.1372743995179157,1,0,-1.5207546382825785,0,1,0,0,1,0,0,-1.2449082115251369,0.8905751342223511
1,1,0,1.3286586944031769,1,1,1.270915601055488,0,0,1,1,0,0,2,1.8585104861276303,-0.0040571619013878985
1,0,1,0.1070477828022663,1,1,-1.4875204687666492,0,0,1,0,1,0,1,-1.0258895698775916,1.2872123594416331
1,0,1,0.758573602322752,1,1,-1.4875204687666492,0,0,1,1,0,0,1,-0.5385450016952987,1.7368542130622415
0,0,0,-1.1552834925186746,1,0,-0.6234320613524857,1,1,0,1,0,0,0,-1.2982213485815035,-0.4575624785165515
1,0,1,1.3286586944031769,1,0,0.6394663802528302,0,1,0,1,0,0,2,1.3461661211186684,0.5868112637773139
1,0,0,-0.3815965818380978,1,0,1.1712130925077,0,1,0,1,0,0,3,0.5128271463872427,-1.1304067635356927
1,1,1,0.2292088739623573,1,1,0.5065297021891128,0,0,1,1,0,0,2,0.550286037404758,-0.0893473712831554
1,1,0,0.4328106925625091,1,1,0.6727005497687596,0,0,1,1,0,0,2,0.8056617458333949,-0.21959334473636
0,0,1,-0.8295205827584317,1,1,-1.3213496211870024,0,0,1,0,1,0,0,-1.567006910127878,0.5023788220055444
0,0,0,1.3286586944031769,1,0,1.1712130925077,0,1,0,0,0,1,2,1.7019927973751525,0.03335957880542553
0,1,1,-0.748079855318371,1,1,1.0382764144439829,0,0,1,0,1,0,3,0.20980836795117785,-1.1478752492869797
1,0,0,-0.5037576729981889,1,0,0.6727005497687596,1,1,0,1,0,0,3,0.07485185430546991,-0.8740293885971856
0,0,1,0.9621754209229036,1,0,-0.1249195186135452,0,0,1,1,0,0,1,0.5605381998458844,0.919110163995004
1,0,0,0.3920903288424788,0,1,-1.3213496211870024,0,1,0,0,0,1,1,-0.7632842452965036,1.1884328449482753
1,0,0,-0.8702409464784621,1,0,0.2738905155776072,0,0,1,0,0,1,3,-0.46833356239050195,-0.7888573971986356
1,0,0,-1.2367242199587352,1,0,0.5729980412209714,1,0,1,0,0,1,3,-0.5150378768043715,-1.2497730370433027
0,0,1,-1.1960038562387048,1,1,-1.4875204687666492,0,0,1,1,0,0,0,-1.913408527446028,0.3550593230910716
1,0,0,-1.2774445836787656,1,0,0.1409538375138897,1,1,0,0,0,1,3,-0.8601433551707395,-1.0633358947272793
1,0,0,-0.8702409464784621,1,0,-1.4875204687666492,0,1,0,1,0,0,0,-1.7084153411366816,0.35067598238877723
1,0,0,-1.1960038562387048,1,0,0.0080171594501722,0,1,0,1,0,0,3,-0.8816488467682023,-0.9018373139995751
1,0,1,1.4508197855632678,1,0,-1.4875204687666492,0,1,0,0,1,0,1,-0.09859841816055145,2.135253342601161
1,0,1,0.8400143297628127,1,0,-1.4875204687666492,0,1,0,1,0,0,1,-0.4996033110477894,1.7034354127654316
0,1,0,1.125056875803025,1,0,1.2044472620236295,0,1,0,1,0,0,2,1.650568322454752,-0.20791187846490994
0,0,0,1.369379058123207,1,1,0.805637227832477,0,0,1,1,0,0,2,1.505932587639338,0.4161617825527012
0,0,0,-0.1779947632379461,1,0,-0.1913878576454039,0,1,0,1,0,0,3,-0.30539506963037694,-0.07126461101275416
0,1,0,-1.1145631287986442,1,0,0.174188007029819,0,1,0,1,0,0,3,-0.6530146048430546,-1.065653607871648
1,1,0,-0.3408762181180675,0,0,-0.8560712479639913,1,1,0,1,0,0,0,-0.8891644988518168,0.272358460055384
0,0,1,0.5142514200025698,1,1,-0.3575587052250508,1,0,1,0,1,0,1,0.05920033223315917,0.7801257716409582
0,0,1,-1.0738427650786138,1,0,0.971808075412124,0,1,0,1,0,0,3,-0.10924752154218725,-1.3355463014732607
1,1,0,1.2879383306831464,1,0,0.5065297021891128,0,1,0,1,0,0,2,1.2717403570146342,0.40113071120848565
1,0,1,1.0436161483629645,1,0,0.9385739058961944,0,1,0,0,1,0,2,1.327933054627395,0.18806912844797624
0,1,0,-1.1145631287986442,1,0,0.6062322107369008,1,1,0,1,0,0,3,-0.3479427473651132,-1.3617762178824344
1,0,0,-0.055833672077855,1,0,-0.1913878576454039,0,0,1,0,0,1,3,-0.22374380126729743,0.09872760638282577
0,0,0,0.1070477828022663,1,0,1.1712130925077,1,0,1,1,0,0,2,0.8687268609798532,-0.7248991785887483
1,0,1,-1.1145631287986442,1,1,-1.4875204687666492,0,1,0,1,0,0,0,-1.8681181628459473,0.34763035002763404
1,0,0,-0.6666391278783103,1,0,0.174188007029819,0,0,1,1,0,0,3,-0.3804026853439753,-0.5648349190901306
0,1,0,1.6137012404433893,1,1,1.3706181096032763,0,0,1,0,1,0,2,2.10131042026564,0.11499735356191129
0,0,1,1.125056875803025,1,1,0.971808075412124,0,0,1,1,0,0,2,1.4565711045810683,0.29018694635757786
1,0,1,1.4100994218432374,1,0,-1.288115451671073,0,1,0,0,1,0,1,0.01354754337044907,1.9701471821869208
0,0,1,1.6137012404433893,1,0,0.8388713973484064,0,1,0,1,0,0,2,1.688208873669705,0.6322246609259327
0,0,0,0.7178532386027215,1,1,-1.4875204687666492,0,0,1,1,0,0,1,-0.5717979112385255,1.5329424968309986
1,0,0,-0.9109613101984924,1,0,-1.3545837907029317,0,1,0,1,0,0,0,-1.6432035115253643,0.23112714659158137
0,0,1,-1.1552834925186746,1,1,1.1047447534758412,1,1,0,0,0,1,3,-0.0807480387965122,-1.4880089899095947
0,1,0,-1.1552834925186746,1,0,0.3403588546094659,1,1,0,1,0,0,3,-0.5643357092718958,-1.207981105977366
1,1,0,-0.3815965818380978,1,0,0.7391688888006183,0,1,0,1,0,0,3,0.26109601538350125,-0.9241215740385824
1,1,0,-1.0738427650786138,1,1,0.5065297021891128,0,1,0,0,1,0,3,-0.41218045759751987,-1.233711085771274
1,0,0,-0.8295205827584317,1,0,0.3403588546094659,0,0,1,1,0,0,3,-0.3776930924569645,-0.7924649768851714
1,0,0,-0.8295205827584317,1,0,0.6727005497687596,0,0,1,0,1,0,3,-0.17186405339205063,-1.0149464685812772
1,0,1,-0.4223169455581282,1,1,0.1077196679979603,1,0,1,1,0,0,3,-0.24316242823633177,-0.18111298807693776
0,0,0,0.5956921474426305,1,0,0.3403588546094659,0,1,0,0,1,0,2,0.5857086155265249,0.10983146813905312
0,0,0,0.0663274190822359,1,1,-0.0252170100657571,1,1,0,0,0,1,3,-0.024177047100465116,-0.019032469252749082
1,1,0,-0.9516816739185228,1,1,-1.45428629925072,0,0,1,1,0,0,0,-1.6705492393501495,0.27147869986338935
1,0,1,-0.1779947632379461,1,0,0.3403588546094659,1,0,1,1,0,0,3,0.08605164770264383,-0.1789943971493161
0,0,1,1.4915401492832985,1,1,-0.0252170100657571,0,0,1,0,0,1,2,0.9954171300524587,1.2159389363138073
0,0,0,0.2699292376823877,0,0,-0.4572612137728389,0,1,0,0,1,0,1,-0.25925022372503814,0.503715927760522
0,1,0,-0.2187151269579764,1,1,1.5035547876669937,0,1,0,0,0,1,3,0.9080536739301052,-1.3557276619001912
0,0,1,-1.2367242199587352,1,1,-1.4875204687666492,0,0,1,0,1,0,0,-1.9709065822075797,0.3319302679170781
0,0,0,-1.2774445836787656,1,1,-1.5207546382825785,0,0,1,1,0,0,0,-1.9994302543727864,0.16244601754724539
1,0,0,1.3286586944031769,1,1,0.8388713973484064,1,0,1,0,0,1,2,1.4850479983896847,0.36838731025567334
0,0,0,-0.1779947632379461,1,0,-0.3575587052250508,0,1,0,0,0,1,0,-0.43778030321539,0.029113142162455273
1,0,0,-0.8295205827584317,1,0,0.6394663802528302,1,1,0,1,0,0,3,-0.17786668547876672,-1.0787242187935246
1,0,1,-0.2187151269579764,1,0,0.5065297021891128,1,1,0,1,0,0,3,0.1633533566134256,-0.40257317638668905
1,0,1,1.369379058123207,1,1,-1.3213496211870024,0,0,1,1,0,0,1,0.008636841524649885,2.049473699966246
0,0,0,1.6137012404433893,1,1,-0.1581536881294745,0,0,1,1,0,0,1,0.9973262801722264,1.247348108878486
1,1,1,1.0436161483629645,1,1,0.8388713973484064,0,0,1,1,0,0,2,1.3580853815641618,0.2515497368937775
1,0,0,-1.0331224013585834,1,0,1.1712130925077,1,0,1,1,0,0,3,0.06570138539882979,-1.50410246741376
0,0,1,-0.62591876415828,1,0,0.971808075412124,1,1,0,0,1,0,3,0.17713163443285318,-1.0174651178899623
0,0,1,1.5322605130033284,1,0,-1.3213496211870024,0,1,0,1,0,0,1,0.10553671782389916,2.055969337853649
1,0,0,-1.2774445836787656,1,1,-0.6234320613524857,0,0,1,0,1,0,0,-1.3953064111862057,-0.43031879845173265
0,0,0,1.2879383306831464,1,1,-1.3213496211870024,0,0,1,1,0,0,1,-0.053272502246626,1.8171277971718958
0,0,0,0.9214550572028734,1,0,0.4400613631572539,0,1,0,0,0,1,2,0.8991530039781427,0.25014828396183353
1,1,0,0.758573602322752,1,0,0.5065297021891128,0,1,0,0,1,0,2,0.8703650915164898,0.036791417277200394
0,0,0,-1.1145631287986442,1,0,0.6727005497687596,1,1,0,0,0,1,3,-0.36939924570543464,-1.3310116803532035
0,0,0,0.4328106925625091,1,1,1.6697256352466403,0,1,0,0,0,1,2,1.430551224903903,-0.9248365679194033
1,1,0,0.8400143297628127,1,0,1.2376814315395588,1,1,0,0,1,0,2,1.4439534110891048,-0.40747078038406886
1,0,1,1.247217966963116,1,0,-1.4875204687666492,0,0,1,1,0,0,1,-0.2016617821069186,2.0690285595281632
1,0,0,-0.2187151269579764,1,0,-1.4875204687666492,0,1,0,1,0,0,0,-1.2499123934878915,0.8056229673984996
0,1,0,-0.4223169455581282,1,1,0.174188007029819,0,0,1,0,1,0,3,-0.1763256656911285,-0.4866801314866786
1,1,0,-1.0738427650786138,1,0,0.6727005497687596,1,1,0,0,0,1,3,-0.28804740219882613,-1.375460979361769
1,0,1,-0.055833672077855,1,1,0.805637227832477,0,0,1,0,1,0,3,0.4787122444392846,-0.39825208609881724
1,0,1,1.2879383306831464,1,1,0.5397638717050421,0,1,0,0,0,1,2,1.2390525763735016,0.6222333980637414
1,0,0,1.5729808767233588,1,0,-1.45428629925072,0,1,0,0,0,1,1,0.019387874720317763,2.0204329554993135
1,0,0,1.4508197855632678,0,0,-0.3575587052250508,0,0,1,1,0,0,1,0.6817610567661577,1.3528714358496214
0,0,0,-1.2774445836787656,1,1,-0.3575587052250508,0,0,1,0,0,1,0,-1.1931328495641338,-0.6483227216184261
1,1,0,1.2879383306831464,1,0,1.3041497705714176,0,1,0,0,0,1,2,1.8199000362650288,-0.15907274256344367
1,0,0,-1.2367242199587352,1,0,0.174188007029819,0,0,1,1,0,0,3,-0.7815927645366665,-0.9629135309736377
1,0,1,-1.2774445836787656,1,0,-0.6899004003843444,0,1,0,1,0,0,0,-1.4265283078701576,-0.3218301839206953
1,0,1,-0.1779947632379461,1,1,-0.0252170100657571,0,1,0,0,1,0,3,-0.20531089390128177,0.0046606307932552105
1,0,0,-1.2367242199587352,1,1,-1.4875204687666492,0,0,1,1,0,0,0,-1.9479520713805367,0.1850554767438335
0,1,1,1.6137012404433893,1,1,0.8388713973484064,0,1,0,1,0,0,2,1.748543591292117,0.5514231327036271
1,0,0,-0.1779947632379461,1,0,0.8721055668643357,0,1,0,0,0,1,3,0.42985582010310985,-0.7967434283108572
0,0,1,0.9214550572028734,1,0,1.2044472620236295,0,1,0,0,0,1,2,1.4441373135653188,-0.11523735440804037
0,0,0,1.3286586944031769,1,1,0.2074221765457484,0,1,0,1,0,0,2,1.043491779473762,0.716492236411335
1,1,1,0.0663274190822359,1,0,1.4703206181510644,0,1,0,0,1,0,2,1.0689924149858763,-0.9486473665166358
1,1,0,0.8400143297628127,1,0,-0.1581536881294745,1,1,0,1,0,0,1,0.48717826130925834,0.5439279051847419
1,0,1,0.188488510242327,1,0,-1.4875204687666492,0,1,0,0,0,1,1,-0.9731561624823843,1.2349728693883082
0,0,1,-0.7073594915983407,1,0,0.7059347192846889,1,0,1,1,0,0,3,-0.027698954508099102,-0.8161580428054603
1,0,0,1.5729808767233588,1,0,0.6062322107369008,0,1,0,0,0,1,2,1.4743459642305,0.6081558923709481
1,0,0,-1.0331224013585834,1,1,0.3071246850935365,0,0,1,1,0,0,3,-0.5374483384088408,-0.9028213551008174
1,0,1,1.4100994218432374,1,1,1.536788957182923,0,1,0,0,1,0,2,2.015242141105201,0.0429967782539187
1,0,0,0.7992939660427822,1,0,1.0382764144439829,0,1,0,0,0,1,2,1.2349455713755033,-0.22821626233888376
0,0,1,1.4915401492832985,1,0,1.4703206181510644,0,1,0,0,1,0,2,2.0192722036890456,0.11943264876380574
1,0,1,-0.3408762181180675,1,1,0.3403588546094659,0,1,0,0,1,0,3,-0.061798905255221186,-0.3596414008529177
0,0,0,-1.0331224013585834,1,1,0.4400613631572539,0,0,1,1,0,0,3,-0.4429347573738332,-1.010889939276908
1,0,1,0.2699292376823877,1,0,-1.3213496211870024,0,1,0,1,0,0,1,-0.7834580604412724,1.1914634893393141
1,0,0,0.7178532386027215,1,0,-1.45428629925072,0,1,0,0,0,1,1,-0.5823972440687191,1.423315037674053
1,0,0,1.5729808767233588,1,0,1.1379789229917707,0,1,0,0,0,1,2,1.8498190195879662,0.24369729543459576
0,0,1,-0.7888002190384014,1,0,-1.4875204687666492,0,0,1,1,0,0,0,-1.6338381763137468,0.6303652964307779
0,0,0,-1.2774445836787656,1,0,-1.5207546382825785,0,1,0,1,0,0,0,-2.017801432181376,0.07215884412422016
1,0,0,-0.1372743995179157,1,0,0.971808075412124,0,1,0,1,0,0,3,0.5439633559964893,-0.823129670305915
0,1,0,-0.2187151269579764,1,0,0.6394663802528302,0,1,0,0,0,1,3,0.29091596782601,-0.7725183341699888
1,0,1,0.6364125111626608,1,1,-0.291090366193192,0,0,1,1,0,0,1,0.22030007017485237,0.8315198102661255
1,0,0,-1.0738427650786138,1,0,0.8721055668643357,1,0,1,1,0,0,3,-0.17415864246779444,-1.3275286932001695
1,0,1,1.0843365120829946,1,0,0.4068271936413246,0,1,0,1,0,0,2,1.0099580540314805,0.5756567805583219
1,1,0,-0.0965540357978854,1,1,1.3706181096032763,0,0,1,1,0,0,3,0.9259364860254274,-1.067589678535722
0,0,0,-0.0151133083578247,1,0,-1.45428629925072,0,1,0,0,1,0,0,-1.1113594597256649,0.9133664343526278
1,0,0,-1.1960038562387048,1,0,0.9053397363802652,0,1,0,1,0,0,3,-0.24803806585247784,-1.5168611963296699
1,0,1,-1.1145631287986442,1,1,-0.291090366193192,0,0,1,1,0,0,0,-1.0119266016312707,-0.39115021194750366
0,0,1,1.5322605130033284,1,1,0.805637227832477,0,1,0,0,0,1,2,1.5993730266161719,0.5936552840322086
1,0,0,-1.2774445836787656,1,0,0.174188007029819,0,1,0,0,0,1,3,-0.8366762892108979,-1.0861145570358013
0,0,1,0.880734693482843,1,1,0.8721055668643357,0,0,1,0,1,0,2,1.1853896807997444,0.19322294529361245
1,0,1,1.6137012404433893,1,1,1.3706181096032763,0,1,0,0,1,0,2,2.0411889824462395,0.29906102261206696
1,0,1,1.369379058123207,1,0,0.0412513289661016,0,1,0,0,0,1,2,0.9373654642837633,1.0117458135264172
0,0,0,-0.9516816739185228,0,1,-0.2246220271613333,1,1,0,1,0,0,0,-0.918838177165913,-0.505029544390106
0,0,1,0.3513699651224484,1,0,0.4400613631572539,0,1,0,0,0,1,2,0.5032047172962696,0.010593266804458948
0,1,0,1.5729808767233588,1,0,0.6062322107369008,0,1,0,1,0,0,2,1.5433819116861456,0.5148800952826708
1,0,0,1.6137012404433893,1,1,1.536788957182923,0,1,0,0,0,1,2,2.167074236482327,0.007823426586809266
1,1,0,-0.8295205827584317,1,0,0.6394663802528302,1,0,1,1,0,0,3,-0.11314877234418973,-1.0873103581755452
1,0,0,0.9214550572028734,1,0,-0.0252170100657571,0,0,1,1,0,0,2,0.5963958537909008,0.6807703307222001
1,0,0,1.6137012404433893,1,0,1.3041497705714176,0,1,0,1,0,0,2,2.0108606874010286,0.17175372882249404
0,1,0,1.3286586944031769,1,0,1.4703206181510644,0,1,0,1,0,0,2,1.9815870212737323,-0.2479702441175477
0,0,1,-1.0738427650786138,1,1,0.5065297021891128,1,0,1,0,0,1,3,-0.4344651709571858,-0.9398734140983277
0,0,0,-1.1552834925186746,1,0,0.2074221765457484,1,0,1,1,0,0,3,-0.7001675129250852,-0.945777755097947
1,0,0,1.2064976032430856,1,0,1.2376814315395588,1,1,0,0,1,0,2,1.648520592667349,-0.06172568080242433
1,0,1,1.4100994218432374,1,0,-1.3213496211870024,0,0,1,1,0,0,1,0.030299284604487206,2.0688719942379836
1,0,0,-0.9924020376385532,1,0,0.971808075412124,1,0,1,1,0,0,3,-0.04644457613217065,-1.3389963069995205
1,0,0,1.6137012404433893,1,1,-1.45428629925072,0,0,1,0,0,1,1,0.06641548675695659,2.1391543154854467
0,1,0,1.369379058123207,0,1,-0.6234320613524857,0,0,1,1,0,0,1,0.49769169544937886,1.3804768980272741
1,0,0,-0.9109613101984924,1,1,0.2406563460616778,1,1,0,0,0,1,3,-0.5248402580905578,-0.8667283102935065
0,1,0,0.4328106925625091,1,1,1.5035547876669937,1,0,1,1,0,0,2,1.3929837120250765,-0.8060138373914131
0,0,1,-0.4223169455581282,1,0,-0.1249195186135452,1,1,0,0,0,1,3,-0.44020765435397646,-0.1424190186497121
1,0,0,-0.8295205827584317,1,1,0.5397638717050421,0,0,1,1,0,0,3,-0.2298967055497022,-0.9201010584449335
1,0,0,-0.9109613101984924,1,0,-0.6234320613524857,0,1,0,0,1,0,0,-1.1557696809423506,-0.26469829280678886
1,0,0,-0.2187151269579764,1,1,-0.5237295528046976,0,0,1,1,0,0,0,-0.5509963028438943,0.23532893387438616
0,0,1,-0.9924020376385532,1,0,-1.4875204687666492,0,0,1,1,0,0,0,-1.7771203474539934,0.4881943636152397
0,0,1,-0.8295205827584317,1,1,-1.4875204687666492,0,0,1,1,0,0,0,-1.6555006193935837,0.6109670021590402
1,0,0,1.5729808767233588,0,0,-0.3575587052250508,0,0,1,1,0,0,1,0.7677303594503057,1.4381739955389443
1,0,1,0.7178532386027215,1,0,1.3706181096032763,1,1,0,0,1,0,2,1.4037534382809416,-0.33552697406767146
0,0,1,1.5322605130033284,1,0,1.437086448635135,0,1,0,1,0,0,2,2.0533031924907554,0.1653403662463209
1,0,1,-1.0331224013585834,1,1,-0.6566662308684151,0,1,0,0,0,1,0,-1.239178549179612,-0.17848339292660187
1,1,1,0.5549717837226001,1,1,1.2044472620236295,1,1,0,0,0,1,2,1.2459188059396458,-0.4349926267563126
0,0,1,-1.0738427650786138,1,1,-0.5237295528046976,0,0,1,0,0,1,0,-1.1619442157122768,-0.23373488253414504
0,0,0,-1.0738427650786138,1,0,0.805637227832477,0,0,1,1,0,0,3,-0.22044745719183673,-1.298925303525128
0,0,0,0.5956921474426305,1,0,-1.2548812821551436,0,1,0,1,0,0,1,-0.5118689300123715,1.197902127558996
1,0,0,0.1477681465222966,1,0,0.971808075412124,0,0,1,1,0,0,2,0.7559355822532119,-0.5428390832325062
1,0,0,-0.9924020376385532,1,0,1.0050422449280532,1,1,0,0,1,0,3,-0.0631963173662089,-1.4377211190505834
1,0,1,0.3106496014024181,0,0,-0.1581536881294745,0,0,1,1,0,0,1,0.02542508665064326,0.5785658329576074
1,0,0,1.1657772395230557,1,0,1.3041497705714176,0,0,1,1,0,0,2,1.707017097552863,-0.0597710422400348
1,0,0,1.6137012404433893,1,0,1.1047447534758412,0,1,0,1,0,0,2,1.8700582916419788,0.3084257026736263
0,1,0,0.2699292376823877,1,1,1.1379789229917707,0,1,0,1,0,0,2,1.0088430628942442,-0.7504365793817567
1,0,0,-0.9924020376385532,1,0,-1.4875204687666492,0,1,0,0,1,0,0,-1.8232262643543322,0.27067855408856833
1,0,0,-1.2774445836787656,1,0,0.805637227832477,1,1,0,0,1,0,3,-0.40459375272160436,-1.500088451141205
0,0,0,0.0256070553622056,0,0,-0.1581536881294745,0,1,0,0,1,0,3,-0.2199852354547595,0.1281028476051778
0,0,1,-0.055833672077855,1,1,0.7391688888006183,1,1,0,0,0,1,3,0.434837959802563,-0.46972066731194567
0,0,0,-0.9516816739185228,1,0,0.805637227832477,1,1,0,0,0,1,3,-0.1609052449538706,-1.3083895833348609
0,0,0,1.5322605130033284,1,0,-1.4875204687666492,0,1,0,0,0,1,1,-0.032090308271932266,1.9978234963027257
1,0,1,0.9214550572028734,1,0,-1.4875204687666492,0,0,1,1,0,0,1,-0.4309132559313135,1.841555067023302
1,0,0,-1.1552834925186746,1,1,-1.5207546382825785,0,0,1,0,0,1,0,-1.929156172670084,0.25118695381117
1,0,1,0.6364125111626608,1,0,0.4732955326731833,0,0,1,1,0,0,2,0.7530485961029979,0.298574684878749
1,0,1,1.1657772395230557,1,0,-1.4875204687666492,0,1,0,1,0,0,1,-0.2703518372233942,1.930908905270293
0,1,0,-1.2367242199587352,1,0,0.1409538375138897,0,0,1,1,0,0,3,-0.7510737868266671,-1.0469262241207937
0,0,0,-1.0738427650786138,1,0,-0.4572612137728389,1,0,1,0,1,0,0,-1.141037584199322,-0.42803100441217684
1,0,0,-1.1960038562387048,0,0,-1.1551787736073555,1,1,0,1,0,0,0,-1.7554939377536285,-0.02991407647950279
1,0,0,-0.4223169455581282,0,0,-0.6899004003843444,1,0,1,1,0,0,0,-0.8711055773225301,0.27268547703188944
0,0,0,0.0256070553622056,1,1,0.5065297021891128,0,0,1,1,0,0,3,0.3490666644751338,-0.31715841325315314
1,0,0,-0.8295205827584317,1,0,1.1712130925077,1,1,0,0,1,0,3,0.16876474934519692,-1.4378776843407628
0,1,0,1.6137012404433893,1,1,1.6697256352466403,0,1,0,0,0,1,2,2.3149285439915346,-0.1900825781029568
0,0,0,1.0436161483629645,1,0,0.0080171594501722,0,0,1,1,0,0,2,0.7064775396305314,0.7263402931609987
1,0,0,1.0843365120829946,1,1,0.7059347192846889,1,0,1,1,0,0,2,1.2342910329678263,0.30241239847851625
1,0,1,0.0663274190822359,1,0,0.4068271936413246,0,1,0,0,0,1,3,0.27849729454444133,-0.1487134418867702
1,0,1,0.7992939660427822,1,0,-1.3213496211870024,0,1,0,0,1,0,1,-0.4397660360101332,1.566413046048828
1,0,0,-0.9109613101984924,1,0,-0.6234320613524857,1,1,0,0,0,1,0,-1.1419779641946528,-0.2835189825633038
0,1,0,-0.6666391278783103,1,0,-0.1913878576454039,1,1,0,1,0,0,3,-0.5959315538927695,-0.5023122702837217
1,1,0,1.0436161483629645,1,0,1.4703206181510644,1,1,0,0,0,1,2,1.7652967606959409,-0.4435711734846997
1,0,0,-0.9109613101984924,1,0,1.0050422449280532,1,1,0,1,0,0,3,0.0229581716233926,-1.3861578773134822
1,0,0,-1.1960038562387048,1,0,0.8388713973484064,0,1,0,0,0,1,3,-0.310022101557966,-1.4848194300800264
0,0,1,1.4915401492832985,1,0,-1.4875204687666492,0,1,0,0,0,1,1,-0.05550494998916301,2.127912904465751
0,0,0,-0.7888002190384014,0,1,-1.1219446040914265,0,0,1,1,0,0,0,-1.4264460345090633,0.3049823653240747
0,0,1,-0.3001558543980371,1,0,0.805637227832477,1,0,1,1,0,0,3,0.3292665856519197,-0.60015216409995
1,1,0,-1.2774445836787656,1,0,-1.4875204687666492,1,0,1,1,0,0,0,-1.9302617702825986,0.05774797737567994
1,0,0,-1.2774445836787656,1,0,-0.0916853490976158,1,0,1,1,0,0,3,-0.997985726443449,-0.8091184190685693
1,0,0,1.4508197855632678,1,0,1.2376814315395588,0,0,1,0,1,0,2,1.8318363846960226,0.19013071970787693
1,0,0,-1.2774445836787656,1,1,0.8721055668643357,1,0,1,0,0,1,3,-0.32549672624563386,-1.4741792920917385
1,0,0,-0.9924020376385532,1,0,1.2044472620236295,1,0,1,1,0,0,3,0.11782488558672084,-1.4984469431591747
0,0,0,-1.2774445836787656,0,0,-1.3213496211870024,0,0,1,0,0,1,0,-1.9331695359387224,0.07789264975914402
0,0,0,0.5549717837226001,1,0,-0.3907928747409802,0,1,0,0,1,0,1,0.04077673018195922,0.58252785236343
1,0,0,0.5142514200025698,1,1,1.3041497705714176,0,1,0,0,0,1,2,1.229081050606103,-0.6004489744574434
0,0,0,-0.9924020376385532,1,1,1.270915601055488,1,0,1,1,0,0,3,0.17239832585025716,-1.551922310426851
1,0,0,-1.1145631287986442,1,1,1.0050422449280532,1,0,1,0,0,1,3,-0.11700272549406981,-1.4515571950733959
1,0,0,-0.4223169455581282,1,1,0.9385739058961944,0,1,0,0,0,1,3,0.3118453378027091,-1.003869980015177
0,0,0,1.0436161483629645,1,0,1.0050422449280532,0,1,0,1,0,0,2,1.3991123317654035,-0.03827085722631716
0,0,0,0.758573602322752,0,0,-0.4904953832887682,0,1,0,0,0,1,1,0.0749516377994107,0.848884139069821
1,0,0,0.2699292376823877,0,1,-0.5237295528046976,1,0,1,1,0,0,1,-0.25961687449827037,0.6512092293534794
0,0,0,-0.2594354906780068,1,1,-1.288115451671073,0,0,1,0,1,0,0,-1.1475915574861633,0.7191551768543969
1,0,0,0.8400143297628127,1,1,0.6727005497687596,1,0,1,0,1,0,2,1.0100437411061862,0.15989107279750656
1,0,1,-1.2774445836787656,1,0,0.5065297021891128,1,0,1,1,0,0,3,-0.5703367466554812,-1.060610745895833
0,0,0,-1.2774445836787656,0,0,-1.1551787736073555,1,1,0,1,0,0,0,-1.8121614890140865,-0.10373638454772055
1,0,1,-0.5851984004382496,1,1,0.7059347192846889,0,0,1,0,0,1,3,0.04956911834281556,-0.7183812142501657
1,0,0,0.5549717837226001,1,0,-1.4875204687666492,0,1,0,0,0,1,1,-0.7204900469407582,1.3323569537301445
1,0,0,-1.1960038562387048,1,1,0.4732955326731833,1,1,0,0,0,1,3,-0.5611658359680118,-1.225218252394914
0,0,1,-0.8295205827584317,1,0,-0.6566662308684151,1,1,0,1,0,0,0,-1.0871951482061317,-0.04878672897703549
1,0,0,-0.748079855318371,0,0,-0.3243245357091214,0,0,1,1,0,0,0,-0.8422193255886671,-0.20535330086671394
1,1,0,-1.1145631287986442,1,1,0.174188007029819,1,0,1,1,0,0,3,-0.6352887442301061,-0.9584124995066204
1,0,1,-0.1779947632379461,1,0,1.1712130925077,0,0,1,1,0,0,3,0.672728296698685,-0.7484609548623667
1,1,0,1.0843365120829946,1,1,0.971808075412124,1,0,1,1,0,0,2,1.4753682871207598,0.03034567949666419
1,0,0,-0.9109613101984924,1,0,-0.6566662308684151,1,1,0,0,1,0,0,-1.1792367469021923,-0.2419196304982668
0,0,0,-0.4630373092781585,1,0,0.5397638717050421,0,1,0,1,0,0,3,0.010285341889793617,-0.7714344877419923
0,1,0,-1.1145631287986442,0,0,-0.6234320613524857,1,1,0,0,1,0,0,-1.297563590803725,-0.43899052435620384
0,0,1,-0.9109613101984924,1,0,-1.288115451671073,0,1,0,1,0,0,0,-1.5903822698992218,0.3271394817586677
1,1,0,-1.1145631287986442,1,1,0.2074221765457484,0,0,1,1,0,0,3,-0.6118216782702643,-0.9811911618151424
1,0,0,-0.9516816739185228,1,1,0.5065297021891128,1,0,1,1,0,0,3,-0.3393330741936921,-0.9826249558257344
0,0,0,-0.8702409464784621,1,1,1.1047447534758412,1,0,1,1,0,0,3,0.14103229873519724,-1.3527264391949179
1,0,0,0.5956921474426305,1,0,0.3071246850935365,0,0,1,1,0,0,2,0.6018150395649221,0.22551021513211864
1,0,0,-1.1960038562387048,0,1,-0.7896029089321326,0,0,1,1,0,0,0,-1.478985034386781,-0.1901921884502198
1,0,0,-1.2774445836787656,1,0,0.3735930241253952,1,1,0,1,0,0,3,-0.6808239896660431,-1.2092709725195327
1,0,1,-0.3815965818380978,0,1,-0.7896029089321326,0,0,1,1,0,0,0,-0.9006145573149752,0.5370151375380661
0,1,0,-0.6666391278783103,1,1,0.971808075412124,1,0,1,1,0,0,3,0.24378693251027755,-1.2092782776589672
1,0,0,-0.2187151269579764,1,0,0.5729980412209714,0,1,0,1,0,0,3,0.2050456960222905,-0.606654095729866
1,0,1,1.4508197855632678,1,0,-1.288115451671073,0,1,0,1,0,0,1,0.07104559813200102,1.9932762373609143
0,0,0,-1.2367242199587352,0,1,-0.4572612137728389,0,1,0,0,1,0,0,-1.3125442990146525,-0.5393130827830911
1,0,1,-1.1145631287986442,1,1,-1.4875204687666492,0,1,0,0,1,0,0,-1.8969597833794498,0.35293548141674824
1,1,0,1.4100994218432374,1,1,0.3735930241253952,0,0,1,1,0,0,2,1.2822125736680048,0.6678350935549221
0,0,0,0.7992939660427822,1,0,-0.2246220271613333,0,1,0,1,0,0,1,0.3588922858829664,0.6339345288103515
1,0,0,-0.1372743995179157,1,1,0.7059347192846889,0,0,1,0,0,1,3,0.35954810234054047,-0.5641287567821142
0,0,0,-1.2774445836787656,1,0,0.174188007029819,0,0,1,1,0,0,3,-0.8096038815690749,-1.0083016524787476
0,0,0,-1.1552834925186746,1,1,0.174188007029819,1,0,1,0,0,1,3,-0.7316904915225194,-0.9274787588654557
0,0,0,1.4915401492832985,1,0,0.6727005497687596,0,0,1,1,0,0,2,1.4910396353359074,0.5835430991847425
0,0,0,-0.6666391278783103,0,1,-0.8560712479639913,0,1,0,0,0,1,0,-1.1791672945923635,0.11328878704616535
1,0,0,-0.3408762181180675,1,0,0.9385739058961944,0,1,0,0,0,1,3,0.36216421511059566,-0.9560374991803318
0,0,0,0.3920903288424788,1,0,1.3041497705714176,0,0,1,1,0,0,2,1.163190164415565,-0.616974521881083
0,0,0,1.125056875803025,0,1,-0.4572612137728389,1,0,1,1,0,0,1,0.38974769340609083,1.1858158876196938
1,0,1,-0.9109613101984924,1,0,1.0050422449280532,1,1,0,1,0,0,3,0.028199964134210845,-1.2276342825873494
0,0,0,-0.9516816739185228,1,1,-0.1581536881294745,0,1,0,1,0,0,3,-0.8194062628552611,-0.6252569257289516
0,0,0,-0.3408762181180675,1,0,0.1409538375138897,0,1,0,1,0,0,3,-0.18535014694415802,-0.412787980350405
0,0,1,1.6137012404433893,1,0,1.7029598047625698,0,1,0,0,1,0,2,2.269510968092085,0.04528457229347433
0,0,1,1.2879383306831464,1,1,0.7391688888006183,0,1,0,0,0,1,2,1.3805002893281924,0.46860748927060697
1,0,0,-1.2367242199587352,1,0,-1.5207546382825785,0,1,0,0,0,1,0,-2.0048402189347723,0.1040314072619295
1,0,0,1.4508197855632678,1,0,0.8721055668643357,0,1,0,0,1,0,2,1.5623214724773873,0.3594447239699641
0,0,1,-1.2774445836787656,1,1,1.2376814315395588,1,1,0,0,0,1,3,-0.07284907764129359,-1.6644261988330056
0,0,0,1.0843365120829946,1,1,-1.4875204687666492,0,1,0,0,1,0,1,-0.35410881037996084,1.7129040261564263
1,0,0,0.7178532386027215,1,1,1.1047447534758412,0,0,1,0,0,1,2,1.242938012647677,-0.24035478665911764
0,0,1,1.6137012404433893,1,0,1.5035547876669937,0,0,1,0,0,1,2,2.15387747574111,0.24438713751974667
0,0,0,1.002895784642934,1,0,1.0050422449280532,0,1,0,0,0,1,2,1.3554059937515492,-0.08022060215682561
0,1,0,-0.5851984004382496,1,1,-1.4875204687666492,0,0,1,0,0,1,0,-1.4505129838477104,0.519695547930477
0,0,0,1.2064976032430856,1,0,1.6697256352466403,0,1,0,1,0,0,2,1.9830793878744335,-0.3801073571443271
1,0,0,-0.3408762181180675,1,0,-1.4875204687666492,0,1,0,1,0,0,0,-1.3358816961720397,0.7203204077091766
1,0,1,0.188488510242327,0,0,-0.8228370784480619,1,0,1,1,0,0,1,-0.5298855352303379,0.948836519438725
0,0,1,-1.1145631287986442,1,0,0.7059347192846889,1,1,0,1,0,0,3,-0.32564048344896995,-1.181751189568192
0,0,0,-1.1960038562387048,1,0,0.174188007029819,1,1,0,0,1,0,3,-0.7925098203068559,-1.0273794290950733
1,0,0,-0.1372743995179157,1,0,0.3403588546094659,0,1,0,0,0,1,3,0.08303919897369304,-0.40385064481139704
0,0,0,-0.055833672077855,1,0,-0.5237295528046976,0,1,0,1,0,0,0,-0.45409642654464527,0.2418245717617891
1,0,1,-0.3408762181180675,1,1,-1.45428629925072,0,1,0,1,0,0,0,-1.3001788465531676,0.8651012324181575
0,0,0,-0.5851984004382496,1,1,0.3403588546094659,0,0,1,1,0,0,3,-0.19811517874481505,-0.6297779001571578
0,0,1,-0.62591876415828,1,0,0.9053397363802652,1,0,1,1,0,0,3,0.17041630970704957,-0.8959616435303773
0,0,0,1.4915401492832985,1,0,0.0744854984820309,0,1,0,1,0,0,2,1.0572552613983808,0.9123077396064838
0,0,1,0.6364125111626608,1,1,-1.4875204687666492,0,0,1,1,0,0,1,-0.6238689871838059,1.6345977184309162
1,0,1,0.880734693482843,1,0,-1.4875204687666492,0,1,0,1,0,0,1,-0.47094687681974007,1.7318695993285391
0,0,0,-0.7888002190384014,1,0,0.4732955326731833,0,1,0,0,1,0,3,-0.29474188438778737,-0.9480455242406952
0,1,1,-0.4223169455581282,1,1,0.6727005497687596,0,0,1,1,0,0,3,0.20976373675081722,-0.6751416027774905
1,0,0,-0.5851984004382496,0,0,-1.3213496211870024,0,0,1,1,0,0,0,-1.431605567471719,0.5917433146413772
0,0,0,-0.6666391278783103,1,0,0.8721055668643357,0,1,0,1,0,0,3,0.10167383034796314,-1.1413920436427507
1,0,0,-1.1145631287986442,1,1,0.5397638717050421,1,0,1,1,0,0,3,-0.430491745146048,-1.1191403643866868
0,0,0,0.8400143297628127,1,0,-1.4875204687666492,0,0,1,1,0,0,1,-0.4928225997025896,1.6092091642289517
1,1,0,0.4735310562825394,1,0,0.3071246850935365,0,1,0,0,1,0,2,0.528967656161094,-0.025575914813421106
1,0,0,0.4735310562825394,1,1,1.2044472620236295,1,1,0,1,0,0,2,1.1450733222843335,-0.5470316157275844
0,0,0,1.5322605130033284,1,1,0.8388713973484064,0,0,1,1,0,0,2,1.6440253905113769,0.5071198664966097
0,0,0,-1.0738427650786138,1,0,1.3373839400873468,1,1,0,0,0,1,3,0.1285985077194477,-1.7581507399605363
0,0,0,0.0256070553622056,1,1,-0.4572612137728389,0,1,0,0,0,1,0,-0.35790533880645586,0.24865595419492967
0,0,0,-0.8702409464784621,1,1,-1.4875204687666492,0,1,0,0,1,0,0,-1.7296176533263308,0.348063071127259
0,0,1,1.6137012404433893,1,1,-1.3545837907029317,0,0,1,1,0,0,1,0.15775369812874568,2.2259035467114114
0,0,0,-0.9516816739185228,1,0,0.5065297021891128,0,1,0,0,0,1,3,-0.3721088385924454,-1.1033816225581627
1,1,0,1.247217966963116,0,0,-0.9557737565117794,0,1,0,1,0,0,1,0.15803523816258386,1.4496277229421486
0,0,1,-1.1960038562387048,1,0,-1.45428629925072,0,1,0,0,1,0,0,-1.9371542598282783,0.24729861874863862
1,0,0,1.369379058123207,1,1,1.3706181096032763,0,1,0,0,0,1,2,1.877800301314823,-0.04888838124922674
0,0,0,1.369379058123207,0,0,-0.0916853490976158,0,1,0,1,0,0,1,0.8014528465240558,1.0155685481815722
0,0,0,-1.2774445836787656,1,0,0.2074221765457484,0,1,0,0,1,0,3,-0.826355622803113,-1.107026464529811
0,0,0,-0.0965540357978854,1,0,0.971808075412124,0,1,0,1,0,0,3,0.5732651074201794,-0.8116494186848098
1,0,0,-0.7888002190384014,1,0,0.174188007029819,0,1,0,1,0,0,3,-0.4777491746885006,-0.7313887599111087
0,0,1,1.6137012404433893,1,1,0.5065297021891128,0,1,0,0,0,1,2,1.445482301433696,0.8555316179351222
0,0,1,-0.9924020376385532,1,0,-0.291090366193192,0,1,0,1,0,0,0,-0.9436831595600711,-0.4130887606232084
1,0,1,-0.1779947632379461,1,1,1.3706181096032763,1,1,0,0,0,1,3,0.7940975931597652,-0.9708638759211848
0,0,0,1.3286586944031769,1,1,1.3373839400873468,0,0,1,1,0,0,2,1.8527492087687547,0.02326899905324136
0,1,0,-0.8702409464784621,1,0,0.6062322107369008,0,1,0,1,0,0,3,-0.17600414199681685,-1.1911710985037884
0,0,0,-0.2594354906780068,1,0,-1.5207546382825785,0,1,0,1,0,0,0,-1.3013905764801417,0.7830135082019114
1,1,0,1.0843365120829946,0,1,-0.4904953832887682,0,1,0,0,1,0,1,0.3501007953028792,1.0313307280508939
1,0,1,1.4100994218432374,1,0,-1.5207546382825785,0,0,1,1,0,0,1,-0.1105031111545626,2.2055439680891156
0,0,0,1.5729808767233588,1,0,-1.4875204687666492,0,0,1,1,0,0,1,0.02299321640229919,2.121024522364889
1,1,0,1.002895784642934,1,0,0.2074221765457484,0,1,0,0,0,1,2,0.8448918199939089,0.3935838076760297
0,0,0,1.5729808767233588,0,1,-0.5901978918365564,0,0,1,0,0,1,1,0.5960503022894625,1.5761910306805653
1,0,0,1.002895784642934,1,1,-1.45428629925072,0,0,1,1,0,0,1,-0.3483811228779791,1.7261570754062328
1,0,1,1.6137012404433893,1,0,-1.288115451671073,0,0,1,1,0,0,1,0.19704852170457554,2.188264264745
1,0,0,-1.2774445836787656,1,0,0.3403588546094659,0,1,0,0,1,0,3,-0.7331326761593874,-1.1811871788218966
1,1,0,-0.7073594915983407,1,0,1.0382764144439829,0,1,0,0,1,0,3,0.21420651466417862,-1.3512978959310278
0,0,0,-1.1552834925186746,1,1,0.5065297021891128,0,0,1,0,1,0,3,-0.5108115486718007,-1.1364446921941609
0,0,0,-0.3815965818380978,0,0,-0.6566662308684151,0,1,0,0,0,1,0,-0.8447638503851801,0.16662022684541683
1,1,0,1.5729808767233588,1,1,1.4038522791192056,0,0,1,0,0,1,2,2.1092674515494885,0.061917749875769174
0,0,1,0.5142514200025698,1,0,0.5397638717050421,0,1,0,1,0,0,2,0.7032815558737969,0.06950958449872416
1,0,0,1.2879383306831464,1,0,1.437086448635135,0,1,0,1,0,0,2,1.8754774774160001,-0.14683441291645524
1,0,0,-0.5037576729981889,1,0,-0.1913878576454039,0,1,0,1,0,0,3,-0.5352918606504129,-0.2817841685756129
0,0,0,-0.055833672077855,1,0,0.5065297021891128,1,1,0,1,0,0,3,0.27338261821044574,-0.4643139598023936
1,1,0,-1.1960038562387048,1,0,1.0050422449280532,0,1,0,0,1,0,3,-0.1531377620322557,-1.6697294723797973
1,0,0,-0.5037576729981889,1,1,-1.45428629925072,0,0,1,0,1,0,0,-1.437510809849309,0.6793973039603636
1,0,1,1.002895784642934,1,0,1.1047447534758412,0,0,1,1,0,0,2,1.4568307573924335,0.12168778008479941
1,1,0,-0.9924020376385532,0,0,-1.188412943123285,1,1,0,1,0,0,0,-1.5823381060990236,0.04519809813088177
1,0,1,0.0256070553622056,1,0,-1.5207546382825785,0,1,0,1,0,0,1,-1.0961990615686186,1.1575303438118003
0,0,1,1.4100994218432374,0,0,-0.3575587052250508,0,0,1,1,0,0,1,0.6589917322445674,1.466006909070644
0,0,1,1.5729808767233588,1,1,0.5729980412209714,0,1,0,0,0,1,2,1.4637599991253296,0.7815401067549704
1,0,0,1.0843365120829946,1,1,0.0080171594501722,0,1,0,1,0,0,2,0.7301054611507749,0.6995130258258235
0,0,0,1.002895784642934,1,1,0.3403588546094659,0,0,1,0,1,0,2,0.8906441356156081,0.48446050719315503
0,0,1,-1.2774445836787656,1,1,-0.1913878576454039,1,0,1,1,0,0,0,-1.0555058234683024,-0.5901768800675028
1,0,0,-0.9516816739185228,1,1,1.1379789229917707,0,1,0,0,0,1,3,0.08011408859711734,-1.5101863791867087
0,0,0,-1.1552834925186746,1,0,-1.4875204687666492,0,1,0,0,1,0,0,-1.9372066840708888,0.13998787289413528
1,0,0,1.6137012404433893,1,1,0.805637227832477,0,1,0,0,1,0,2,1.6370070686181137,0.5277746871308087
0,0,1,1.2064976032430856,1,1,1.3706181096032763,0,1,0,0,0,1,2,1.769061674109085,-0.021055467717527032
0,0,0,-1.1145631287986442,1,0,0.5065297021891128,0,1,0,0,1,0,3,-0.5005262922523407,-1.1982976790540785
1,0,0,-0.4223169455581282,1,1,1.0050422449280532,0,0,1,1,0,0,3,0.38520656016857435,-0.9546604651331653
1,0,1,0.1070477828022663,1,0,-1.3213496211870024,0,1,0,1,0,0,1,-0.89808379735347,1.0777267430868835
1,0,0,-0.8295205827584317,1,1,0.5065297021891128,0,0,1,1,0,0,3,-0.25336377150954387,-0.8973223961364113
1,0,0,1.4100994218432374,1,1,1.3041497705714176,1,0,1,1,0,0,2,1.8859496940693707,0.11986996942998099
1,0,1,1.6137012404433893,1,0,1.1047447534758412,0,0,1,1,0,0,2,1.886677270813174,0.5482005785314142
1,0,0,0.2292088739623573,1,1,1.536788957182923,0,0,1,0,1,0,2,1.190340942641328,-0.858866945670681
1,0,0,-0.748079855318371,1,0,-0.5237295528046976,0,1,0,1,0,0,0,-0.9419011256171256,-0.22460266486903852
1,0,0,0.5956921474426305,1,0,0.7391688888006183,0,1,0,1,0,0,2,0.8955097103824862,-0.15186367601032286
0,0,0,0.188488510242327,0,1,-1.188412943123285,1,1,0,0,1,0,1,-0.825844552149441,0.9570140177131613
0,1,0,-1.2774445836787656,1,0,0.3071246850935365,1,1,0,0,0,1,3,-0.6888219817016903,-1.2840205617255676
0,0,0,0.188488510242327,1,1,-1.4875204687666492,0,1,0,1,0,0,1,-0.9557087428635446,1.082046790378944
1,0,0,-0.9516816739185228,0,1,-0.7896029089321326,1,0,1,0,1,0,0,-1.3358880495519876,-0.014281937682459729
1,0,0,1.125056875803025,1,0,-0.1581536881294745,0,1,0,1,0,0,1,0.6344325744314039,0.8328046316401712
0,0,0,1.002895784642934,1,0,0.7724030583165477,0,1,0,0,0,1,2,1.191136532032658,0.07923003400282852
0,0,1,0.3513699651224484,1,1,-0.6566662308684151,0,0,1,1,0,0,1,-0.23778737778411058,0.8660918547761117
0,0,1,0.7178532386027215,1,0,0.2074221765457484,0,1,0,1,0,0,2,0.6118930674156273,0.4394671403994828
1,0,0,-1.1552834925186746,1,0,-0.4572612137728389,0,1,0,1,0,0,0,-1.1815313359779362,-0.5545018551171592
1,0,1,-0.9516816739185228,1,0,0.4732955326731833,1,0,1,1,0,0,3,-0.3645523387909278,-0.8103585910824497
1,0,0,0.1477681465222966,1,1,1.0050422449280532,0,1,0,0,1,0,2,0.7461778321673859,-0.632528002992199
0,1,0,-1.2367242199587352,0,1,-1.3545837907029317,1,1,0,0,1,0,0,-1.892814353456177,-0.014126620966672242
1,0,1,1.3286586944031769,1,0,1.0050422449280532,0,1,0,0,1,0,2,1.575462226143424,0.3415511097726858
0,0,0,0.1477681465222966,1,1,0.7059347192846889,0,0,1,1,0,0,3,0.5758383629183318,-0.3685278274149623
0,0,0,-1.1145631287986442,1,1,-1.4875204687666492,0,0,1,1,0,0,0,-1.8613374515007475,0.253404101491154
1,1,0,1.5729808767233588,1,1,1.437086448635135,0,0,1,1,0,0,2,2.1477844212951354,0.05265464593464794
1,0,1,-1.1960038562387048,1,0,-1.288115451671073,0,1,0,0,0,1,0,-1.8066725304770133,0.1315385523915159
0,0,0,0.9214550572028734,1,0,-1.4875204687666492,0,1,0,0,0,1,1,-0.4619368216926728,1.571310697856111
1,0,0,-1.1145631287986442,1,0,-0.5901978918365564,1,1,0,1,0,0,0,-1.2467431655892534,-0.4349530193199634
1,0,0,-1.2774445836787656,1,0,-0.3575587052250508,1,1,0,0,1,0,0,-1.225941061316062,-0.702835270342934
1,0,1,1.4508197855632678,1,0,0.5065297021891128,0,1,0,1,0,0,2,1.33826715996345,0.7632284727007248
0,0,0,0.2292088739623573,1,0,0.6394663802528302,1,1,0,0,1,0,3,0.5390043011126552,-0.351084171705614
0,1,0,-0.6666391278783103,1,0,-0.3575587052250508,0,1,0,0,1,0,3,-0.7421085042254804,-0.38311382735199734
0,0,0,1.4100994218432374,1,0,0.2406563460616778,0,0,1,1,0,0,2,1.128654909401867,0.8227973360693132
1,0,0,1.6137012404433893,1,0,1.7361939742784993,0,1,0,0,0,1,2,2.300882641093165,-0.137884439555693
0,0,0,-0.4630373092781585,1,0,0.1409538375138897,0,1,0,1,0,0,3,-0.2713194496283061,-0.498090540039728
1,0,0,-1.1552834925186746,1,0,-1.5207546382825785,0,0,1,1,0,0,0,-1.9211002600324918,0.2556666198872007
0,0,0,-1.1960038562387048,0,0,-1.188412943123285,0,1,0,0,1,0,0,-1.8071573070513318,-0.01878421772386884
1,0,1,1.4915401492832985,1,1,1.1379789229917707,0,0,1,1,0,0,2,1.8311690252370798,0.4491552488249395
1,1,0,-1.2367242199587352,1,1,0.971808075412124,1,0,1,1,0,0,3,-0.15804846387805457,-1.590402954600472
1,0,1,1.5322605130033284,1,0,1.1047447534758412,1,1,0,1,0,0,2,1.8179872156966983,0.41008092427354365
0,0,1,-1.2774445836787656,1,0,-1.45428629925072,1,1,0,1,0,0,0,-1.9656255077508746,0.185125114233309
1,0,1,-0.8702409464784621,1,0,0.8721055668643357,0,1,0,1,0,0,3,-0.03701186547710643,-1.1080854467901537
0,0,0,-0.7888002190384014,1,0,1.071510583959912,1,1,0,0,0,1,3,0.14145701963706014,-1.3768821355506065
1,0,1,1.125056875803025,1,1,-1.4875204687666492,0,0,1,0,0,1,1,-0.2956869974286591,1.9792463337628097
1,1,0,-0.5037576729981889,1,0,0.3071246850935365,1,0,1,0,1,0,3,-0.14740957865171378,-0.6267451111963496
1,0,0,0.188488510242327,0,1,-0.9557737565117794,0,1,0,0,0,1,1,-0.6484286908784924,0.7956966267389947
1,0,0,-0.0965540357978854,1,0,-1.45428629925072,0,1,0,1,0,0,0,-1.1404760248439019,0.8681468647793006
1,0,1,1.125056875803025,1,1,1.3041497705714176,0,0,1,0,0,1,2,1.675546543198039,0.06583869984695945
0,0,0,0.1070477828022663,1,1,0.174188007029819,1,0,1,0,0,1,3,0.1566589695470112,-0.04601897540911825
1,1,0,0.7178532386027215,1,1,1.0382764144439829,1,0,1,1,0,0,2,1.2643945109879986,-0.2711193241883489
0,0,0,1.5729808767233588,1,0,1.0382764144439829,0,1,0,1,0,0,2,1.7951130426898874,0.30859490578555987
0,1,0,-0.9924020376385532,1,1,0.3071246850935365,0,0,1,1,0,0,3,-0.45480586051095045,-0.981178523993388
0,0,0,0.2292088739623573,1,0,-1.3545837907029317,0,0,1,0,1,0,1,-0.8576424698174664,1.0968868479373626
1,0,0,1.6137012404433893,1,1,-1.4875204687666492,0,0,1,0,1,0,1,0.029156704049417184,2.1807536675504835
0,1,0,0.3920903288424788,1,0,1.0382764144439829,0,1,0,0,1,0,2,0.9885755560171529,-0.6005287936691236
0,0,1,1.002895784642934,1,1,1.0050422449280532,0,0,1,1,0,0,2,1.3940688678567617,0.1821057243597331
0,0,0,1.125056875803025,1,1,1.536788957182923,0,1,0,0,0,1,2,1.8238423429413761,-0.35034074711248503
1,0,1,1.5729808767233588,1,0,-1.3213496211870024,0,1,0,1,0,0,1,0.1335478348563076,2.101357459358759
1,0,0,-0.8702409464784621,1,0,-1.3878179602188612,1,1,0,0,1,0,0,-1.6668557637906591,0.2876451268523254
1,0,0,0.3106496014024181,1,0,-0.4572612137728389,0,0,1,1,0,0,1,-0.13852251710778152,0.5503801422863716
0,0,0,0.3920903288424788,1,0,0.6394663802528302,0,1,0,0,0,1,2,0.6674217547725506,-0.25616811520969834
0,0,0,-1.2774445836787656,1,0,-0.6899004003843444,1,1,0,1,0,0,0,-1.4311247831853349,-0.49730771358883047
1,0,1,0.5956921474426305,1,0,0.8388713973484064,0,1,0,1,0,0,2,0.9711527007728297,-0.06167606820975625
1,0,1,0.7178532386027215,1,0,0.3735930241253952,0,1,0,1,0,0,2,0.7285830800191947,0.3425277637988752
1,0,1,-0.9109613101984924,0,0,-0.3575587052250508,0,1,0,1,0,0,0,-0.986447522610265,-0.21903907121614502
1,0,0,1.6137012404433893,1,1,0.6727005497687596,0,0,1,0,1,0,2,1.554515991439124,0.7001406174965519
1,0,0,1.6137012404433893,1,0,1.1379789229917707,0,1,0,0,1,0,2,1.864683737068318,0.2909521717542184
1,0,0,1.125056875803025,1,1,0.8388713973484064,0,1,0,0,0,1,2,1.3303886405890606,0.14496509630847984
0,0,0,-1.1960038562387048,1,0,0.3403588546094659,1,0,1,1,0,0,3,-0.6349556833137677,-1.0653265908951424
1,0,0,-1.2367242199587352,1,0,0.5065297021891128,1,1,0,0,1,0,3,-0.5871409121321297,-1.266646303801399
0,0,1,-1.2774445836787656,1,0,0.5065297021891128,1,1,0,1,0,0,3,-0.5810686161202173,-1.1588159619694904
0,0,0,-0.8702409464784621,1,1,0.805637227832477,0,0,1,1,0,0,3,-0.07017129490337752,-1.1477184784182197
0,0,1,0.6771328748826912,1,0,1.1047447534758412,0,0,1,1,0,0,2,1.2282246007636795,-0.12273964736206422
0,1,0,1.5322605130033284,1,1,1.6364914657307112,0,0,1,0,1,0,2,2.231734079488274,-0.12410031803248028
0,1,0,-1.2367242199587352,1,0,0.2074221765457484,1,1,0,1,0,0,3,-0.715516841567361,-1.173734829869493
1,1,0,-0.6666391278783103,1,0,1.1379789229917707,1,1,0,1,0,0,3,0.3421057673052554,-1.3965048276826002
1,0,0,-0.9109613101984924,1,0,1.1712130925077,1,0,1,1,0,0,3,0.15167068808297796,-1.418799907724437
0,0,1,0.9621754209229036,1,0,0.1409538375138897,0,0,1,1,0,0,2,0.7482747275246174,0.7368808655268279
0,0,0,0.6364125111626608,1,0,1.3041497705714176,0,1,0,1,0,0,2,1.3237515831234845,-0.5276206836340922
1,1,0,1.6137012404433893,1,1,-1.3213496211870024,0,1,0,1,0,0,1,0.21729719419595078,1.8904665229734285
0,0,0,-1.2774445836787656,1,0,-1.45428629925072,1,1,0,1,0,0,0,-1.9708673002616928,0.026601519507176236
0,0,0,-0.1372743995179157,1,0,-1.4875204687666492,0,0,1,1,0,0,0,-1.1805770211757747,0.9267886867143676
1,0,0,-0.3001558543980371,1,0,-1.3213496211870024,1,0,1,1,0,0,0,-1.178512745484405,0.7161125638613294
0,0,0,1.4508197855632678,1,0,-0.3575587052250508,0,0,1,1,0,0,1,0.7349041563527671,1.2612474441858175
0,0,1,0.3920903288424788,1,0,0.4400613631572539,1,1,0,1,0,0,2,0.5469110553101239,0.052543011734967386
0,0,1,-1.0738427650786138,1,0,-1.4875204687666492,0,1,0,1,0,0,0,-1.8458104025704694,0.35007470935736923
1,0,0,-0.5851984004382496,1,0,1.2044472620236295,0,0,1,1,0,0,3,0.40438922786721465,-1.214105077528098
1,0,0,-0.9109613101984924,1,0,0.174188007029819,1,0,1,0,1,0,3,-0.5811829112457741,-0.7301349070796623
1,0,0,1.6137012404433893,1,1,1.3041497705714176,0,1,0,1,0,0,2,2.017854678549241,0.18078962111386407
1,0,1,1.247217966963116,1,0,1.3373839400873468,0,0,1,1,0,0,2,1.793038824479621,0.13284226330379117
0,0,0,-0.2187151269579764,1,0,0.4400613631572539,0,1,0,0,1,0,3,0.08298112884506227,-0.527188250048666
0,0,1,0.1070477828022663,1,0,-1.3213496211870024,0,1,0,1,0,0,1,-0.897438480157829,1.060772808144881
0,0,0,-0.5851984004382496,1,0,0.8388713973484064,1,1,0,1,0,0,3,0.1355196328442203,-1.0617450082080133
1,0,0,-0.8702409464784621,1,0,0.3071246850935365,1,1,0,1,0,0,3,-0.4411937793052327,-0.8793717822714121
1,0,1,0.4735310562825394,1,1,-1.45428629925072,0,0,1,1,0,0,1,-0.715672975331803,1.5150362448119659
0,0,1,-0.5444780367182193,1,0,-0.1249195186135452,0,1,0,0,0,1,3,-0.5261769570381246,-0.227721578339035
0,0,1,1.6137012404433893,1,0,0.9385739058961944,0,1,0,0,1,0,2,1.7297684510157272,0.569193805389481
0,0,0,-0.5851984004382496,1,1,-0.4904953832887682,0,1,0,1,0,0,0,-0.7961690144012332,-0.14156262357576244
0,1,0,-0.5851984004382496,1,1,-0.4904953832887682,0,0,1,1,0,0,0,-0.7314511012666561,-0.15014876295778296
0,0,0,1.5729808767233588,0,0,-0.1249195186135452,0,0,1,1,0,0,1,0.9326451383648381,1.2617694244372877
0,0,0,-0.0965540357978854,1,0,-0.3243245357091214,0,1,0,0,1,0,0,-0.3707920855471475,0.08202354273666349
1,0,1,-0.1779947632379461,0,0,-0.1581536881294745,0,1,0,1,0,0,0,-0.3298293107463264,0.15610431306866054
0,0,0,0.188488510242327,1,0,0.4732955326731833,1,1,0,0,0,1,3,0.4068042538330955,-0.28444573648262644
1,0,1,-0.5851984004382496,1,0,-1.4875204687666492,0,1,0,0,1,0,0,-1.53142012956302,0.7135440144457778
0,0,1,-0.055833672077855,1,0,0.5397638717050421,0,1,0,0,1,0,3,0.2732498561476031,-0.32326389599566874
1,0,0,-1.1145631287986442,1,1,-0.291090366193192,0,0,1,0,1,0,0,-1.0460100146755917,-0.5443686752845223
1,1,0,-0.0965540357978854,1,0,0.4400613631572539,0,1,0,0,0,1,3,0.2354375575554672,-0.5335898656875313
0,0,0,0.6771328748826912,1,0,0.2406563460616778,0,0,1,1,0,0,2,0.6128390932969784,0.3109819779333755
1,0,0,-0.8295205827584317,1,0,-0.6566662308684151,1,1,0,0,1,0,0,-1.1219238784460936,-0.18505125737205141
0,0,0,-1.2774445836787656,1,0,0.4400613631572539,1,1,0,0,1,0,3,-0.6620861610842216,-1.266477100689465
0,0,1,-1.1552834925186746,1,0,0.8388713973484064,1,0,1,1,0,0,3,-0.24905146717727566,-1.2200487442337327
1,0,0,-1.1960038562387048,1,1,-1.45428629925072,1,1,0,0,0,1,0,-1.9222556616388273,0.0959441614993633
0,0,0,-1.1960038562387048,1,0,0.4732955326731833,1,1,0,0,0,1,3,-0.5675145099205832,-1.2512080796282865
1,0,0,0.188488510242327,1,0,0.0412513289661016,0,0,1,1,0,0,3,0.12751416960569506,0.12339764796921823
0,0,1,-0.3815965818380978,1,0,0.0412513289661016,0,1,0,0,0,1,3,-0.29421589032671885,-0.2278781436292145
0,0,0,-0.3815965818380978,1,0,0.4732955326731833,0,1,0,1,0,0,3,0.020664078426209084,-0.6690087899987329
0,1,0,0.5142514200025698,1,1,1.1712130925077,0,1,0,0,0,1,2,1.1891988304365773,-0.6161256806790334
1,0,1,-0.4223169455581282,1,0,-1.4875204687666492,0,0,1,0,0,1,0,-1.3916254892427478,0.8897113520733485
1,0,0,-0.3408762181180675,1,0,1.1712130925077,0,1,0,1,0,0,3,0.541483580615292,-1.1019725769725852
1,0,0,0.6364125111626608,1,1,-1.4875204687666492,0,1,0,0,0,1,1,-0.6561831873364472,1.3982612191477297
1,0,1,-1.1960038562387048,1,0,-0.291090366193192,1,1,0,1,0,0,0,-1.0876106478959588,-0.5383057584967442
0,1,0,-0.9924020376385532,1,0,0.7391688888006183,0,1,0,0,0,1,3,-0.18315508462740326,-1.3811038657946002
1,0,0,0.4735310562825394,0,0,-0.3575587052250508,1,0,1,1,0,0,1,-0.005993364707027507,0.6704509583350377
0,0,0,0.9621754209229036,1,0,0.8721055668643357,0,1,0,1,0,0,2,1.2479311994699382,-0.004024581118444476
1,0,0,-1.2774445836787656,1,0,-1.45428629925072,0,1,0,1,0,0,0,-1.9715126174573339,0.043555454449178604
1,0,1,0.8400143297628127,1,0,0.9385739058961944,0,1,0,0,0,1,2,1.1984426002348458,0.02707750587592303
1,0,1,1.0843365120829946,1,0,-1.5207546382825785,0,1,0,1,0,0,1,-0.3511317716393348,1.8968191944525994
0,0,0,-0.7073594915983407,1,0,-0.5237295528046976,0,1,0,0,0,1,0,-0.9276492779792401,-0.2266379716153341
0,1,0,0.6771328748826912,1,0,0.8388713973484064,0,1,0,0,0,1,2,1.0621599166021463,-0.28363820363275255
0,0,0,0.2699292376823877,0,0,-0.291090366193192,1,1,0,1,0,0,1,-0.11307327339232723,0.38451748482879766
0,1,0,0.4735310562825394,1,0,0.805637227832477,0,0,1,1,0,0,2,0.9218377699482393,-0.308263634640713
1,0,0,-1.1960038562387048,1,0,-0.3907928747409802,1,1,0,0,1,0,0,-1.1920952588198046,-0.6231882349081966
1,1,0,-0.6666391278783103,1,0,0.3071246850935365,1,1,0,0,1,0,3,-0.2734125022242884,-0.8217331385804353
1,0,0,-1.1145631287986442,1,1,0.0412513289661016,0,0,1,0,1,0,3,-0.8113393550771754,-0.7721552983697424
0,0,0,0.188488510242327,1,1,1.1712130925077,0,1,0,0,0,1,2,0.9066066301379824,-0.7537617526702189
0,0,0,-0.9516816739185228,1,1,-0.4572612137728389,0,0,1,1,0,0,0,-1.019232669833459,-0.3389976838205981
0,0,1,0.1070477828022663,1,1,-1.4875204687666492,0,1,0,0,0,1,1,-1.02282972259463,1.1701864536114606
0,0,0,-1.0331224013585834,1,0,0.7059347192846889,1,1,0,1,0,0,3,-0.27356940750368935,-1.2834064111681094
0,0,0,-1.2774445836787656,1,1,-1.4875204687666492,1,1,0,0,0,1,0,-2.0023902788591266,0.04490051573966749
0,0,0,-0.1372743995179157,0,0,-1.3213496211870024,1,1,0,0,1,0,0,-1.1559582809614146,0.8116192821510181
0,0,1,0.758573602322752,1,1,1.0050422449280532,0,0,1,0,0,1,2,1.2070803587026606,-0.002014953386313599
1,0,0,1.0436161483629645,1,0,0.174188007029819,0,1,0,1,0,0,2,0.8117903655737215,0.5481496354287357
1,0,1,-1.1552834925186746,0,1,-0.8560712479639913,0,1,0,0,1,0,0,-1.5322397467614763,-0.033623232286476436
0,0,1,1.2879383306831464,1,1,1.536788957182923,0,0,1,1,0,0,2,1.970136962810574,0.016686433365134326
1,1,0,1.4508197855632678,1,0,0.5065297021891128,0,1,0,0,1,0,2,1.3575244733933292,0.5201725888500306
0,1,1,1.2064976032430856,1,0,1.0382764144439829,0,1,0,0,1,0,2,1.5669460330889586,0.1266785323191623
1,0,1,0.188488510242327,1,0,0.9385739058961944,0,0,1,1,0,0,2,0.7663667430322377,-0.3331026396347436
0,0,0,0.4328106925625091,1,0,-1.4875204687666492,0,1,0,0,1,0,1,-0.8196057491769633,1.2489211488553338
0,0,1,1.3286586944031769,1,1,0.9053397363802652,0,0,1,0,1,0,2,1.5240775232681294,0.48322033517927454
1,0,0,-1.2774445836787656,1,1,-0.1249195186135452,0,0,1,1,0,0,3,-1.0144588012550784,-0.7773038644686773
0,0,1,-0.2187151269579764,1,0,0.0412513289661016,0,1,0,1,0,0,3,-0.1645402496287165,-0.10062583900938316
0,0,1,1.002895784642934,1,0,-1.4875204687666492,0,1,0,1,0,0,1,-0.38433225693995093,1.8002182240758597
0,0,1,-1.2774445836787656,1,0,-1.45428629925072,1,0,1,0,1,0,0,-1.9830899416240002,0.2716815267540784
1,0,1,0.4328106925625091,0,1,-0.8228370784480619,0,1,0,0,0,1,1,-0.37738002916001123,1.0337106916096852
1,0,1,0.6364125111626608,1,1,1.5700231266988525,0,1,0,0,0,1,2,1.5080286734798025,-0.5388521185101638
1,0,1,0.3513699651224484,1,0,1.536788957182923,0,1,0,1,0,0,2,1.2920224805612075,-0.7106330960673647
0,0,0,1.4508197855632678,1,0,0.8388713973484064,0,1,0,1,0,0,2,1.5683413442466891,0.3599643199473693
0,0,0,-0.7073594915983407,1,0,-0.5237295528046976,0,1,0,1,0,0,0,-0.9125993741934353,-0.2131224132479334
0,1,0,-0.9924020376385532,1,1,0.971808075412124,1,1,0,1,0,0,3,0.0031582720255054902,-1.5180030512954839
0,1,0,-1.1960038562387048,0,0,-1.3213496211870024,1,1,0,1,0,0,0,-1.818843223882996,-0.022812120392570752
0,1,0,0.9214550572028734,1,0,0.8388713973484064,0,1,0,1,0,0,2,1.2491484257562473,-0.09951752588670587
1,1,0,-0.6666391278783103,1,1,0.2406563460616778,1,0,1,0,1,0,3,-0.30197545633538236,-0.6858886405403661
1,0,1,0.2699292376823877,1,1,0.5065297021891128,1,0,1,1,0,0,2,0.5256017451586075,0.028924235793627927
0,0,0,-0.9109613101984924,1,0,1.0050422449280532,1,1,0,0,0,1,3,0.008553585033228644,-1.4166273706228854
0,0,0,0.5549717837226001,1,0,1.4703206181510644,0,1,0,1,0,0,2,1.383774044466594,-0.6983823683029177
1,0,1,-0.8295205827584317,1,0,-0.291090366193192,0,1,0,0,1,0,0,-0.8585443603770172,-0.2770929480396611
0,0,0,0.3513699651224484,1,0,-1.45428629925072,0,1,0,1,0,0,1,-0.8246099311397177,1.1639689820314825
1,0,0,1.3286586944031769,1,0,1.4703206181510644,1,1,0,0,0,1,2,1.912551073818086,-0.15469444702927038
0,0,0,-0.4630373092781585,1,0,0.4732955326731833,0,1,0,0,1,0,3,-0.06549041056339239,-0.720572031735834
0,1,0,-1.1552834925186746,1,1,1.1712130925077,1,1,0,1,0,0,3,0.02933493087235768,-1.7684117713990464
0,1,0,1.6137012404433893,1,0,0.8388713973484064,0,1,0,0,0,1,2,1.721257903847282,0.37034808731872354
1,0,1,0.5956921474426305,1,0,-1.3213496211870024,0,1,0,0,0,1,1,-0.5692564904026823,1.4054214234767748
1,0,0,0.4328106925625091,1,0,0.6394663802528302,0,1,0,1,0,0,2,0.7104827755907639,-0.19726443533718752
0,0,1,1.6137012404433893,1,1,1.6032572962147815,0,0,1,0,1,0,2,2.2174809480211493,0.20390773264206574
0,0,0,1.4100994218432374,1,0,1.536788957182923,0,1,0,1,0,0,2,2.032493295175314,-0.1468217750947008
0,0,0,-1.0738427650786138,1,0,0.805637227832477,1,1,0,0,0,1,3,-0.24687454763801864,-1.393692143024184
0,0,0,1.125056875803025,1,0,0.174188007029819,0,1,0,1,0,0,2,0.8697485512254611,0.5880640736129485
1,1,0,0.3106496014024181,1,1,1.1047447534758412,0,1,0,1,0,0,2,1.013387113966811,-0.6822697955681244
0,0,1,1.369379058123207,1,0,0.8721055668643357,0,0,1,1,0,0,2,1.551114520921627,0.5200921603704199
1,1,0,0.7992939660427822,0,0,-0.5237295528046976,1,1,0,1,0,0,1,0.14788631913198225,0.840729060737178
0,0,0,-1.2774445836787656,1,1,0.971808075412124,1,0,1,0,0,1,3,-0.2544502111704678,-1.5594692139593072
0,0,1,1.0436161483629645,1,1,0.9385739058961944,1,0,1,1,0,0,2,1.375791170165128,0.2560972355398849
0,0,1,1.6137012404433893,0,0,-0.0252170100657571,0,1,0,1,0,0,1,1.0255673763228537,1.299139937669307
1,1,0,0.1070477828022663,1,0,1.0050422449280532,1,1,0,0,1,0,3,0.7638681332653242,-0.7598355023603525
0,0,0,1.6137012404433893,1,1,-1.4875204687666492,0,0,1,1,0,0,1,0.0586436417785607,2.158494601219367
0,0,0,0.758573602322752,1,1,0.1409538375138897,0,1,0,0,1,0,2,0.5665259478278848,0.3692760805339859
1,0,0,1.4915401492832985,1,1,-1.5207546382825785,0,0,1,1,0,0,1,-0.05143804406106969,2.1129246387805685
1,0,0,1.4915401492832985,1,0,1.1712130925077,0,0,1,1,0,0,2,1.842400307537891,0.25881709949891474
0,0,0,-0.8702409464784621,1,1,-1.4875204687666492,0,0,1,0,1,0,0,-1.7182404666659536,0.4293143522589142
1,0,1,-1.2774445836787656,0,0,-1.3545837907029317,0,1,0,0,1,0,0,-1.9772090299914613,0.2137182503606609
1,1,0,-1.1960038562387048,1,0,1.3373839400873468,1,0,1,1,0,0,3,0.12175170476004053,-1.8215699457224765
0,0,0,0.188488510242327,1,0,1.1379789229917707,1,1,0,1,0,0,2,0.8911954768157333,-0.7265034242856663
1,1,0,-1.1552834925186746,0,0,-1.3213496211870024,1,0,1,1,0,0,0,-1.7794549201902103,0.10382728224419441
1,1,0,1.4100994218432374,1,0,1.0050422449280532,0,0,1,1,0,0,2,1.721092835756784,0.22600461740163352
1,0,1,-0.3001558543980371,1,0,0.7059347192846889,0,1,0,0,0,1,3,0.23179298013057187,-0.6096290817314373
1,0,0,1.6137012404433893,1,1,0.9053397363802652,0,0,1,1,0,0,2,1.747627073691518,0.5353848499477835
1,0,1,-0.9924020376385532,1,0,-0.4572612137728389,0,0,1,1,0,0,0,-1.0502866198945433,-0.2009902330069407
0,0,0,-0.9109613101984924,1,0,0.5065297021891128,1,0,1,1,0,0,3,-0.31702531391821404,-0.9801805964959992
1,0,0,-1.0738427650786138,1,0,-1.4875204687666492,0,0,1,1,0,0,0,-1.8403203256165515,0.28975633070489415
1,1,1,0.7992939660427822,1,0,0.5397638717050421,0,1,0,0,0,1,2,0.941522100962897,0.1821498465014038
1,0,1,1.5322605130033284,1,0,-1.3213496211870024,0,1,0,0,1,0,1,0.07604978009475565,2.0782284041847654
0,1,0,1.5322605130033284,1,1,0.9053397363802652,0,1,0,0,1,0,2,1.7040814417113808,0.29577897162334904
1,0,0,1.0436161483629645,1,1,-1.3213496211870024,0,1,0,0,1,0,1,-0.2660752320044428,1.5875304629927112
1,0,0,1.5322605130033284,1,1,0.4068271936413246,0,0,1,1,0,0,2,1.3383082158377946,0.8201964114493986
0,0,1,1.6137012404433893,1,1,-1.4875204687666492,0,0,1,1,0,0,1,0.06388543428937905,2.3170181959454994
0,0,1,1.369379058123207,1,1,-0.5237295528046976,0,0,1,1,0,0,1,0.5724917417564903,1.485831869619715
0,0,1,-0.6666391278783103,0,0,-0.9557737565117794,0,0,1,1,0,0,0,-1.2248936006631006,0.4258793159055501
0,0,1,0.1070477828022663,1,0,-0.1913878576454039,0,0,1,1,0,0,1,-0.08818105086283594,0.36754957078678735
0,1,0,1.3286586944031769,1,0,1.0050422449280532,0,1,0,0,0,1,2,1.6379981940501445,0.057415469834359946
0,1,0,-1.2367242199587352,1,0,-0.6899004003843444,0,0,1,1,0,0,0,-1.3377504358227086,-0.4774596664077431
0,0,0,-0.0965540357978854,1,0,-0.5237295528046976,0,1,0,0,1,0,0,-0.5115944813061973,0.21869551658779562
1,0,0,-0.748079855318371,1,1,0.8388713973484064,1,1,0,0,0,1,3,0.012192666098789273,-1.163007485594472
1,0,1,-1.0331224013585834,1,0,-1.4875204687666492,0,1,0,0,1,0,0,-1.8466409060715632,0.4007679622515936
1,0,0,-1.2367242199587352,1,0,0.4732955326731833,1,1,0,0,0,1,3,-0.5968162613442736,-1.2626883312493917
1,0,0,1.369379058123207,1,0,0.6727005497687596,0,0,1,0,0,1,2,1.389375111670313,0.5016789160700209
1,0,0,-1.1960038562387048,1,1,-1.45428629925072,0,0,1,0,1,0,0,-1.9246701917261482,0.19601613238753346
1,0,1,-1.2774445836787656,1,0,-1.4875204687666492,1,1,0,0,1,0,0,-2.0185795114398597,0.23016284287294753
0,0,0,1.4508197855632678,1,1,-0.0252170100657571,0,0,1,1,0,0,2,0.9765688070993955,1.0424967133919674
0,0,0,-0.9109613101984924,1,0,0.7059347192846889,1,1,0,0,0,1,3,-0.20265000860534618,-1.211619409846187
0,0,1,0.6771328748826912,1,1,1.1712130925077,1,0,1,1,0,0,2,1.2821527238315749,-0.15926107968773828
0,0,0,-0.3815965818380978,1,1,-1.4875204687666492,0,0,1,0,1,0,0,-1.3743632559293615,0.770524591016206
0,1,0,-0.7888002190384014,1,0,1.071510583959912,0,1,0,0,0,1,3,0.19479774611126005,-1.4667195560642823
1,0,1,1.3286586944031769,1,1,-1.4875204687666492,0,0,1,1,0,0,1,-0.13735492250260745,2.1349328249457487
0,1,1,-0.1779947632379461,0,0,-0.9557737565117794,0,1,0,1,0,0,0,-0.839052850112685,0.596000853017511
0,1,0,-1.2367242199587352,1,0,0.8388713973484064,1,1,0,1,0,0,3,-0.26964258833036964,-1.6065294137314114
1,0,0,-0.9516816739185228,1,0,0.3735930241253952,0,1,0,1,0,0,3,-0.45157251584164815,-0.9817974800146715
1,0,0,0.880734693482843,1,1,1.5035547876669937,0,1,0,1,0,0,2,1.642841258203402,-0.46769771087320583
1,0,1,-0.3001558543980371,1,0,-0.0916853490976158,0,0,1,1,0,0,3,-0.30498951245944567,0.03182565317214724
0,0,1,-0.5444780367182193,1,1,-1.4875204687666492,0,1,0,0,0,1,0,-1.48133267024342,0.715239468601738
1,0,1,1.5729808767233588,1,0,0.6727005497687596,0,1,0,1,0,0,2,1.5415717924468062,0.7346377208474375
1,0,0,0.1477681465222966,1,1,-1.4875204687666492,0,1,0,0,0,1,1,-1.0000603980730398,1.057050980390438
0,0,0,-0.3001558543980371,1,1,-1.3213496211870024,1,0,1,0,1,0,0,-1.1997150576740543,0.7134996525998112
0,0,0,1.0843365120829946,1,0,0.5397638717050421,0,1,0,0,1,0,2,1.0703882220221674,0.31436973304521276
1,0,1,1.5729808767233588,1,0,-1.3545837907029317,0,0,1,1,0,0,1,0.12145795555684309,2.205387402798936
0,1,0,0.5549717837226001,1,1,1.0050422449280532,1,0,1,0,1,0,2,1.0981054047780976,-0.37372621168514547
0,0,1,-0.6666391278783103,1,1,0.1077196679979603,0,0,1,1,0,0,3,-0.41445571640898704,-0.3686720423975862
0,0,1,0.6771328748826912,1,1,1.0382764144439829,1,0,1,0,0,1,2,1.1732345562064037,-0.08166198882105116
1,0,1,-0.3408762181180675,1,1,0.6727005497687596,0,0,1,1,0,0,3,0.213090561537075,-0.511481874195597
0,0,0,-1.2367242199587352,0,0,-0.7231345699002738,1,0,1,1,0,0,0,-1.4670560106477184,-0.290173526863744
0,0,1,1.0436161483629645,1,1,0.0744854984820309,0,1,0,0,0,1,2,0.7392203647630633,0.7535756160624015
1,0,0,-1.2774445836787656,1,1,0.805637227832477,0,1,0,0,0,1,3,-0.3838080448256942,-1.5098732486063497
0,1,0,0.5142514200025698,1,0,0.7059347192846889,0,1,0,0,1,0,2,0.8398741991028841,-0.2874396108945801
1,0,0,-1.2774445836787656,1,0,-0.4904953832887682,1,0,1,1,0,0,0,-1.2795905179615488,-0.535774471366305
1,1,0,-0.9924020376385532,0,0,-0.7231345699002738,0,1,0,1,0,0,0,-1.2537991826612405,-0.27370317418842666
0,0,0,-0.4223169455581282,1,0,0.8388713973484064,1,1,0,1,0,0,3,0.2501453697564178,-0.9480082619555829
1,0,0,1.369379058123207,1,0,1.7029598047625698,0,1,0,1,0,0,2,2.120526873550832,-0.27219533825841613
1,0,0,-0.9924020376385532,1,0,0.3071246850935365,1,0,1,0,1,0,3,-0.5446275158625064,-0.8781179294399657
1,0,1,1.6137012404433893,1,1,1.3706181096032763,0,0,1,0,1,0,2,2.052566169106617,0.38031230374372216
0,0,1,0.5956921474426305,1,0,-0.0252170100657571,0,1,0,0,1,0,1,0.332812682479085,0.5189203482589282
1,0,0,-1.1552834925186746,1,0,0.2406563460616778,1,1,0,0,1,0,3,-0.7175645713547644,-1.0275486322070075
0,0,0,-0.1372743995179157,1,0,0.4732955326731833,1,1,0,1,0,0,3,0.1926026837945053,-0.4984036706200869
0,0,0,1.6137012404433893,1,0,1.7029598047625698,0,1,0,1,0,0,2,2.293110796114769,-0.11854415382177264
0,0,0,-0.6666391278783103,1,0,0.6727005497687596,1,1,0,1,0,0,3,-0.03912856541108668,-1.0047200697916185
1,0,0,-1.2367242199587352,1,1,0.5065297021891128,0,1,0,0,0,1,3,-0.5663552042362197,-1.276431101266544
1,0,0,1.4508197855632678,1,0,0.2074221765457484,0,1,0,1,0,0,2,1.1218217738140568,0.8097128387512903
1,1,0,0.0256070553622056,1,0,-1.3213496211870024,0,0,1,1,0,0,0,-0.8959205451858099,0.8537486358525149
0,0,1,1.1657772395230557,1,1,-1.5207546382825785,1,0,1,1,0,0,1,-0.27480240817900536,2.027020806059838
0,0,0,-0.3815965818380978,1,0,0.4732955326731833,1,1,0,0,1,0,3,-0.008177542107293559,-0.6637036586096187
1,0,1,-0.5444780367182193,1,1,-0.5237295528046976,0,0,1,0,1,0,0,-0.8038476046909738,0.17168416748477183
1,0,1,-0.7888002190384014,0,0,-0.7896029089321326,0,0,1,1,0,0,0,-1.1941728907436813,0.24363737961561943
0,0,0,-0.4630373092781585,1,0,0.7059347192846889,1,1,0,1,0,0,3,0.12762067168900182,-0.8853277992846024
0,1,0,1.2064976032430856,1,1,1.3373839400873468,0,0,1,1,0,0,2,1.8201206325588066,-0.15187098114975744
0,0,0,-0.1372743995179157,1,0,-1.3213496211870024,0,1,0,0,0,1,0,-1.0896687818227484,0.7181285356727016
1,0,1,0.2292088739623573,1,0,1.2044472620236295,0,1,0,0,0,1,2,0.9563326144928385,-0.5816645910388683
0,1,0,-0.055833672077855,1,1,0.3071246850935365,1,0,1,1,0,0,3,0.20429212673418523,-0.3271922330419119
0,0,0,-1.2774445836787656,1,0,-0.6899004003843444,1,1,0,0,0,1,0,-1.4461746869711396,-0.5108232719562312
1,0,1,1.5729808767233588,1,1,0.0412513289661016,0,0,1,1,0,0,2,1.114068717018404,1.2577194781323815
1,0,1,-1.1552834925186746,1,0,-1.4875204687666492,0,0,1,1,0,0,0,-1.892391401561832,0.3914115523048115
0,0,0,-1.1552834925186746,1,1,-0.0252170100657571,0,0,1,1,0,0,3,-0.8574429834957643,-0.7772912266469229
0,0,0,1.4915401492832985,1,0,1.1379789229917707,0,1,0,1,0,0,2,1.8082013721133134,0.18339054573377903
1,0,0,1.2879383306831464,1,0,0.5397638717050421,0,1,0,0,1,0,2,1.2130250759667733,0.4734946008027535
1,0,0,1.125056875803025,1,0,0.4732955326731833,0,1,0,0,1,0,2,1.0514652071348924,0.4053151791673671
1,0,0,1.247217966963116,1,1,1.3373839400873468,0,0,1,0,1,0,2,1.7659494025835127,-0.011340307741857451
1,0,0,0.1070477828022663,1,1,-1.5207546382825785,0,0,1,1,0,0,1,-1.0257568078147488,1.1461622956349082
1,1,0,-0.62591876415828,1,0,0.3735930241253952,1,1,0,0,0,1,3,-0.184030219328858,-0.8576769663908866
0,0,0,1.247217966963116,1,1,1.071510583959912,0,0,1,0,1,0,2,1.5788581921004203,0.15393505578431635
1,1,0,-0.5444780367182193,1,1,0.0412513289661016,0,0,1,1,0,0,3,-0.32796692887678147,-0.4692192383890253
1,0,0,-0.4630373092781585,1,0,1.536788957182923,1,1,0,1,0,0,3,0.7136520034894019,-1.4378404220556504
0,1,1,1.002895784642934,1,0,1.0050422449280532,0,1,0,1,0,0,2,1.4290384165223724,0.0019811304230321763
1,0,0,-0.9924020376385532,1,1,-0.4904953832887682,0,0,1,1,0,0,0,-1.0720014872169907,-0.3276992731331814
1,0,0,-1.0738427650786138,1,0,-1.45428629925072,0,0,1,1,0,0,0,-1.8168532596567097,0.26697766839637216
0,0,0,1.369379058123207,0,0,-0.1249195186135452,0,1,0,0,1,0,1,0.7491441600307115,1.0436523418792083
0,0,1,1.247217966963116,1,1,0.3735930241253952,0,0,1,0,0,1,2,1.105083316202262,0.7719898692328967
1,0,1,-0.1779947632379461,1,1,0.9053397363802652,0,1,0,1,0,0,3,0.4806085735077871,-0.6384470452344758
0,0,0,-0.3815965818380978,1,0,0.3403588546094659,0,1,0,1,0,0,3,-0.07320418541315746,-0.5778941407646448
0,0,0,-0.1372743995179157,1,0,-1.4875204687666492,0,1,0,1,0,0,0,-1.1919542078361518,0.8455374055827125
1,1,0,-0.5851984004382496,1,0,0.5397638717050421,0,1,0,1,0,0,3,-0.022988551515795444,-0.9296205330029885
1,0,0,0.8400143297628127,0,0,-0.6234320613524857,0,0,1,1,0,0,1,0.0641780156666837,1.108587935871183
0,0,1,-0.9109613101984924,1,1,0.174188007029819,0,1,0,1,0,0,3,-0.5508373765179772,-0.6660857675249314
1,0,0,0.2699292376823877,1,0,-0.4904953832887682,0,1,0,1,0,0,1,-0.2020232039560496,0.4634733369001307
0,0,0,-0.62591876415828,1,0,0.3403588546094659,0,1,0,0,0,1,3,-0.2601926945672586,-0.7620148185106915
1,0,1,0.188488510242327,1,1,0.8721055668643357,0,0,1,1,0,0,2,0.7264266022607667,-0.27850942272632956
0,0,1,0.0256070553622056,1,0,-1.4875204687666492,0,1,0,0,0,1,1,-1.087136582198941,1.1042821881938751
0,0,1,-0.5444780367182193,1,0,0.805637227832477,0,0,1,0,1,0,3,0.12848635975012074,-0.7654521520894817
0,0,0,-1.0331224013585834,1,1,-0.1249195186135452,0,1,0,0,0,1,3,-0.8683019691373229,-0.7184195195310896
0,0,1,-0.9516816739185228,1,1,0.2738905155776072,1,0,1,0,1,0,3,-0.526557046739627,-0.6762995284928357
1,1,0,1.0843365120829946,0,1,-0.0252170100657571,0,1,0,1,0,0,1,0.7074813392741649,0.7071243243424713
0,0,1,0.9214550572028734,1,0,1.3041497705714176,0,1,0,1,0,0,2,1.5295884152306485,-0.1700577829662057
0,0,0,-1.1552834925186746,1,0,0.971808075412124,1,1,0,1,0,0,3,-0.17180218250910434,-1.5509382693256089
1,0,1,1.002895784642934,1,1,-1.45428629925072,0,0,1,1,0,0,1,-0.3431393303671609,1.8846806701323655
0,0,0,1.4508197855632678,1,1,1.6697256352466403,0,0,1,1,0,0,2,2.1733891710513196,-0.11921506434265586
0,0,0,1.2879383306831464,1,0,0.3071246850935365,0,1,0,1,0,0,2,1.0782425519770251,0.6106861706312912
0,0,1,1.6137012404433893,1,0,1.270915601055488,0,1,0,0,0,1,2,1.9782308273618412,0.3225864925477457
0,1,0,-0.9924020376385532,1,0,0.6394663802528302,1,1,0,1,0,0,3,-0.23850637872112335,-1.2992523205016335
1,0,0,-1.2774445836787656,1,0,-0.6234320613524857,0,1,0,0,0,1,0,-1.3998858722470973,-0.5394266616312728
1,0,1,1.4915401492832985,1,0,1.0050422449280532,0,1,0,1,0,0,2,1.718929583589124,0.4499827246360024
0,0,0,0.9621754209229036,1,1,0.5065297021891128,0,0,1,1,0,0,2,1.0081646517202694,0.33682787769832295
1,0,0,-0.9516816739185228,1,0,0.0080171594501722,0,1,0,0,1,0,3,-0.7385518619334088,-0.725927063231815
0,0,0,1.0843365120829946,1,1,0.5065297021891128,0,0,1,1,0,0,2,1.0941339544044173,0.42213043738764583
0,0,0,-0.8295205827584317,1,0,0.5065297021891128,0,0,1,1,0,0,3,-0.2597124454621152,-0.9233122233697838
1,0,1,-1.1552834925186746,1,1,0.6727005497687596,1,0,1,1,0,0,3,-0.36003812302391247,-1.08016560545775
0,1,0,-1.1960038562387048,1,1,0.174188007029819,1,1,0,0,1,0,3,-0.7321751026844436,-1.108180957317379
1,0,0,-1.2774445836787656,1,0,-0.4572612137728389,0,1,0,1,0,0,0,-1.2675006386620844,-0.6398044148064822
1,0,0,-0.1372743995179157,1,0,1.1379789229917707,0,1,0,1,0,0,3,0.6612986857956974,-0.9370229818485251
0,0,0,1.5729808767233588,1,0,0.6394663802528302,0,0,1,1,0,0,2,1.5248854378321643,0.6631901346194796
0,0,1,-0.3815965818380978,1,0,-0.2246220271613333,0,1,0,0,1,0,0,-0.4957441347531498,-0.026828155404523372
1,0,1,-1.0738427650786138,1,0,-1.288115451671073,0,1,0,1,0,0,0,-1.7056533240070604,0.23035667044823963
0,0,1,0.188488510242327,1,0,-1.5207546382825785,0,1,0,0,1,0,1,-1.009769627994283,1.2596182865113426
1,0,0,-0.3408762181180675,1,1,0.3071246850935365,0,0,1,0,0,1,3,-0.0653388603178062,-0.43295574189538816
0,0,0,0.6771328748826912,1,1,1.2044472620236295,0,1,0,0,1,0,2,1.2601591900867188,-0.4165094864649342
0,0,0,-0.8702409464784621,1,1,1.0382764144439829,1,0,1,1,0,0,3,0.09409816681551421,-1.3071691145778739
1,0,0,0.4735310562825394,1,0,1.1712130925077,0,0,1,0,1,0,2,1.097147831303154,-0.44673243318966277
0,0,0,-0.8702409464784621,1,1,-1.3213496211870024,0,1,0,0,0,1,0,-1.598490606779425,0.21534906982813393
1,0,1,0.4328106925625091,0,1,-1.188412943123285,0,0,1,0,1,0,1,-0.6379322848055902,1.3843479478915977
0,0,0,-1.2774445836787656,1,1,-0.4572612137728389,1,1,0,0,0,1,0,-1.2749112341040358,-0.6612380158245152
0,0,1,-0.3815965818380978,1,1,-1.3545837907029317,0,0,1,1,0,0,0,-1.246411579045674,0.8326284051191363
0,1,0,-0.3001558543980371,1,0,0.174188007029819,0,1,0,0,0,1,3,-0.09493582406787185,-0.5104854349768958
1,1,0,-0.748079855318371,1,1,0.3403588546094659,0,0,1,1,0,0,3,-0.2600455063784535,-0.8163981319812618
0,0,0,-0.9109613101984924,1,0,0.5065297021891128,1,1,0,1,0,0,3,-0.32840250057859116,-1.0614318776276543
1,0,1,-0.2187151269579764,1,0,0.5397638717050421,0,1,0,0,1,0,3,0.15797880203976467,-0.4200467073060969
1,0,0,-1.1960038562387048,1,1,1.3373839400873468,1,0,1,1,0,0,3,0.07540496943405288,-1.7226966329174307
1,0,0,-0.9109613101984924,1,0,-1.288115451671073,0,1,0,0,1,0,0,-1.6251110001391835,0.19087495336365168
1,1,0,-1.1145631287986442,0,0,-0.6566662308684151,0,1,0,0,0,1,0,-1.30788425721151,-0.4180786168621942
1,0,1,0.6364125111626608,1,0,-1.288115451671073,0,1,0,1,0,0,1,-0.5020830864289866,1.4245925060987612
0,1,0,-1.0331224013585834,1,1,0.0080171594501722,0,0,1,0,0,1,3,-0.7097157921633793,-0.818120308147198
0,0,0,0.4735310562825394,0,0,-0.5237295528046976,0,1,0,1,0,0,1,-0.13406056397097188,0.68613905380399
0,0,0,-1.1552834925186746,1,0,0.4068271936413246,1,1,0,0,0,1,3,-0.5857922076122173,-1.1772165684481348
1,0,0,0.188488510242327,1,0,1.1379789229917707,1,0,1,1,0,0,2,0.9019273462804694,-0.6282982082120087
0,0,0,-0.7888002190384014,1,0,-1.5207546382825785,0,1,0,0,0,1,0,-1.688974125230588,0.3998535245141113
0,0,0,0.2699292376823877,1,1,-0.1913878576454039,0,0,1,0,1,0,1,-0.0006447358467471104,0.33710374599356946
1,0,0,0.3920903288424788,1,0,-0.291090366193192,0,1,0,1,0,0,1,0.024748494487148456,0.4121039227383216
0,0,1,0.5549717837226001,1,0,1.3373839400873468,1,1,0,1,0,0,2,1.2951475731380457,-0.44874412434269667
1,0,1,-0.6666391278783103,1,1,-0.291090366193192,0,0,1,1,0,0,0,-0.6967058251227276,-0.07837415975331949
1,0,1,0.880734693482843,0,0,-0.6234320613524857,0,0,1,0,0,1,1,0.08302633861974655,1.2820301587930225
1,0,0,0.0256070553622056,1,1,0.0412513289661016,0,1,0,1,0,0,3,0.008505237181332712,-0.06255448712349754
0,0,0,-0.4223169455581282,0,1,-0.4572612137728389,0,0,1,0,0,1,0,-0.7142467110455903,0.09180123985420219
1,0,0,0.1070477828022663,1,0,0.805637227832477,0,1,0,0,0,1,3,0.5835167277797723,-0.5521467977520597
0,0,0,-1.1552834925186746,1,0,-1.45428629925072,1,1,0,1,0,0,0,-1.8848979975775448,0.11190407919649911
1,0,0,0.1477681465222966,1,0,-1.45428629925072,0,0,1,0,1,0,1,-0.9860018533487311,1.125308396678716
1,0,1,-0.3001558543980371,1,0,-0.3575587052250508,0,0,1,1,0,0,0,-0.4927260401381789,0.21405495164032348
0,0,0,-1.1960038562387048,1,1,0.2074221765457484,0,0,1,1,0,0,3,-0.7218299560049221,-0.9651760493696845
1,0,0,-0.4223169455581282,1,1,1.2044472620236295,1,0,1,1,0,0,3,0.5260089559276244,-1.0913324389842973
0,0,1,-0.6666391278783103,1,0,1.2044472620236295,0,1,0,0,1,0,3,0.3127446619236953,-1.2053499406127242
0,1,0,0.7178532386027215,1,0,1.4038522791192056,0,0,1,0,1,0,2,1.4873419420601826,-0.5423693054263492
0,0,0,-0.9109613101984924,1,1,-1.45428629925072,0,0,1,1,0,0,0,-1.6945882144006592,0.37279637199817045
0,0,0,-0.3001558543980371,1,1,0.3071246850935365,1,1,0,0,0,1,3,-0.04741429555449296,-0.5027267714059381
1,1,0,-0.0151133083578247,1,1,1.0382764144439829,1,0,1,0,1,0,3,0.7197370743496074,-0.7776295509351725
0,0,1,1.247217966963116,1,0,-1.5207546382825785,0,1,0,0,1,0,1,-0.26470233806499893,1.9989071371521416
1,0,1,-1.1145631287986442,1,0,-0.5237295528046976,0,0,1,1,0,0,0,-1.1831900544983747,-0.24073546807921953
1,1,0,0.4735310562825394,0,0,-1.1551787736073555,1,1,0,0,1,0,1,-0.5560810284629067,1.0513552834833495
0,1,0,-0.6666391278783103,1,1,1.0382764144439829,1,1,0,0,1,0,3,0.2505022572360812,-1.3307817520185525
0,0,0,-0.0965540357978854,1,1,1.3706181096032763,0,0,1,0,0,1,3,0.8581911729610637,-1.0082217513314493
0,0,0,0.9214550572028734,1,1,-0.6566662308684151,0,1,0,0,0,1,1,0.1317338184515806,1.0108800324344305
0,1,1,1.1657772395230557,1,0,0.0080171594501722,0,1,0,0,1,0,2,0.8108105541058181,0.8043828773202379
1,0,1,-1.2774445836787656,1,0,-1.4875204687666492,1,0,1,1,0,0,0,-1.9783607042459803,0.3061089926154885
0,0,0,0.880734693482843,1,0,0.971808075412124,0,0,1,0,1,0,2,1.243555095020239,-0.04267252864945655
1,0,0,-0.9109613101984924,1,0,0.174188007029819,1,1,0,0,1,0,3,-0.5925600979061513,-0.8113861882113175
1,0,1,0.3106496014024181,1,1,-0.3243245357091214,1,0,1,0,1,0,1,-0.06126009014288698,0.6321301114589004
0,0,1,0.758573602322752,1,1,0.4732955326731833,0,0,1,0,1,0,2,0.8178155865974966,0.38126433330655374
1,0,0,1.2879383306831464,1,0,1.1379789229917707,0,1,0,1,0,0,2,1.6642738837774254,0.058173547860242904
1,0,0,1.6137012404433893,1,1,-1.288115451671073,0,0,1,0,1,0,1,0.16995909980846702,2.0440816936993516
0,0,1,0.8400143297628127,1,1,-1.4875204687666492,0,0,1,0,1,0,1,-0.5094284365770617,1.7820737826355686
1,0,0,-1.1960038562387048,0,0,-1.3213496211870024,1,0,1,0,1,0,0,-1.8902937014259624,0.17053564758387674
1,1,0,-1.2774445836787656,1,0,0.174188007029819,0,1,0,1,0,0,3,-0.7682856589508931,-1.1624364191820764
1,0,1,-0.7888002190384014,1,1,0.6394663802528302,1,0,1,0,1,0,3,-0.1544389014648124,-0.796174132692145
0,0,0,0.2699292376823877,0,0,-0.4572612137728389,1,1,0,1,0,0,1,-0.2304086031915355,0.4984107963714078
0,0,0,-0.9516816739185228,1,0,0.4400613631572539,1,0,1,1,0,0,3,-0.3926158800659469,-0.9630574584420627
1,0,0,-0.4223169455581282,1,1,-1.3213496211870024,0,1,0,0,0,1,0,-1.2839151474665227,0.5450790569643205
1,1,0,0.880734693482843,1,0,1.1379789229917707,0,1,0,1,0,0,2,1.4310502679711317,-0.3160057382845094
1,0,0,-0.1372743995179157,0,0,-0.9557737565117794,0,0,1,1,0,0,0,-0.8582470654049177,0.6539540814418193
1,0,0,1.6137012404433893,1,1,1.7694281437944286,1,1,0,0,0,1,2,2.3313436982012186,-0.15162720957284495
1,0,0,1.6137012404433893,1,0,0.5065297021891128,0,0,1,1,0,0,2,1.4590282910252064,0.7996929053586778
1,0,0,0.5956921474426305,1,0,1.5035547876669937,1,1,0,1,0,0,2,1.4352522274588442,-0.6757729091063295
0,0,1,-0.1779947632379461,1,1,-0.4904953832887682,0,0,1,1,0,0,0,-0.49298569294954414,0.38255411791310207
1,0,0,-1.1960038562387048,0,1,-1.1551787736073555,0,0,1,1,0,0,0,-1.7371227599450394,0.06037309694352243
1,1,1,0.7178532386027215,1,0,0.3403588546094659,0,0,1,1,0,0,2,0.7698339271939302,0.35672028672537665
1,0,0,-1.2367242199587352,1,1,1.0050422449280532,1,1,0,0,0,1,3,-0.21434921483859495,-1.6181110358943742
1,0,0,-1.2367242199587352,1,0,0.2074221765457484,0,0,1,1,0,0,3,-0.7581256985768248,-0.9856921932821597
0,0,0,1.5322605130033284,1,0,1.5035547876669937,1,1,0,1,0,0,2,2.0949955318996207,-0.03874055309685593
1,0,0,0.758573602322752,1,0,0.7391688888006183,0,0,1,1,0,0,2,1.0215126339550606,0.043124351373762956
1,1,0,1.3286586944031769,1,0,1.3041497705714176,0,1,0,1,0,0,2,1.8636063742788829,-0.11712299763293524
1,0,0,-1.2774445836787656,1,0,0.8721055668643357,1,1,0,0,1,0,3,-0.35765962080192104,-1.545645775758249
0,0,1,-0.7888002190384014,0,1,-1.1551787736073555,0,0,1,1,0,0,0,-1.4446713079580864,0.48628462235872927
0,0,0,-0.9109613101984924,1,1,1.1047447534758412,1,0,1,1,0,0,3,0.1123758645071478,-1.3811606257580253
0,0,0,-1.0331224013585834,1,0,0.2074221765457484,1,1,0,0,1,0,3,-0.6544170174348167,-0.9364213451511648
1,0,0,-1.1960038562387048,1,1,-1.5207546382825785,0,0,1,0,1,0,0,-1.9716043236458312,0.24157345700457739
1,0,0,0.5549717837226001,0,1,-1.0222420955436382,0,0,1,1,0,0,1,-0.4110278242995495,1.1919284699230637
1,0,0,0.9621754209229036,1,1,0.3735930241253952,0,1,0,0,1,0,2,0.8734322634913823,0.3689503121318726
0,0,1,1.1657772395230557,1,0,1.6697256352466403,0,1,0,1,0,0,2,1.9596647461572028,-0.25001794898130164
1,0,1,0.7992939660427822,1,0,0.9385739058961944,0,1,0,0,0,1,2,1.1697861660067965,-0.0013566806871846762
0,0,0,0.3513699651224484,1,1,0.174188007029819,1,1,0,1,0,0,2,0.3322702920407351,0.05685042120527324
0,0,0,1.4508197855632678,1,0,-1.288115451671073,0,1,0,1,0,0,1,0.06644912281682376,1.817798707692779
0,0,1,0.3513699651224484,1,0,0.4400613631572539,0,0,1,1,0,0,2,0.5296318077424516,0.10536010630351489
1,0,1,0.7178532386027215,1,0,0.174188007029819,0,0,1,1,0,0,2,0.5991578709205219,0.5604510187816625
0,0,0,1.5729808767233588,1,1,1.6697256352466403,0,0,1,1,0,0,2,2.259358473735468,-0.03391250465333299
1,0,0,-0.4223169455581282,1,1,0.6062322107369008,0,0,1,0,1,0,3,0.074760148116972,-0.6760113860417867
1,0,1,1.0843365120829946,1,0,-1.4875204687666492,0,1,0,0,0,1,1,-0.34271460946529797,1.8605249737766767
1,0,1,-1.0738427650786138,1,1,0.174188007029819,0,1,0,1,0,0,3,-0.6661084306258155,-0.7628685788353595
0,0,1,0.0256070553622056,1,1,-1.3545837907029317,1,1,0,0,1,0,1,-1.0000660439590598,1.0410241210076718
0,0,1,-0.62591876415828,1,0,-1.3545837907029317,1,1,0,1,0,0,0,-1.4367213622225594,0.5717361123174651
1,0,1,0.6771328748826912,1,0,-0.1581536881294745,0,1,0,0,1,0,1,0.29561196990017635,0.683857305561234
1,1,0,-0.62591876415828,1,0,1.1712130925077,1,1,0,1,0,0,3,0.39422926749314635,-1.3908493034280145
1,0,1,-0.7073594915983407,1,1,0.0080171594501722,0,0,1,1,0,0,3,-0.5141586657122024,-0.31181630709312536
1,0,1,-0.9924020376385532,1,1,-1.4875204687666492,0,0,1,1,0,0,0,-1.7707716735014223,0.5141841908486121
1,0,0,-0.4223169455581282,1,0,0.0080171594501722,0,0,1,1,0,0,3,-0.32579940977488725,-0.2803364881688746
1,0,1,0.758573602322752,1,0,-1.3213496211870024,0,0,1,1,0,0,1,-0.42820366304430274,1.6139250092282613
0,0,0,0.4328106925625091,1,0,0.9053397363802652,0,0,1,1,0,0,2,0.9102418071255151,-0.315196387615711
1,0,0,-1.1960038562387048,0,0,-1.3213496211870024,0,1,0,1,0,0,0,-1.8728292675528369,0.08397923506310734
0,1,1,0.6364125111626608,1,1,1.3041497705714176,0,0,1,0,1,0,2,1.3718636593835898,-0.36334220460949573
0,0,1,0.0663274190822359,1,1,-0.1249195186135452,0,1,0,0,0,1,3,-0.08933645246917177,0.2078271123989498
1,1,1,0.3513699651224484,1,0,1.5700231266988525,1,1,0,0,1,0,2,1.3399886524617468,-0.8179440475004482
0,0,1,1.4100994218432374,1,1,1.5700231266988525,0,0,1,0,1,0,2,2.050731710921061,0.08451546213504929
0,0,1,-0.5444780367182193,1,0,0.3735930241253952,0,1,0,0,0,1,3,-0.1741709676405,-0.5694015129668654
0,0,1,1.247217966963116,1,0,1.1712130925077,0,1,0,1,0,0,2,1.6649716252156768,0.14853035877274362
0,0,0,-0.5851984004382496,1,1,0.6727005497687596,1,0,1,1,0,0,3,0.0365554808536014,-0.8575645232423782
0,0,0,-1.2774445836787656,1,0,-1.45428629925072,0,1,0,1,0,0,0,-1.9708673002616928,0.026601519507176236
0,0,0,-0.8702409464784621,1,1,0.971808075412124,1,0,1,0,0,1,3,0.03211413111002599,-1.2751273483282306
1,0,0,-0.0965540357978854,1,0,0.8388713973484064,0,1,0,1,0,0,3,0.47875152638517193,-0.7035808345087192
1,0,0,-0.3815965818380978,1,1,0.3403588546094659,1,0,1,1,0,0,3,-0.05547832480020909,-0.47065303239961703
0,0,0,0.7992939660427822,1,1,1.3373839400873468,1,1,0,0,0,1,2,1.4537884733579312,-0.44114226576621424
1,0,1,-0.7888002190384014,1,1,-1.4875204687666492,0,1,0,0,1,0,0,-1.667708309555055,0.5804089739216094
1,0,1,0.880734693482843,1,0,-0.0584511795816865,0,1,0,1,0,0,1,0.5381369594534507,0.752387120062092
1,0,0,-1.2774445836787656,1,1,-0.556963722320627,0,0,1,0,0,1,0,-1.3345805625188245,-0.4946968128252916
0,0,1,1.4508197855632678,1,0,0.6394663802528302,0,1,0,1,0,0,2,1.4327807409984576,0.6551598885246342
1,0,0,-1.1960038562387048,1,0,-0.0252170100657571,0,1,0,1,0,0,3,-0.9051159127280439,-0.8790586516910531
1,0,1,-1.2774445836787656,1,0,0.1077196679979603,1,0,1,0,1,0,3,-0.8807831587070836,-0.7819616668044544
0,0,0,0.0663274190822359,1,0,-0.0584511795816865,1,1,0,1,0,0,3,-0.039588200422714215,0.00822585913180366
1,0,0,0.6771328748826912,1,1,0.0412513289661016,0,0,1,1,0,0,2,0.4783853714905,0.47364377901788013
0,0,1,-0.3815965818380978,1,0,-1.4875204687666492,0,1,0,1,0,0,0,-1.3586510206936298,0.8334558809301993
0,0,1,0.5549717837226001,1,0,0.6727005497687596,0,1,0,0,1,0,2,0.7969646334077102,0.01213425321685798
1,0,1,0.7178532386027215,1,1,1.437086448635135,0,0,1,0,0,1,2,1.4828504647569118,-0.3096178150182051
1,0,0,-1.2774445836787656,0,1,-0.6566662308684151,1,0,1,1,0,0,0,-1.4424296390035132,-0.33817521081052326
1,0,0,-0.3408762181180675,1,1,0.5065297021891128,0,0,1,1,0,0,3,0.09051343922704853,-0.5561121573791196
1,0,1,1.4508197855632678,1,0,1.6697256352466403,0,1,0,1,0,0,2,2.1596144685579075,-0.034024708097545854
0,0,0,-0.055833672077855,1,1,-1.45428629925072,0,0,1,1,0,0,0,-1.0928030956116221,0.9699142898234311
0,0,1,1.2879383306831464,0,0,-0.4904953832887682,0,1,0,1,0,0,1,0.4677769790606757,1.390567717483754
0,0,1,-0.748079855318371,1,0,0.7391688888006183,1,0,1,1,0,0,3,-0.03288832277630682,-0.86737089167709
1,0,0,1.0843365120829946,0,1,-0.4240270442569095,0,1,0,1,0,0,1,0.37253582128186497,1.0703056925584113
1,0,1,1.6137012404433893,1,0,0.8721055668643357,0,1,0,0,1,0,2,1.6821890019004029,0.6317050649485274
0,0,1,-1.1552834925186746,1,0,1.1047447534758412,1,1,0,1,0,0,3,-0.07269212615891968,-1.483529323833564
0,0,0,-0.0151133083578247,1,0,0.6394663802528302,1,1,0,0,1,0,3,0.367065695744359,-0.5216892910842599
1,1,0,0.6364125111626608,1,0,0.8721055668643357,0,0,1,0,1,0,2,1.0539107010509765,-0.21782514667420966
1,0,0,1.6137012404433893,1,1,1.5035547876669937,0,0,1,0,0,1,2,2.154984357182863,0.11185337002698642
1,0,1,-1.1960038562387048,1,1,0.8388713973484064,0,0,1,1,0,0,3,-0.27135922745275354,-1.2224931035634676
0,0,1,1.6137012404433893,1,0,1.0382764144439829,0,1,0,0,1,0,2,1.8001696488952525,0.5008578184639145
1,0,0,-0.5851984004382496,1,0,0.6394663802528302,0,0,1,0,0,1,3,-0.009600797235898267,-0.8403833766506245
1,1,0,1.6137012404433893,0,0,-0.0584511795816865,0,1,0,1,0,0,1,1.0495539271307526,1.090511519680023
0,1,0,-0.0151133083578247,1,0,0.7059347192846889,1,0,1,0,0,1,3,0.49250945754631725,-0.5946534448398394
0,1,0,-0.7888002190384014,1,0,0.5729980412209714,1,1,0,1,0,0,3,-0.14215833950055987,-1.111524063069051
0,0,1,-1.0331224013585834,0,0,-1.1551787736073555,0,1,0,0,1,0,0,-1.6638227116684743,0.23069746094617238
0,0,1,-1.0738427650786138,1,1,-0.291090366193192,1,0,1,0,0,1,0,-0.9976747539933852,-0.3931855186937992
0,0,0,-1.1552834925186746,1,1,-0.3243245357091214,0,0,1,1,0,0,0,-1.0686465771343392,-0.5722832658702247
0,0,1,-0.7888002190384014,1,1,-1.4875204687666492,0,0,1,1,0,0,0,-1.6268441851655344,0.6394011887221479
1,0,0,1.2879383306831464,1,1,1.3041497705714176,0,1,0,0,0,1,2,1.7735533009390412,-0.060199429758397933
0,0,0,-0.62591876415828,1,1,0.174188007029819,0,1,0,0,0,1,3,-0.3705340332182547,-0.6390856146767113
0,0,1,0.3106496014024181,0,1,-0.4572612137728389,0,0,1,0,1,0,1,-0.2069808191775811,0.7809608824727876
0,0,1,-0.8702409464784621,0,0,-0.4572612137728389,0,1,0,0,0,1,0,-1.0425968728519046,-0.15273839103687448
1,0,0,-1.1145631287986442,1,0,-1.4875204687666492,0,0,1,1,0,0,0,-1.8689767598446008,0.26132214414178645
0,0,1,-0.3815965818380978,1,0,0.7059347192846889,0,0,1,1,0,0,3,0.20155251931629592,-0.5886845503005992
1,0,0,1.4508197855632678,1,1,0.4068271936413246,0,0,1,0,0,1,2,1.2659454435958912,0.7498124799557827
0,0,0,-1.2774445836787656,1,1,0.4732955326731833,0,1,0,0,0,1,3,-0.6178333872284697,-1.2990405604631319
1,0,1,1.6137012404433893,1,0,0.7724030583165477,0,0,1,1,0,0,2,1.6520066112147573,0.7759872016166344
0,0,0,1.002895784642934,0,1,-0.7896029089321326,0,0,1,1,0,0,1,0.06910773112352621,1.3282999510155913
0,1,0,1.125056875803025,1,0,1.7029598047625698,0,1,0,0,1,0,2,1.9737326913188742,-0.5442866817036259
1,1,0,-1.0738427650786138,1,0,-0.6566662308684151,0,1,0,1,0,0,0,-1.2116801368066872,-0.4507989286534873
1,0,1,0.9214550572028734,1,1,0.8388713973484064,0,0,1,0,1,0,2,1.1899337318723116,0.26138972910724445
0,1,0,1.6137012404433893,1,0,1.5035547876669937,0,1,0,0,0,1,2,2.1905992230441145,-0.08522515885171689
1,0,0,1.5322605130033284,1,0,0.1077196679979603,0,1,0,1,0,0,2,1.1087334443906305,0.9349171988030716
1,0,1,-0.62591876415828,1,1,0.805637227832477,1,0,1,1,0,0,3,0.10636378578009593,-0.8016358293714388
1,0,0,-0.9516816739185228,1,1,-0.1581536881294745,0,0,1,1,0,0,3,-0.8086743933905248,-0.5270517096552941
1,0,1,0.758573602322752,1,1,-0.1581536881294745,0,0,1,1,0,0,1,0.4001376366983672,0.8257077207213602
0,0,1,1.4100994218432374,1,1,0.174188007029819,0,0,1,0,1,0,2,1.0651149406077116,1.0412192790929744
0,0,0,-1.2774445836787656,1,0,0.3735930241253952,1,1,0,1,0,0,3,-0.6801786724704021,-1.226224907461535
0,0,0,-1.1960038562387048,0,1,-1.3213496211870024,1,1,0,0,1,0,0,-1.894031579742486,0.0813663238015892
0,0,0,-1.0738427650786138,0,0,-0.4572612137728389,0,0,1,1,0,0,0,-1.1646937460567879,-0.3586660790794896
0,0,1,-0.9109613101984924,1,0,0.0412513289661016,0,0,1,1,0,0,3,-0.6403224448451788,-0.5027557294505581
0,0,0,-0.4630373092781585,1,0,0.7059347192846889,0,1,0,0,1,0,3,0.09877905115549916,-0.8800226678954881
0,0,0,-0.7888002190384014,1,0,0.971808075412124,1,1,0,0,0,1,3,0.07105582175753532,-1.3085461486250405
1,0,0,0.758573602322752,1,0,0.3403588546094659,0,1,0,1,0,0,2,0.7285306557765842,0.23521701794437203
0,0,1,1.5729808767233588,1,0,-1.4875204687666492,0,1,0,1,0,0,1,0.016857822252740226,2.1982968359593666
1,0,0,-1.2774445836787656,1,0,0.5065297021891128,1,1,0,1,0,0,3,-0.5869557258266765,-1.300385621753621
1,1,0,1.3286586944031769,1,1,1.1379789229917707,0,1,0,0,1,0,2,1.7244234150943845,0.011111337590159129
1,0,1,1.3286586944031769,1,0,0.2406563460616778,1,1,0,0,1,0,2,1.0357197090670662,0.8654603428686923
0,0,0,1.2879383306831464,1,0,-1.3545837907029317,0,1,0,1,0,0,1,-0.095110746015057,1.7496192860573925
1,0,0,0.2292088739623573,1,1,0.2074221765457484,0,0,1,1,0,0,3,0.28049992478116487,0.04697441528108581
0,0,0,0.9621754209229036,1,0,1.5035547876669937,0,1,0,1,0,0,2,1.6938054527069295,-0.43681916498036294
0,0,1,-0.9516816739185228,1,0,0.1409538375138897,0,0,1,1,0,0,3,-0.5985776811937034,-0.5995259029392318
0,0,0,0.2292088739623573,1,0,-1.4875204687666492,0,1,0,0,1,0,1,-0.9628879203172102,1.1067502160397955
1,0,1,0.4735310562825394,1,0,-0.3243245357091214,0,0,1,1,0,0,1,0.07521327615460081,0.7315258340308467
1,0,0,1.5729808767233588,1,0,0.5065297021891128,0,0,1,0,1,0,2,1.4015302362636541,0.7765638501846843
0,0,0,1.002895784642934,1,0,1.1712130925077,0,1,0,1,0,0,2,1.4877912273365623,-0.180598355332035
0,0,0,0.4328106925625091,0,1,-0.5237295528046976,1,0,1,1,0,0,1,-0.1443458203904319,0.7479920406639077
1,0,0,-1.0331224013585834,1,1,0.7391688888006183,1,1,0,1,0,0,3,-0.24375366759127637,-1.2801952462432589
0,0,0,-1.2367242199587352,1,0,0.5065297021891128,1,1,0,0,1,0,3,-0.5864955949364887,-1.2836002387434013
1,0,0,0.7178532386027215,1,0,-1.3213496211870024,0,0,1,1,0,0,1,-0.4621018897831705,1.4269672279390209
0,0,0,1.6137012404433893,1,0,0.6062322107369008,0,1,0,1,0,0,2,1.518697619439995,0.6331517023594541
0,0,1,-0.7888002190384014,1,0,0.805637227832477,0,0,1,1,0,0,3,-0.01461062508467291,-0.9413624028572417
1,0,0,-0.5444780367182193,1,0,0.174188007029819,0,1,0,1,0,0,3,-0.3058105693202043,-0.5607836405324629
1,0,1,-0.0965540357978854,1,0,-1.45428629925072,0,0,1,1,0,0,0,-1.1238570456727064,1.1079217406370887
0,0,0,1.0436161483629645,1,0,1.3706181096032763,1,1,0,1,0,0,2,1.6572500573236617,-0.2888361426200595
1,0,1,-1.0331224013585834,1,0,-1.45428629925072,0,0,1,1,0,0,0,-1.7829550329178423,0.45393544968561267
1,0,1,0.9214550572028734,1,0,-1.4875204687666492,0,1,0,1,0,0,1,-0.44229044259169065,1.7603037858916468
1,0,1,-0.7073594915983407,1,1,-1.4875204687666492,0,1,0,1,0,0,0,-1.5815538205654536,0.6319722156587105
1,0,1,1.4508197855632678,1,1,0.805637227832477,0,0,1,1,0,0,2,1.5678419314106138,0.6485076853470518
0,0,0,0.880734693482843,1,0,1.1712130925077,1,1,0,1,0,0,2,1.4018219246524142,-0.265900915021358
0,0,0,-0.3001558543980371,0,1,-0.556963722320627,0,1,0,1,0,0,0,-0.6950058891155393,0.17770406370483682
0,0,0,-1.2774445836787656,1,0,0.6394663802528302,1,1,0,1,0,0,3,-0.492442144791669,-1.4084542059297114
1,0,0,1.6137012404433893,1,0,-1.45428629925072,0,1,0,1,0,0,1,0.06309421273417211,2.062382700429822
1,0,0,1.247217966963116,1,0,0.2406563460616778,0,1,0,1,0,0,2,1.0020066686336515,0.6447632436272298
1,0,1,0.3920903288424788,1,1,-1.4875204687666492,0,0,1,0,1,0,1,-0.8252945302812459,1.4862516653833868
1,1,0,0.188488510242327,0,0,-0.92253958699585,0,1,0,0,1,0,1,-0.5924066063403609,0.6928653413819418
0,0,0,-1.1552834925186746,1,1,-1.4875204687666492,1,0,1,1,0,0,0,-1.8899938857287972,0.2249699149280463
1,0,0,-0.7888002190384014,1,1,-1.5207546382825785,0,0,1,0,1,0,0,-1.6850399813653376,0.5259153226356539
0,0,0,-1.1960038562387048,1,1,-1.45428629925072,0,0,1,1,0,0,0,-1.8951832539970048,0.17375706605641686
0,0,0,-1.2774445836787656,1,0,-0.4572612137728389,1,0,1,0,0,1,0,-1.270528038591871,-0.5890226269842301
0,0,0,1.4508197855632678,1,1,0.8388713973484064,0,0,1,1,0,0,2,1.5867125220552782,0.45025149337039455
1,0,0,-0.9109613101984924,1,0,-0.1581536881294745,0,1,0,0,1,0,3,-0.8272307575045675,-0.5835995651260973
1,0,1,1.2064976032430856,1,0,0.5397638717050421,0,1,0,0,0,1,2,1.1747457167691906,0.556329132646156
1,0,0,0.6771328748826912,1,1,-1.4875204687666492,0,0,1,1,0,0,1,-0.6010996626622158,1.5214622452098934
1,0,1,0.5549717837226001,1,0,-1.4875204687666492,0,0,1,0,1,0,1,-0.7176627845172607,1.5909525193444471
1,0,0,0.7992939660427822,0,0,-0.0252170100657571,0,1,0,1,0,0,1,0.4465515820554069,0.5888865466230234
0,0,1,-0.2594354906780068,1,1,0.5729980412209714,0,1,0,1,0,0,3,0.18927036264891256,-0.4844827302174732
0,0,1,-0.9924020376385532,1,0,-1.4875204687666492,0,1,0,0,0,1,0,-1.8035474379001752,0.3934275241161838
0,0,0,-1.2367242199587352,1,0,0.3735930241253952,1,1,0,1,0,0,3,-0.6515222382423527,-1.1977907208984273
0,0,1,1.4915401492832985,1,0,-1.4875204687666492,0,1,0,1,0,0,1,-0.040455046203358186,2.1414284628331517
0,0,0,-1.1552834925186746,0,1,-1.188412943123285,0,1,0,0,0,1,0,-1.7577151649273726,-0.0001348286259062817
1,0,0,-0.8702409464784621,1,0,0.3735930241253952,0,0,1,1,0,0,3,-0.3828824607251723,-0.8436778257568008
1,1,0,-0.9516816739185228,1,1,-0.5237295528046976,0,0,1,1,0,0,0,-1.013471392474583,-0.3663238447752274
0,0,0,-0.1372743995179157,1,0,0.1409538375138897,1,1,0,0,0,1,3,-0.05711787958971594,-0.28413260590226747
1,1,1,1.125056875803025,1,0,0.9385739058961944,0,1,0,1,0,0,2,1.4674282700911963,0.1497949496714016
1,1,0,-0.2187151269579764,0,0,-1.1219446040914265,1,1,0,0,1,0,0,-1.0197733443799046,0.5451954496019976
1,0,1,1.002895784642934,1,0,-1.4875204687666492,0,1,0,1,0,0,1,-0.3849775741355919,1.8171721590178622
0,0,1,-1.2774445836787656,1,1,0.3071246850935365,1,1,0,0,0,1,3,-0.7299269245168597,-1.026623654194389
0,0,0,-1.2774445836787656,1,0,0.9053397363802652,1,1,0,1,0,0,3,-0.3047056171129357,-1.5906835043978875
1,1,1,1.6137012404433893,0,1,0.0080171594501722,0,0,1,1,0,0,2,1.1201010293698432,1.293764963212137
0,0,1,-0.055833672077855,1,0,0.8721055668643357,1,0,1,1,0,0,3,0.5481393229398993,-0.47510436933834793
0,0,0,0.7992939660427822,1,1,-0.1913878576454039,0,0,1,0,0,1,1,0.3856806258655927,0.687927481557454
0,1,0,0.6364125111626608,1,1,-0.1913878576454039,0,1,0,0,0,1,1,0.3130184287672181,0.4031020336596925
0,0,0,-0.4223169455581282,1,0,0.805637227832477,1,1,0,1,0,0,3,0.22667830379657616,-0.9252295996470609
0,0,0,-0.7888002190384014,1,0,0.3403588546094659,1,1,0,1,0,0,3,-0.3597685276936513,-0.8622360063957214
1,0,0,-1.0738427650786138,1,0,0.5065297021891128,0,1,0,1,0,0,3,-0.44367355468642966,-1.1582146889380824
0,0,0,-1.0331224013585834,1,1,-0.3575587052250508,0,0,1,0,1,0,0,-1.0349859609435352,-0.45889691248326514
0,0,1,1.5729808767233588,1,1,1.4703206181510644,0,0,1,1,0,0,2,2.1237978704872362,0.2612830639239317
1,0,1,-1.1960038562387048,1,0,0.174188007029819,1,1,0,0,0,1,3,-0.7741216282439808,-0.8707225891834532
1,0,1,0.6364125111626608,1,1,-0.0252170100657571,0,0,1,1,0,0,1,0.4080365978535855,0.6492905117979494
1,0,1,-0.9516816739185228,1,0,-0.3243245357091214,0,1,0,0,1,0,0,-0.9679807290210071,-0.33961684542046205
1,1,0,-1.0331224013585834,1,1,0.3071246850935365,1,1,0,0,0,1,3,-0.5105347023808225,-1.087425615113549
0,0,1,-0.5851984004382496,0,0,-0.9890079260277088,1,1,0,1,0,0,0,-1.2024249848272206,0.4242750702086323
1,1,0,-0.8702409464784621,1,0,-0.1581536881294745,0,0,1,0,1,0,3,-0.7338564101419411,-0.5637515179450101
0,0,0,-0.9516816739185228,1,0,0.6727005497687596,0,0,1,1,0,0,3,-0.22834641834705527,-1.1225080946017167
1,1,0,-0.9109613101984924,1,1,0.4732955326731833,1,0,1,0,1,0,3,-0.309644599984787,-1.015944396078666
0,1,0,-0.2594354906780068,1,1,0.6727005497687596,1,1,0,0,0,1,3,0.2927205907060145,-0.8146952907502485
1,0,0,-1.0331224013585834,1,0,-0.6899004003843444,0,1,0,0,0,1,0,-1.2748813987984842,-0.3232642176355827
0,0,0,0.5549717837226001,1,0,1.3041497705714176,0,1,0,1,0,0,2,1.2664387146673857,-0.5844890567603076
1,0,1,-0.2187151269579764,1,0,-1.288115451671073,0,1,0,0,0,1,0,-1.1189181090038283,0.8139590299060996
1,0,0,-1.2774445836787656,1,0,0.174188007029819,1,0,1,1,0,0,3,-0.8102491987647159,-0.9913477175367454
0,1,0,0.3106496014024181,0,0,-0.291090366193192,1,1,0,1,0,0,1,-0.031076112690077817,0.32311425087822965
1,0,1,0.6771328748826912,1,0,0.3403588546094659,1,1,0,0,0,1,2,0.6614096760454988,0.3233566811768888
1,0,0,1.4508197855632678,1,1,1.437086448635135,1,1,0,0,0,1,2,1.9820473016906046,-0.037577332740055265
0,0,1,-0.5851984004382496,1,0,-0.2246220271613333,0,1,0,1,0,0,3,-0.6101846853598941,-0.17430421960917586
0,1,0,-0.1779947632379461,1,1,1.3706181096032763,1,0,1,0,1,0,3,0.8404273142314671,-1.1361068552148257
0,0,0,1.6137012404433893,1,0,1.2044472620236295,0,1,0,0,1,0,2,1.912263186183642,0.22844091219517182
0,0,0,1.2064976032430856,1,0,0.6727005497687596,0,0,1,0,1,0,2,1.261602975206059,0.38980892463210287
0,0,1,0.0663274190822359,1,0,-1.3213496211870024,0,1,0,1,0,0,1,-0.9260949143858784,1.0323386215817734
0,0,0,0.5549717837226001,1,0,-0.291090366193192,0,0,1,1,0,0,1,0.15139673525536396,0.5901380151804049
1,0,0,-0.055833672077855,1,0,0.5729980412209714,0,1,0,1,0,0,3,0.319671432934488,-0.4929173494774352
1,0,0,-0.2187151269579764,1,1,1.1712130925077,0,0,1,0,0,1,3,0.6307741573222247,-0.9398984022276377
1,0,1,-0.0965540357978854,1,1,-0.3575587052250508,0,0,1,1,0,0,0,-0.34244987784971975,0.36526177674723176
1,0,1,-0.8702409464784621,1,0,0.7059347192846889,0,0,1,0,0,1,3,-0.15801991240174237,-0.9264564124832894
0,1,0,0.5549717837226001,1,0,1.5035547876669937,1,1,0,0,1,0,2,1.4317402163671331,-0.8056933197360011
0,0,0,0.4735310562825394,1,1,-0.4904953832887682,0,0,1,1,0,0,1,-0.03972453781157245,0.6789775081966917
0,0,0,0.3920903288424788,1,1,0.1077196679979603,0,1,0,1,0,0,2,0.3139925943491013,0.1308419323854249
1,0,0,-0.5851984004382496,1,1,-0.4904953832887682,1,0,1,1,0,0,0,-0.7854371449364971,-0.043357407502104824
0,0,0,0.7178532386027215,1,1,-1.5207546382825785,0,1,0,0,1,0,1,-0.6354837843922468,1.4797750093969795
0,0,1,-1.0331224013585834,1,1,-0.4572612137728389,0,0,1,1,0,0,0,-1.0713037457787393,-0.23734246222068062
0,0,1,1.369379058123207,1,0,0.8388713973484064,0,1,0,1,0,0,2,1.5162702683014084,0.4616195415472867
0,0,1,-0.2594354906780068,0,0,-0.6234320613524857,0,1,0,1,0,0,0,-0.7150357854445673,0.4011832773197512
1,0,0,-1.2774445836787656,1,0,0.1409538375138897,1,1,0,0,1,0,3,-0.8739350719184373,-1.0445152049707644
1,0,0,1.4100994218432374,1,0,0.9385739058961944,0,1,0,1,0,0,2,1.6094407907025234,0.28014808140069813
0,0,0,-0.2594354906780068,1,1,1.1712130925077,0,1,0,1,0,0,3,0.606435757415244,-1.0530222464970023
0,0,0,0.7992939660427822,1,0,1.0050422449280532,0,1,0,1,0,0,2,1.2271737263971072,-0.20887597660496332
0,0,1,-0.8295205827584317,1,0,0.4068271936413246,0,1,0,1,0,0,3,-0.33624903749119905,-0.7777039228497403
1,1,0,-0.9109613101984924,1,1,0.2738905155776072,1,0,1,1,0,0,3,-0.4216053752103342,-0.8845775536166484
0,0,0,-1.2774445836787656,1,0,-0.6899004003843444,0,0,1,1,0,0,0,-1.4197475965249577,-0.4160564324571752
0,1,0,0.5956921474426305,1,0,0.0744854984820309,0,1,0,0,0,1,2,0.4651045310696894,0.18340265633703873
1,0,0,1.002895784642934,1,1,0.8388713973484064,0,0,1,1,0,0,2,1.2708464283510945,0.15442937611821278
0,0,0,-1.2774445836787656,1,0,0.2074221765457484,1,1,0,0,1,0,3,-0.826355622803113,-1.107026464529811
1,1,0,1.6137012404433893,1,1,1.6364914657307112,0,0,1,1,0,0,2,2.3172432512822345,-0.055583141353376615
0,1,0,0.5142514200025698,0,0,-1.0222420955436382,0,0,1,0,1,0,1,-0.4215338265394728,1.052972167002022
0,0,0,0.2292088739623573,1,1,-1.4875204687666492,0,0,1,1,0,0,1,-0.915675121975118,1.1917322580737066
1,0,1,-1.2774445836787656,1,0,0.8388713973484064,0,0,1,1,0,0,3,-0.3356660870570647,-1.288397368981053
1,0,1,-0.62591876415828,1,0,0.5397638717050421,0,1,0,1,0,0,3,-0.09974391970722657,-0.7096937043262878
0,0,1,1.0843365120829946,1,1,0.3735930241253952,0,1,0,0,1,0,2,0.9652886758819897,0.5958225316053258
1,0,0,-0.7073594915983407,1,1,1.2044472620236295,1,1,0,1,0,0,3,0.31403672967090157,-1.3716230260577063
1,0,0,-0.0151133083578247,1,1,0.2738905155776072,0,1,0,0,1,0,3,0.11527664413867227,-0.24513417845714514
1,0,0,0.4328106925625091,1,1,-1.4875204687666492,0,0,1,0,0,1,1,-0.788088171816317,1.3373415674638467
1,1,0,1.5729808767233588,1,1,-1.3213496211870024,0,0,1,1,0,0,1,0.2000179466282786,1.943283617541976
0,0,0,0.880734693482843,1,0,1.6697256352466403,0,1,0,1,0,0,2,1.7538279140500388,-0.6075808496491882
0,0,0,-1.1145631287986442,1,1,0.5397638717050421,1,0,1,1,0,0,3,-0.429846427950407,-1.1360942993286893
0,0,1,-0.748079855318371,1,1,-1.4875204687666492,0,0,1,1,0,0,0,-1.598187750937485,0.6678353752852556
0,0,1,1.2064976032430856,1,0,1.1712130925077,1,1,0,0,1,0,2,1.607473570454125,0.12540130359875012
0,1,1,1.6137012404433893,1,0,0.8388713973484064,0,1,0,1,0,0,2,1.7415496001439048,0.542387240412257
1,0,0,0.3920903288424788,1,1,1.437086448635135,0,1,0,0,0,1,2,1.2369800117613214,-0.7768661833808543
0,1,0,1.6137012404433893,1,0,-1.288115451671073,0,1,0,0,1,0,1,0.20557396566971864,1.8470031648206482
0,0,1,-0.0965540357978854,1,1,-1.3213496211870024,0,1,0,0,1,0,0,-1.0625682806833663,0.9329428990098271
1,0,0,0.3106496014024181,1,1,1.071510583959912,1,1,0,0,0,1,2,0.9215294177469647,-0.5831692711133274
0,0,1,-0.3001558543980371,0,1,-0.9890079260277088,0,0,1,1,0,0,0,-0.9834587674222854,0.713601549573411
1,0,0,1.3286586944031769,1,0,0.0744854984820309,0,1,0,0,0,1,2,0.9269343035047376,0.8020093699286547
0,0,0,-0.748079855318371,1,0,-1.4875204687666492,0,1,0,0,0,1,0,-1.6368506250426973,0.40550904876869703
0,0,1,0.1070477828022663,1,1,-1.4875204687666492,0,1,0,1,0,0,1,-1.0077798188088252,1.1837020119788613
0,0,0,-0.0965540357978854,1,0,0.174188007029819,0,1,0,0,1,0,3,-0.018786096149522827,-0.2596563918911668
0,0,1,-0.0965540357978854,1,1,0.7059347192846889,0,1,0,0,1,0,3,0.368922742866974,-0.4565555018100164
1,0,0,1.2879383306831464,1,0,1.1712130925077,0,1,0,0,1,0,2,1.6588993292037646,0.04070001694083515
1,0,1,1.5729808767233588,1,0,0.8388713973484064,0,0,1,1,0,0,2,1.6702843089063915,0.7019956904364827
1,0,0,-1.1960038562387048,0,0,-0.92253958699585,1,1,0,0,0,1,0,-1.6062743798205417,-0.20288027100655767
1,0,0,-0.9924020376385532,1,0,0.3403588546094659,0,0,1,1,0,0,3,-0.49231882936916205,-0.9062017231376022
1,0,0,-0.7888002190384014,1,1,1.1379789229917707,1,0,1,1,0,0,3,0.22116691595549665,-1.3016827934352222
0,0,0,0.6364125111626608,1,0,-1.3213496211870024,0,1,0,1,0,0,1,-0.5301466277040056,1.2718936387391477
1,0,0,-0.2594354906780068,1,1,0.6727005497687596,0,0,1,1,0,0,3,0.2651616374823555,-0.6131370957955143
0,0,0,0.1477681465222966,1,0,0.3735930241253952,0,1,0,0,1,0,3,0.2939549049778233,-0.2257232463636531
0,0,1,0.7178532386027215,1,0,0.174188007029819,0,1,0,1,0,0,2,0.5884260014557856,0.46224580270800486
1,0,0,0.6771328748826912,1,0,-0.3243245357091214,0,1,0,1,0,0,1,0.20187646812365245,0.6339218909885971
1,1,0,0.4328106925625091,1,0,1.2044472620236295,0,1,0,0,1,0,2,1.1339220028487693,-0.6690339837066235
1,0,1,-0.9924020376385532,1,0,-1.5207546382825785,0,1,0,1,0,0,0,-1.812609917269853,0.4466756797341089
0,0,1,-1.2367242199587352,1,1,-0.1249195186135452,0,1,0,0,1,0,0,-1.0201340645144494,-0.6832461678639802
1,0,1,0.8400143297628127,1,0,0.7059347192846889,0,0,1,1,0,0,2,1.0606002289621361,0.28129498153463306
0,0,0,1.2879383306831464,1,1,1.071510583959912,0,0,1,1,0,0,2,1.6363562468619721,0.17706411095830984
1,0,0,-0.62591876415828,1,1,-0.291090366193192,0,0,1,1,0,0,0,-0.6732911834054967,-0.20846356791634463
1,0,0,0.8400143297628127,1,1,-1.4875204687666492,0,1,0,0,1,0,1,-0.5266927329438981,1.559252841719783
1,0,0,-1.2774445836787656,1,0,-0.4572612137728389,0,1,0,0,0,1,0,-1.2825505424478891,-0.6533199731738829
0,0,1,0.6364125111626608,1,1,1.1712130925077,0,0,1,1,0,0,2,1.2534962896035255,-0.18769526625084598
0,0,1,-0.9924020376385532,0,0,-0.8893054174799206,0,0,1,1,0,0,0,-1.4072109425678125,0.1528484987836448
0,0,1,-0.9109613101984924,1,1,0.8721055668643357,0,1,0,0,0,1,3,-0.07307889514710726,-1.1579532343712946
1,0,0,0.3106496014024181,1,0,0.5397638717050421,0,1,0,0,0,1,2,0.539062371241286,-0.22774656646834507
0,0,1,-0.0151133083578247,1,1,0.3071246850935365,0,0,1,0,0,1,3,0.16979972321304804,-0.06391258960639659
1,1,0,0.3513699651224484,1,1,1.0050422449280532,0,0,1,1,0,0,2,0.9830195369757123,-0.5042483409477955
0,0,0,-0.3001558543980371,1,0,1.1712130925077,1,1,0,0,1,0,3,0.5419437115054797,-1.0851871939623658
1,0,1,-0.4223169455581282,1,1,0.805637227832477,0,1,0,1,0,0,3,0.23826877025996573,-0.7407161776875556
1,0,0,-0.3408762181180675,1,1,-1.3213496211870024,0,1,0,0,1,0,0,-1.2403939957581216,0.6207681198470507
1,0,0,-0.3408762181180675,1,0,-0.1581536881294745,0,0,1,1,0,0,3,-0.3858218711179966,-0.1095748035000492
0,1,0,1.2879383306831464,1,1,0.3403588546094659,0,0,1,0,0,1,2,1.1583716184338513,0.5748417028647178
1,0,0,-1.1960038562387048,1,1,1.437086448635135,0,0,1,1,0,0,3,0.14580616731357776,-1.7910326198429969
1,1,0,1.247217966963116,1,0,1.4703206181510644,0,0,1,0,1,0,2,1.906164401748867,-0.2013282697809914
0,0,1,-0.7888002190384014,1,0,-0.3907928747409802,0,0,1,1,0,0,0,-0.8594249996389721,-0.12133055975044885
1,0,0,-0.5037576729981889,0,0,-0.3243245357091214,0,0,1,1,0,0,0,-0.6702807202203708,-0.034748181488068054
0,0,1,0.880734693482843,1,1,0.7059347192846889,0,1,0,1,0,0,2,1.0855187848736618,0.22055984431545314
0,0,1,0.2292088739623573,1,0,-1.4875204687666492,0,1,0,0,0,1,1,-0.943854411058694,1.2464531210094134
1,1,0,-1.2774445836787656,1,1,0.174188007029819,1,0,1,1,0,0,3,-0.7499144811423036,-1.0721492457590511
1,0,0,1.4100994218432374,0,0,-0.6899004003843444,0,1,0,0,1,0,1,0.3782151557458119,1.476277722629193
1,0,1,0.8400143297628127,1,0,-0.0252170100657571,0,1,0,0,0,1,1,0.5178976873994383,0.6876587128230617
0,0,1,-0.1372743995179157,1,0,-1.288115451671073,0,1,0,1,0,0,0,-1.0459100195662836,0.8673890264577131
0,0,0,-0.748079855318371,1,0,-0.291090366193192,0,1,0,1,0,0,3,-0.7769863467025931,-0.40100723597069515
0,0,0,0.6364125111626608,1,1,-0.1581536881294745,1,0,1,1,0,0,1,0.3095718586990416,0.5649276313639021
0,0,0,0.6364125111626608,1,0,0.174188007029819,0,1,0,1,0,0,2,0.5258713404888685,0.24685383485565676
1,0,1,-1.2774445836787656,1,0,-0.1581536881294745,0,1,0,0,0,1,0,-1.066105156298496,-0.6998043392244485
1,0,1,0.4735310562825394,1,0,-1.3213496211870024,0,1,0,1,0,0,1,-0.6401758893010256,1.3336344221548524
1,0,1,0.5142514200025698,1,1,1.0382764144439829,0,0,1,1,0,0,2,1.0730134058843699,-0.1649292417640787
0,0,0,0.9621754209229036,1,0,0.3071246850935365,1,0,1,1,0,0,2,0.8603682648130074,0.4644639592580851
1,0,0,-0.748079855318371,0,1,-1.1219446040914265,0,1,0,0,0,1,0,-1.4248620079228365,0.2556036473301289
1,0,0,-1.2367242199587352,1,1,0.2074221765457484,0,1,0,1,0,0,3,-0.7625088940889896,-1.0579075821224448
1,1,0,0.1477681465222966,1,0,-0.3575587052250508,0,0,1,1,0,0,1,-0.1294063296662541,0.2784699885946991
0,0,0,-1.1145631287986442,0,1,-0.8228370784480619,1,1,0,0,1,0,0,-1.4847127218887626,-0.20344523770002598
0,0,1,1.4915401492832985,1,1,-0.1249195186135452,0,1,0,1,0,0,1,0.9286886492983616,1.2165392004751188
1,0,1,1.2064976032430856,1,0,1.437086448635135,0,1,0,1,0,0,2,1.8234064014707196,-0.04517919131653778
0,0,0,-1.2774445836787656,1,1,-1.4875204687666492,0,0,1,0,0,1,0,-1.99101309219875,0.1261517968713227
0,0,0,0.0663274190822359,1,1,0.0080171594501722,0,0,1,1,0,0,3,0.025717109305558414,0.052955707937784875
1,0,0,-0.6666391278783103,1,1,0.5397638717050421,0,1,0,1,0,0,3,-0.12664815529788193,-0.8876155933241581
0,0,1,-0.748079855318371,1,0,-1.5207546382825785,0,1,0,0,0,1,0,-1.6550758984917207,0.5868113058033516
1,0,1,0.6771328748826912,1,0,1.1047447534758412,0,0,1,1,0,0,2,1.2275792835680381,-0.10578571242006174
1,0,0,-1.2367242199587352,1,0,0.5065297021891128,1,0,1,1,0,0,3,-0.54692210493825,-1.190700154058858
1,0,1,-0.2594354906780068,1,0,-1.5207546382825785,0,1,0,1,0,0,0,-1.2967941011649642,0.9584910378700466
1,0,0,-0.4223169455581282,1,1,1.0382764144439829,0,1,0,0,1,0,3,0.36845481893453647,-1.0533852771842285
1,0,1,0.0256070553622056,1,1,0.3071246850935365,1,0,1,1,0,0,3,0.21286074403126126,-0.005008909733885791
1,0,1,-1.1552834925186746,1,0,-1.4875204687666492,0,1,0,0,1,0,0,-1.9326102087557115,0.3154654025622705
1,0,0,-0.5444780367182193,1,0,-1.4875204687666492,0,1,0,0,0,1,0,-1.4942137710980914,0.5646339165262376
1,0,1,1.002895784642934,1,1,0.8388713973484064,0,1,0,1,0,0,2,1.2647110342015355,0.23170168971269034
1,0,0,0.758573602322752,1,1,0.7059347192846889,0,1,0,0,0,1,2,0.9786124686972498,-0.01982793352540091
1,0,0,-1.2774445836787656,1,0,-0.6899004003843444,1,1,0,0,0,1,0,-1.4468200041667805,-0.4938693370142287
1,0,0,-1.1960038562387048,1,0,0.8388713973484064,0,1,0,0,1,0,3,-0.3238138183056638,-1.4659987403235115
0,0,0,-0.7073594915983407,0,1,-0.6234320613524857,0,0,1,1,0,0,0,-1.0171271766553394,0.020170803822459428
1,0,0,0.7992939660427822,1,1,0.5065297021891128,0,0,1,1,0,0,2,0.8928935976124311,0.24004506638789477
1,0,0,0.9621754209229036,1,1,1.1712130925077,1,0,1,1,0,0,2,1.4768606537214615,-0.101791433530115
1,0,0,-1.1960038562387048,1,1,0.4068271936413246,1,0,1,1,0,0,3,-0.5816728774415133,-1.084894088278814
0,0,0,-0.2594354906780068,0,0,-0.9890079260277088,0,0,1,1,0,0,0,-0.9670381168532666,0.574476249119016
0,0,0,1.4508197855632678,1,0,1.536788957182923,0,0,1,0,0,1,2,2.0574770122779356,-0.05065186576733862
0,0,0,-1.1552834925186746,1,0,-0.4572612137728389,0,1,0,1,0,0,0,-1.1808860187822954,-0.5714557900591617
1,0,1,1.6137012404433893,1,0,-1.288115451671073,0,1,0,0,1,0,1,0.15682971451069583,2.112318115002459
0,0,0,0.3106496014024181,1,0,1.3706181096032763,0,0,1,1,0,0,2,1.15281142787915,-0.7194002196243424
1,1,1,1.369379058123207,1,0,1.1712130925077,1,0,1,1,0,0,2,1.815013523838761,0.24220071402204835
0,1,0,-0.5444780367182193,1,0,1.3373839400873468,0,1,0,1,0,0,3,0.5695227829440943,-1.4648281767864118
1,0,0,0.3920903288424788,1,0,-1.4875204687666492,0,0,1,1,0,0,1,-0.8086886934067737,1.31338704697677
1,0,1,0.0663274190822359,1,1,1.1047447534758412,0,1,0,1,0,0,2,0.793349574635133,-0.6045138997069619
0,0,0,-1.2774445836787656,1,1,0.5397638717050421,1,1,0,0,1,0,3,-0.5846909720564842,-1.325777195323661
1,0,1,1.6137012404433893,1,1,0.805637227832477,0,0,1,1,0,0,2,1.6824676683228115,0.7622444315994824
0,0,0,0.758573602322752,1,1,-1.4875204687666492,0,1,0,1,0,0,1,-0.5545186636708532,1.480125402262451
0,1,0,0.9214550572028734,1,1,0.6727005497687596,1,0,1,0,0,1,2,1.1351343699798238,0.09114740071152874
0,0,1,1.369379058123207,1,1,1.2376814315395588,1,0,1,1,0,0,2,1.8162462376280974,0.27856276726804763
0,1,0,-0.0965540357978854,1,0,0.8388713973484064,0,1,0,1,0,0,3,0.5327375700550129,-0.8103721899643973
1,1,0,0.0663274190822359,1,1,0.8388713973484064,0,0,1,0,0,1,3,0.6500392637943538,-0.6029098937143399
0,0,0,0.9214550572028734,1,1,0.4400613631572539,1,0,1,1,0,0,2,0.9325740855725367,0.3539510157522595
0,0,0,0.880734693482843,1,0,1.0050422449280532,0,0,1,1,0,0,2,1.2958637815135827,-0.07075632234709267
1,0,0,1.002895784642934,0,0,-0.8560712479639913,1,0,1,1,0,0,1,0.014534290859989793,1.3817753182832677
1,0,1,-0.8702409464784621,1,1,0.3071246850935365,1,0,1,1,0,0,3,-0.417580808985825,-0.6305610141222543
1,0,0,-1.2367242199587352,1,0,-1.4875204687666492,0,1,0,1,0,0,0,-1.966323249189126,0.09476830332080827
1,1,0,-1.1552834925186746,1,0,0.1409538375138897,0,1,0,0,1,0,3,-0.7346250427600892,-1.0490500657951172
0,0,1,1.6137012404433893,1,0,0.8721055668643357,0,1,0,1,0,0,2,1.7116759396295465,0.6094459986174107
1,0,0,0.6364125111626608,1,0,-1.4875204687666492,0,1,0,1,0,0,1,-0.6481272746988547,1.4027408852237604
1,0,0,-0.2594354906780068,1,0,-1.45428629925072,0,1,0,0,1,0,0,-1.2839433822896018,0.7597152499159843
0,0,1,-0.7073594915983407,1,1,-1.4875204687666492,0,0,1,0,0,1,0,-1.5845812204952405,0.6827540034809626
0,0,0,-0.7073594915983407,1,1,0.6062322107369008,0,1,0,0,0,1,3,-0.122775044196412,-0.9920765978137128
1,0,0,1.2879383306831464,1,1,1.2376814315395588,0,0,1,1,0,0,2,1.7530462594655398,0.08012473435770208
0,0,0,1.5729808767233588,1,1,1.536788957182923,0,1,0,0,0,1,2,2.1390631194499186,-0.03756469491830091
1,0,0,1.247217966963116,1,0,0.1409538375138897,0,1,0,0,0,1,2,0.916555566968322,0.6995836721853952
0,0,1,1.2879383306831464,1,0,1.3041497705714176,0,1,0,0,1,0,2,1.7586547027495905,0.09115502749087737
1,0,0,0.5142514200025698,1,1,0.3735930241253952,0,0,1,1,0,0,2,0.5984302941767188,0.1321204096802293
0,0,0,-1.1552834925186746,1,1,-1.4875204687666492,0,0,1,1,0,0,0,-1.8899938857287972,0.2249699149280463
0,0,0,-0.055833672077855,1,1,0.8388713973484064,1,0,1,1,0,0,3,0.5264244556174517,-0.6018134094645887
1,0,0,1.4508197855632678,1,1,1.5035547876669937,1,1,0,0,0,1,2,2.028981433610288,-0.08313465735709935
1,0,0,-0.3001558543980371,1,0,0.5729980412209714,0,1,0,1,0,0,3,0.14773282756619183,-0.6635224688560812
1,0,1,1.6137012404433893,1,0,-1.3213496211870024,0,1,0,0,0,1,1,0.14715436529855208,2.1162760875544664
0,0,0,0.1477681465222966,1,1,-0.291090366193192,0,1,0,0,0,1,1,-0.1546007063230995,0.22006520234164242
1,0,0,-1.2774445836787656,1,0,-0.6899004003843444,0,1,0,0,1,0,0,-1.4606117209144782,-0.47504864725771373
1,0,1,-1.318164947398796,1,0,-1.3213496211870024,0,1,0,0,0,1,0,-1.9161088991210031,0.06901465501071477
0,0,0,-0.3001558543980371,1,1,-1.4875204687666492,0,0,1,1,0,0,0,-1.28820876693976,0.8220878327533071
0,0,0,-0.9924020376385532,1,1,-1.5207546382825785,0,0,1,1,0,0,0,-1.7988352147764413,0.361485323488999
0,0,1,0.188488510242327,1,1,0.3403588546094659,0,0,1,0,1,0,2,0.3227572435654388,0.07430037065713452
1,1,0,-1.1552834925186746,1,1,1.0050422449280532,0,1,0,0,1,0,3,-0.11748733665599408,-1.6322593935253198
0,0,1,-0.1779947632379461,1,1,0.6062322107369008,0,1,0,1,0,0,3,0.270050297064853,-0.4503930193997799
0,0,0,0.188488510242327,0,0,-0.6566662308684151,0,1,0,0,1,0,1,-0.45736548794018683,0.5835195284854389
1,0,1,-1.2774445836787656,1,1,-0.5237295528046976,0,1,0,0,1,0,0,-1.3310406074562395,-0.4213824717828212
0,0,1,-0.3001558543980371,1,0,-1.4875204687666492,0,0,1,0,1,0,0,-1.3188025861106567,0.9768806665771841
1,0,0,-0.2594354906780068,1,1,1.1047447534758412,1,0,1,1,0,0,3,0.5702334949602968,-0.9092597058063007
0,1,0,-0.9516816739185228,1,0,0.5397638717050421,1,1,0,1,0,0,3,-0.28025114237259885,-1.2024821470129596
0,0,1,-0.4630373092781585,1,1,1.270915601055488,1,1,0,0,0,1,3,0.5237466728795355,-1.1185211298793745
1,1,0,-0.5444780367182193,1,1,0.5065297021891128,1,0,1,1,0,0,3,0.0005719945610015709,-0.7881205107083337
1,0,0,-0.5851984004382496,0,1,-1.0222420955436382,0,0,1,1,0,0,0,-1.213407982684932,0.39577124615604925
1,0,0,-0.0151133083578247,1,0,1.437086448635135,1,0,1,1,0,0,3,0.9698487687787972,-0.9754771018042451
1,1,0,-0.3815965818380978,0,1,-0.9890079260277088,0,1,0,0,1,0,0,-1.0335368263045233,0.3493799464068488
0,0,1,0.9214550572028734,1,0,0.3403588546094659,0,0,1,1,0,0,2,0.8604206890556181,0.5717747051125882
1,0,0,0.4328106925625091,1,0,-1.288115451671073,0,1,0,1,0,0,1,-0.6506070500800517,1.12389797855709
1,1,0,-1.2367242199587352,1,0,-0.6566662308684151,1,1,0,1,0,0,0,-1.3263058737188849,-0.5645356749059182
0,0,0,-1.1145631287986442,1,0,0.6062322107369008,0,1,0,1,0,0,3,-0.4012834738393132,-1.2719387973687586
1,0,1,-0.748079855318371,1,1,-0.1249195186135452,0,0,1,0,0,1,0,-0.6517332675654229,-0.26265140278954563
1,0,0,-1.1552834925186746,1,0,-0.1249195186135452,0,1,0,0,0,1,3,-0.9619105801653245,-0.7958040365697803
1,0,0,-1.1552834925186746,1,0,-0.6566662308684151,0,1,0,0,0,1,0,-1.3373836355227908,-0.4313454396334277
0,0,0,-0.8295205827584317,1,0,-1.4875204687666492,0,1,0,1,0,0,0,-1.6791135897129912,0.36215623400988245
0,0,0,1.4508197855632678,1,1,0.7059347192846889,0,0,1,1,0,0,2,1.4928442582159118,0.5413661426044827
1,0,0,-0.9109613101984924,1,1,0.7059347192846889,1,0,1,1,0,0,3,-0.1698742442065928,-1.0908627431137587
0,0,0,0.8400143297628127,1,0,1.0050422449280532,1,1,0,1,0,0,2,1.2558301606251565,-0.18044179004185557
1,0,0,-0.2187151269579764,1,0,-1.5207546382825785,0,1,0,1,0,0,0,-1.2733794594477332,0.8284016297070216
0,1,1,0.0663274190822359,1,0,0.5065297021891128,1,1,0,0,1,0,3,0.3890928193461094,-0.30502009451149953
0,1,0,-0.8702409464784621,1,1,0.6727005497687596,1,0,1,0,1,0,3,-0.13954045280204683,-1.141136118308693
0,0,0,1.2879383306831464,1,0,-1.288115451671073,0,1,0,1,0,0,1,-0.048176614095373826,1.7040619614403485
0,0,0,-0.7888002190384014,1,0,0.5729980412209714,0,0,1,0,0,1,3,-0.1991717831001875,-0.953950919791121
1,0,1,-1.1960038562387048,1,1,-1.4875204687666492,0,1,0,0,0,1,0,-1.9404809350878507,0.277246418534018
1,0,0,-0.3408762181180675,1,1,0.8388713973484064,0,0,1,1,0,0,3,0.325184098825465,-0.7838987804643399
0,0,0,1.4915401492832985,1,1,-0.1249195186135452,0,0,1,1,0,0,1,0.9348240434479201,1.1392668868806413
0,0,1,-0.5037576729981889,1,1,1.0382764144439829,0,1,0,1,0,0,3,0.34587068071839966,-0.9739891219154276
0,0,0,0.6364125111626608,0,1,-0.6566662308684151,0,1,0,0,0,1,1,-0.12135900353573359,0.8865107832144782
1,0,0,-0.7888002190384014,0,0,-0.3575587052250508,1,1,0,0,0,1,0,-0.9207699162227401,-0.3057756646203556
1,1,0,-1.1145631287986442,1,0,0.7059347192846889,0,0,1,1,0,0,3,-0.26680968002085204,-1.3319069887343427
0,0,1,-1.1145631287986442,1,1,0.174188007029819,0,0,1,0,1,0,3,-0.7115839815313496,-0.7217002878197003
1,1,0,-1.2774445836787656,1,0,0.3071246850935365,0,1,0,0,1,0,3,-0.7032590156450291,-1.2482459370270504
1,0,1,-0.0965540357978854,1,1,0.971808075412124,1,0,1,1,0,0,3,0.5962327605439462,-0.5458847155936494
1,0,0,-0.7888002190384014,1,0,1.2044472620236295,0,0,1,1,0,0,3,0.2611070567269677,-1.3562760103436362
0,0,0,1.1657772395230557,1,0,0.971808075412124,0,1,0,0,0,1,2,1.4465646647039054,0.05629480640412709
0,0,0,-1.1552834925186746,1,0,-1.4875204687666492,0,1,0,1,0,0,0,-1.9083650635373863,0.13468274150502108
0,0,1,-0.9109613101984924,1,1,-0.3243245357091214,1,0,1,0,1,0,0,-0.9203077997887272,-0.2378494203763316
0,0,0,0.3106496014024181,1,1,-0.0252170100657571,0,0,1,1,0,0,3,0.17418864871401313,0.24633948962495286
1,0,0,0.4328106925625091,1,0,0.0412513289661016,0,1,0,0,1,0,2,0.25923396778011154,0.21805661760532313
0,0,0,-1.2774445836787656,0,1,-1.1551787736073555,0,0,1,0,0,1,0,-1.8088402149913019,-0.02696476949209608
0,1,0,-1.2774445836787656,1,1,0.174188007029819,1,1,0,0,1,0,3,-0.7894879711405425,-1.1650493304435945
0,0,0,-0.5444780367182193,1,1,-1.4875204687666492,0,1,0,0,0,1,0,-1.486574462754238,0.5567158738756052
0,0,0,-0.9516816739185228,1,0,0.3403588546094659,0,1,0,1,0,0,3,-0.4743942646058489,-0.975972752648152
1,0,0,-0.9516816739185228,1,1,0.5397638717050421,0,0,1,1,0,0,3,-0.31586600823385036,-1.0054036181342563
1,0,1,-0.5851984004382496,1,1,-1.4875204687666492,0,0,1,1,0,0,0,-1.4842073312209283,0.7985260564796887
0,0,0,1.4100994218432374,1,1,1.3706181096032763,0,0,1,1,0,0,2,1.9335291431846953,0.05735870987093442
0,0,0,-0.7888002190384014,1,1,-0.6899004003843444,0,0,1,0,1,0,0,-1.0977180151736556,-0.06050517001939914
1,0,0,-1.1145631287986442,1,0,0.174188007029819,1,0,1,1,0,0,3,-0.6956234618525184,-0.8776109712843149
1,1,0,0.0256070553622056,1,0,1.5035547876669937,0,0,1,1,0,0,3,1.0987800614007297,-1.082437660371857
0,0,0,1.2064976032430856,1,0,0.0080171594501722,0,1,0,0,1,0,2,0.7808844693488489,0.7641308896708883
1,0,0,1.6137012404433893,1,1,1.2044472620236295,0,0,1,0,1,0,2,1.9299890467965906,0.3356820205601995
1,0,0,-0.9924020376385532,1,1,0.6394663802528302,1,1,0,0,1,0,3,-0.3143400517762546,-1.1781199413654713
0,1,0,-1.2774445836787656,1,0,-0.6234320613524857,1,1,0,1,0,0,0,-1.3308499247914516,-0.6327024587195502
0,0,0,0.4735310562825394,1,0,1.0050422449280532,0,1,0,1,0,0,2,0.9979222525727122,-0.4363494691098246
1,0,0,-0.62591876415828,1,1,1.071510583959912,0,0,1,0,0,1,3,0.273808617162206,-1.1559042809331481
0,0,1,-0.0965540357978854,1,1,1.1712130925077,1,1,0,0,0,1,3,0.7112533830524549,-0.7942774638858398
1,0,1,1.4915401492832985,1,0,-1.288115451671073,0,1,0,0,1,0,1,0.07086041182654791,2.027015555313136
0,0,0,-0.3815965818380978,1,1,-0.4904953832887682,0,0,1,0,0,1,0,-0.656559560386414,0.0683440320040303
0,0,0,-1.2367242199587352,1,1,0.7059347192846889,1,1,0,0,1,0,3,-0.4386992080292266,-1.4112363203031635
0,1,0,-1.1960038562387048,1,1,-0.6566662308684151,1,0,1,1,0,0,0,-1.2786329444866051,-0.46276824986178744
0,0,0,-0.0965540357978854,1,0,0.3403588546094659,0,1,0,0,1,0,3,0.09854923364968547,-0.37354970343377697
1,0,0,-1.2774445836787656,1,1,-0.6899004003843444,0,0,1,0,0,1,0,-1.4284488263581914,-0.4035821635912035
0,1,0,-0.9924020376385532,1,0,1.1712130925077,0,1,0,1,0,0,3,0.13696667663634293,-1.6637109174379858
1,1,0,1.0843365120829946,1,0,0.6062322107369008,0,0,1,1,0,0,2,1.210236570414289,0.27187507259903654
0,1,0,-1.0331224013585834,1,0,-0.4572612137728389,0,1,0,1,0,0,0,-1.0415759896239472,-0.5759906508835143
0,0,1,0.188488510242327,1,0,1.0050422449280532,0,1,0,1,0,0,2,0.8025690054871849,-0.4768651803254454
1,0,1,0.6771328748826912,1,0,1.4703206181510644,0,0,1,1,0,0,2,1.4857170091262966,-0.35635099781380414
0,0,0,-0.2594354906780068,1,0,0.5729980412209714,0,0,1,1,0,0,3,0.1884117656502592,-0.5707909361033209
0,0,0,-1.2774445836787656,1,1,0.5065297021891128,1,0,1,0,0,1,3,-0.582989134608251,-1.2405679416399986
0,0,0,1.2064976032430856,1,0,1.6364914657307112,0,1,0,0,0,1,2,1.944562418128787,-0.37084425320320596
1,0,0,0.1477681465222966,1,0,1.0050422449280532,0,1,0,1,0,0,3,0.7680254615526763,-0.6468690266726834
1,0,1,-0.0151133083578247,1,1,-1.4875204687666492,0,0,1,0,0,1,0,-1.0980671558140418,1.1830891099957954
0,0,1,-0.0965540357978854,1,0,-1.5207546382825785,0,1,0,0,1,0,0,-1.2103646675906283,1.060578980569589
1,0,0,-0.4630373092781585,1,0,1.3706181096032763,1,0,1,0,1,0,3,0.5788522398170683,-1.237390697992271
1,0,0,1.369379058123207,1,0,1.3706181096032763,1,0,1,1,0,0,2,1.8972334006127927,0.036842565958459174
1,0,0,-0.0151133083578247,1,0,0.5065297021891128,1,0,1,1,0,0,3,0.31277092190323125,-0.3376745571656284
0,1,0,-1.1960038562387048,1,0,0.5065297021891128,1,0,1,1,0,0,3,-0.46427962704035963,-1.2690573229514284
0,0,1,1.4915401492832985,1,1,-1.4875204687666492,0,0,1,1,0,0,1,-0.022083868394768877,2.231715636256177
1,0,0,-0.9109613101984924,1,1,1.5035547876669937,1,0,1,0,0,1,3,0.3782854350438019,-1.6510661968856881
0,1,0,-1.2774445836787656,1,1,0.1409538375138897,1,1,0,1,0,0,3,-0.7841134165668814,-1.1475757995241866
1,0,0,1.4915401492832985,1,1,0.8721055668643357,0,0,1,1,0,0,2,1.6381907050475284,0.472860952566983
0,1,0,-1.1552834925186746,1,0,0.971808075412124,1,0,1,1,0,0,3,-0.10708426937452728,-1.5595244087076292
1,0,1,1.369379058123207,1,1,-0.0584511795816865,0,0,1,0,1,0,1,0.8715437274651298,1.1891896636315233
0,0,0,0.1070477828022663,0,1,-1.3545837907029317,0,1,0,0,1,0,1,-1.0004927504047478,1.014038956129556
1,0,0,-0.4223169455581282,1,0,1.3373839400873468,0,1,0,1,0,0,3,0.6015060419584015,-1.2727342616414108
0,0,1,0.9214550572028734,1,0,-1.5207546382825785,0,1,0,1,0,0,1,-0.46511219135589127,1.7661285132581663
1,0,0,-0.9516816739185228,1,0,0.5397638717050421,1,0,1,1,0,0,3,-0.32285999938206267,-1.0144395104256263
0,0,0,0.9214550572028734,1,0,0.8388713973484064,0,1,0,0,1,0,2,1.1669660787485447,-0.0043749739839158905
0,0,0,0.1477681465222966,1,1,1.3706181096032763,0,0,1,0,1,0,2,1.0163380615816622,-0.8187959421962887
1,1,0,-0.2187151269579764,1,0,0.5397638717050421,1,1,0,1,0,0,3,0.23491935653664892,-0.6737128539350197
0,0,1,1.4100994218432374,1,1,1.4038522791192056,0,0,1,1,0,0,2,1.9622380016553556,0.1931036422885452
0,1,0,0.880734693482843,1,0,1.2376814315395588,1,1,0,1,0,0,2,1.5020967830462975,-0.40129566015207785
1,0,0,1.2064976032430856,0,0,-0.8560712479639913,0,1,0,0,1,0,1,0.11759765480635682,1.4480001013562647
1,0,1,0.9621754209229036,0,0,-0.4240270442569095,0,1,0,0,0,1,1,0.2697644161745181,1.1209752769364505
0,0,0,0.0663274190822359,1,0,1.5035547876669937,1,1,0,1,0,0,3,1.0633638996898431,-1.0623712693687315
0,0,1,0.0256070553622056,1,0,0.7059347192846889,1,1,0,1,0,0,3,0.47673967493641256,-0.3855939658011778
0,0,0,-1.1145631287986442,1,0,0.971808075412124,1,1,0,1,0,0,3,-0.14314574828105492,-1.5225040827625012
0,0,0,-0.6666391278783103,1,0,-1.4875204687666492,0,0,1,1,0,0,0,-1.5531106661404166,0.5571442613939682
1,0,0,0.0663274190822359,1,0,0.805637227832477,0,1,0,1,0,0,3,0.5699101973375277,-0.5670654259477667
0,1,0,1.0436161483629645,1,0,1.3706181096032763,1,1,0,1,0,0,2,1.7105907837978618,-0.37867356313373524
0,1,0,1.369379058123207,1,0,0.2074221765457484,0,1,0,1,0,0,2,1.118494949027799,0.6460531101693967
1,0,0,0.188488510242327,1,0,-1.4875204687666492,0,1,0,1,0,0,1,-0.9633480512073977,1.0899648330295761
0,0,1,-1.0738427650786138,1,0,-0.6234320613524857,0,1,0,0,1,0,0,-1.264508308148089,-0.23686537927508922
1,0,0,1.3286586944031769,1,0,0.3071246850935365,0,1,0,1,0,0,2,1.1062536690094338,0.6560742921364012
1,0,0,0.758573602322752,1,0,-1.4875204687666492,0,1,0,1,0,0,1,-0.5621579720147065,1.4880434449130835
1,0,0,-1.2367242199587352,1,0,-0.6566662308684151,1,1,0,1,0,0,0,-1.3796466001930847,-0.4746982543922423
1,0,0,-0.5851984004382496,1,0,0.1077196679979603,0,0,1,0,1,0,3,-0.39886556934106243,-0.45710408995775703
0,0,0,0.758573602322752,1,1,-0.1581536881294745,0,1,0,1,0,0,1,0.3841639747228127,0.5689789099215699
1,0,0,-0.7073594915983407,1,1,1.1712130925077,0,1,0,0,0,1,3,0.275519759925255,-1.3623599221165847
1,0,1,1.6137012404433893,1,1,1.3706181096032763,0,0,1,0,0,1,2,2.0663578858543143,0.36149161398720725
1,0,1,-0.8295205827584317,1,0,-1.5207546382825785,0,0,1,1,0,0,0,-1.6866069936972783,0.6416637071181946
1,0,0,1.125056875803025,0,1,-0.8228370784480619,0,0,1,1,0,0,1,0.13096465065219182,1.4533351079554386
0,0,0,-0.0151133083578247,1,0,-1.5207546382825785,0,1,0,1,0,0,0,-1.1294519711118454,0.9536186275805574
1,0,0,-1.0738427650786138,1,1,0.5065297021891128,1,0,1,1,0,0,3,-0.4253023768778402,-1.0679275155150572
1,0,1,0.2699292376823877,1,1,1.1712130925077,0,0,1,0,0,1,2,0.9798931605696354,-0.4401645687442132
1,0,0,-1.2367242199587352,1,1,0.3403588546094659,0,0,1,1,0,0,3,-0.6572634435892458,-1.0677709502248778
1,0,0,1.5729808767233588,1,0,0.4732955326731833,0,1,0,0,1,0,2,1.3666859836434355,0.7180912313615512
0,0,0,-1.2774445836787656,1,0,-0.1581536881294745,1,1,0,1,0,0,3,-1.0556517278278683,-0.8617663105251829
1,0,0,-1.2367242199587352,1,0,0.5065297021891128,1,1,0,1,0,0,3,-0.5582992915986271,-1.2719514351905132
0,0,1,1.6137012404433893,1,1,1.5035547876669937,0,0,1,1,0,0,2,2.1759213706751273,0.2669385881785174
0,0,0,0.3513699651224484,1,0,0.1409538375138897,0,1,0,0,0,1,3,0.2867593311468765,0.05707763285502441
1,1,0,-1.0331224013585834,1,1,0.3403588546094659,0,0,1,0,0,1,3,-0.47569044976060376,-1.0289529962904158
1,1,0,0.1070477828022663,1,1,1.0050422449280532,0,0,1,0,1,0,3,0.7822393110739136,-0.6695483289373272
1,0,0,-0.055833672077855,1,1,0.5065297021891128,0,0,1,0,0,1,3,0.2760585750375894,-0.37058840980476665
1,0,1,0.5142514200025698,1,0,-1.3545837907029317,0,1,0,0,1,0,1,-0.6638281415663204,1.3901524024155962
1,0,0,-0.7073594915983407,1,0,0.9385739058961944,1,1,0,0,0,1,3,0.10425630705815124,-1.2119451782483006
1,0,1,-0.2187151269579764,1,0,-1.4875204687666492,0,0,1,1,0,0,0,-1.233293414316696,1.0453978432562876
0,1,0,-0.055833672077855,1,0,0.8721055668643357,0,1,0,0,1,0,3,0.5560194497094011,-0.7994115343206973
0,0,1,0.3513699651224484,1,1,0.0412513289661016,1,1,0,0,0,1,1,0.2285939169263821,0.29297310679809324
1,0,0,-0.5444780367182193,1,0,-1.5207546382825785,0,1,0,1,0,0,0,-1.5026309332721282,0.6009281372021603
0,0,1,-0.3001558543980371,0,0,-0.1913878576454039,1,1,0,0,1,0,0,-0.46746198272817785,0.08193161213497141
0,0,1,-0.7073594915983407,1,1,1.3373839400873468,0,1,0,0,1,0,3,0.3849504826832246,-1.3158628841185498
0,0,1,-1.2367242199587352,1,1,0.2406563460616778,0,0,1,1,0,0,3,-0.7217775317623116,-0.8578653035151814
1,0,0,-0.8295205827584317,1,0,-0.4904953832887682,1,1,0,1,0,0,0,-0.9757469281133826,-0.30424970030377585
0,1,0,-0.3815965818380978,1,0,0.4732955326731833,0,0,1,0,0,1,3,0.07033208777498133,-0.6911104877481541
0,0,1,-0.4223169455581282,1,0,-1.4875204687666492,0,0,1,1,0,0,0,-1.3759302682613022,0.8862729754987467
1,0,1,1.5729808767233588,1,1,1.2044472620236295,0,1,0,0,0,1,2,1.9089889351666796,0.3656994578350545
0,1,1,-0.0965540357978854,1,1,1.2044472620236295,0,0,1,1,0,0,3,0.8144882659326786,-0.8121267072089816
0,0,0,-0.5037576729981889,1,1,-1.5207546382825785,0,1,0,0,0,1,0,-1.4813850944860303,0.6079287227472349
1,0,0,-1.2774445836787656,1,0,-0.291090366193192,0,1,0,1,0,0,0,-1.150165308862876,-0.7536977263490924
0,0,1,1.4508197855632678,1,1,0.6727005497687596,0,1,0,0,0,1,2,1.4481918943207066,0.6279015601400815
1,0,0,-0.748079855318371,1,0,-1.4875204687666492,0,1,0,1,0,0,0,-1.6224460384525334,0.4359785420781002
1,0,1,-1.2367242199587352,1,1,-1.4875204687666492,1,0,1,0,0,1,0,-1.9577601826555233,0.3300635131025655
1,0,0,0.2292088739623573,1,1,0.174188007029819,0,0,1,1,0,0,3,0.25703285882132315,0.06975307758960787
1,0,0,-0.5851984004382496,1,1,-1.4875204687666492,0,1,0,0,1,0,0,-1.5296679309256263,0.564056312011015
0,0,0,-0.055833672077855,1,0,1.3041497705714176,0,1,0,1,0,0,3,0.8365922012466454,-1.0110018552069222
0,0,1,1.5729808767233588,1,0,-0.0252170100657571,0,0,1,1,0,0,2,1.0607859111461495,1.277286975516053
1,0,0,1.4100994218432374,1,1,1.5035547876669937,0,0,1,1,0,0,2,2.0267520898284213,-0.01680200442115111
1,0,0,1.6137012404433893,1,1,0.9053397363802652,0,1,0,0,0,1,2,1.7211999832453364,0.44061801044872756
1,1,0,-0.0151133083578247,1,1,1.3706181096032763,1,1,0,0,0,1,3,0.9568222640353446,-1.1054881449085625
1,0,1,-1.1552834925186746,1,1,0.5397638717050421,1,0,1,0,1,0,3,-0.4827480073967817,-0.9837458248345478
0,0,0,-0.3815965818380978,1,0,-0.1581536881294745,0,0,1,1,0,0,3,-0.413832988150405,-0.15496292500515926
0,0,1,1.369379058123207,1,0,0.0744854984820309,0,1,0,0,0,1,2,0.9614778474392459,0.9720132162758925
1,1,0,1.002895784642934,1,0,1.3373839400873468,0,1,0,0,0,1,2,1.642772062628525,-0.3808907108137192
0,0,0,0.1477681465222966,1,0,0.8388713973484064,0,1,0,1,0,0,3,0.6513354489491091,-0.5499296500720757
1,0,0,-0.7888002190384014,0,0,-1.3213496211870024,0,0,1,1,0,0,0,-1.574887738611966,0.4495723818258391
0,0,0,-0.9516816739185228,1,1,0.6062322107369008,1,0,1,1,0,0,3,-0.2682865591185263,-1.0679148776933027
0,0,1,-1.1145631287986442,1,1,0.5397638717050421,0,0,1,0,0,1,3,-0.43965453922539355,-0.9910862629699574
0,0,0,1.4100994218432374,1,1,0.7059347192846889,0,1,0,0,0,1,2,1.4377607335416804,0.4181651165423191
1,0,0,-1.1552834925186746,1,1,0.3403588546094659,1,1,0,0,0,1,3,-0.6263776655793292,-1.1056694165977183
0,0,0,-1.2774445836787656,1,1,0.174188007029819,1,1,0,1,0,0,3,-0.8139870770812397,-1.0805170413190328
0,0,1,-0.055833672077855,1,0,-1.4875204687666492,1,1,0,0,0,1,0,-1.1444494506550396,1.04741381506766
1,0,0,-1.1960038562387048,1,1,-0.7231345699002738,1,1,0,0,0,1,0,-1.4059802105223111,-0.4051864092881213
0,0,1,-1.1552834925186746,1,0,0.4732955326731833,0,1,0,0,1,0,3,-0.5474079999294136,-1.0454296085825314
0,0,0,0.0256070553622056,1,0,1.0050422449280532,0,1,0,0,0,1,3,0.6676515722783642,-0.7626410796714095
0,0,1,1.0436161483629645,1,0,-1.3213496211870024,0,1,0,1,0,0,1,-0.2383404929126932,1.7147590990963573
1,0,1,-0.3001558543980371,1,0,-1.3213496211870024,0,1,0,0,0,1,0,-1.1996980434197686,0.7798693190884062
1,0,0,-1.1552834925186746,1,0,0.3735930241253952,1,1,0,1,0,0,3,-0.5948546869818951,-1.1239684128302097
1,1,0,0.758573602322752,1,1,0.971808075412124,0,1,0,1,0,0,2,1.2347396266359878,-0.27837909413985223
1,0,0,-0.5444780367182193,0,1,-1.3213496211870024,0,0,1,1,0,0,0,-1.3959551420954577,0.6292133934958549
0,0,0,-0.8702409464784621,1,1,-0.6899004003843444,1,1,0,0,1,0,0,-1.1664080702901312,-0.19862482427726963
0,0,0,-0.3408762181180675,1,0,-0.291090366193192,0,1,0,1,0,0,3,-0.49042200442209943,-0.11666537033961866
1,0,0,-0.5851984004382496,1,1,0.3071246850935365,0,1,0,0,1,0,3,-0.2624463690941774,-0.6659914526491744
0,0,0,-1.1552834925186746,0,0,-1.3545837907029317,1,1,0,0,1,0,0,-1.8958362026224906,0.12354328038184861
0,0,0,-0.8295205827584317,1,1,0.4400613631572539,1,0,1,1,0,0,3,-0.29965258623358626,-0.8687190064613698
1,1,0,-0.5444780367182193,1,0,0.7724030583165477,1,1,0,0,0,1,3,0.15488744064534055,-1.0741525409669357
1,1,0,-0.055833672077855,1,0,1.071510583959912,0,1,0,1,0,0,3,0.7250181488063128,-0.9244347046189414
1,1,0,1.1657772395230557,1,0,-0.0252170100657571,0,1,0,1,0,0,2,0.81029799897302,0.6802867484555153
1,1,0,-0.9924020376385532,1,0,0.174188007029819,0,1,0,0,1,0,3,-0.5965322398880502,-0.9580919818512086
0,0,1,0.6771328748826912,1,0,0.7391688888006183,0,1,0,1,0,0,2,0.9587096885450442,0.046574356900022804
1,0,0,-1.1145631287986442,0,0,-0.4572612137728389,1,0,1,1,0,0,0,-1.1939954974804785,-0.37014633070059483
1,0,1,0.1070477828022663,1,1,0.2738905155776072,0,0,1,0,0,1,3,0.23165664274171355,0.06112256733345082
1,0,0,1.5322605130033284,1,0,1.7029598047625698,1,1,0,1,0,0,2,2.2351526104630297,-0.15845859200598555
1,0,0,-1.2774445836787656,1,0,1.2044472620236295,1,0,1,0,0,1,3,-0.0978200577954296,-1.7110018074683289
0,0,0,-0.055833672077855,1,0,0.7724030583165477,0,1,0,0,0,1,3,0.44606924210337406,-0.6600588166379706
0,1,0,-0.7888002190384014,1,0,0.3071246850935365,1,1,0,1,0,0,3,-0.329894867179293,-0.929294764600875
1,0,1,-0.1779947632379461,0,1,-0.4572612137728389,0,0,1,0,0,1,0,-0.5377116303621168,0.43788388890098334
1,1,0,0.7178532386027215,1,1,0.174188007029819,0,0,1,1,0,0,2,0.6542507960321159,0.32112589583322404
0,1,0,-0.4223169455581282,1,0,-1.4875204687666492,0,1,0,0,1,0,0,-1.3680501414918,0.5619658105163974
1,0,1,0.1477681465222966,0,0,-0.1249195186135452,0,1,0,1,0,0,1,-0.0771107709620898,0.36079914326499973
1,0,0,0.3106496014024181,1,1,1.3706181096032763,0,0,1,1,0,0,2,1.159160101831721,-0.6934103923909697
1,0,1,-0.5444780367182193,1,0,-0.4904953832887682,0,1,0,1,0,0,0,-0.7699100960062188,0.05331320036411036
0,0,1,-1.1552834925186746,1,1,0.5397638717050421,1,1,0,0,0,1,3,-0.4796881601138201,-1.1007717306647202
0,0,0,0.1070477828022663,1,0,0.7059347192846889,1,1,0,0,0,1,3,0.5137608470958882,-0.500764745768496
0,0,0,-0.5037576729981889,1,1,0.1409538375138897,0,0,1,1,0,0,3,-0.28160470604776616,-0.4362375531798104
1,0,0,-0.8702409464784621,1,0,-1.4875204687666492,0,1,0,0,1,0,0,-1.737256961670184,0.35598111377789143
0,0,1,-0.9516816739185228,1,0,-1.4875204687666492,0,1,0,0,0,1,0,-1.774891003672126,0.4218617106792915
0,0,1,1.5729808767233588,1,0,1.1379789229917707,0,1,0,1,0,0,2,1.8707560330802302,0.39878251358612676
0,0,1,1.5729808767233588,1,0,-1.4875204687666492,0,1,0,0,0,1,1,0.0018079184669353987,2.184781277591966
0,0,0,1.5729808767233588,1,1,1.6032572962147815,0,1,0,0,0,1,2,2.185997251369602,-0.08312201953534484
0,0,0,-0.055833672077855,1,0,0.4732955326731833,0,0,1,1,0,0,3,0.26129273891098115,-0.36028401636221635
0,1,0,-1.2774445836787656,1,1,0.174188007029819,1,1,0,1,0,0,3,-0.7606463506070398,-1.1703544618327086
1,0,0,-0.055833672077855,1,1,0.3735930241253952,0,0,1,0,0,1,3,0.1821903111982227,-0.27947376057067846
0,0,0,-1.2774445836787656,1,0,0.2074221765457484,1,1,0,0,0,1,3,-0.8125639060554152,-1.1258471542863258
1,0,0,-1.2774445836787656,1,1,0.1409538375138897,1,0,1,0,1,0,3,-0.8555638941098479,-0.9542280315477392
1,0,1,1.4100994218432374,1,1,0.5065297021891128,1,0,1,1,0,0,2,1.32798190354399,0.8250814595606423
0,1,0,0.4328106925625091,1,1,0.971808075412124,0,0,1,0,0,1,2,1.0024607528818057,-0.45507079882246154
1,1,0,-0.4630373092781585,1,0,0.7391688888006183,0,1,0,1,0,0,3,0.20378314692740246,-0.9809899471647977
0,0,0,1.1657772395230557,1,1,1.3706181096032763,0,1,0,1,0,0,2,1.7502133511560223,-0.19449769063936642
1,0,1,-1.0738427650786138,1,0,-1.3213496211870024,0,1,0,0,0,1,0,-1.7441702937527066,0.23961977438936086
0,0,0,-0.3408762181180675,1,1,-1.4875204687666492,0,1,0,0,0,1,0,-1.3432922916139913,0.6988868066911436
1,0,0,0.2699292376823877,1,1,0.5397638717050421,0,0,1,1,0,0,2,0.5438270186076308,-0.15237802124102678
0,0,1,1.3286586944031769,1,0,-1.3213496211870024,0,1,0,1,0,0,1,-0.03774545331634763,1.913798405038111
0,0,0,-1.2774445836787656,1,1,0.7059347192846889,1,1,0,0,0,1,3,-0.4535639255095782,-1.458491196622786
1,0,0,-1.0738427650786138,1,0,0.7724030583165477,0,1,0,1,0,0,3,-0.25593702700769644,-1.3404439874062586
0,1,0,0.9621754209229036,1,0,1.2044472620236295,1,0,1,1,0,0,2,1.5473197722029315,-0.24039734358568532
0,0,0,-0.3815965818380978,1,1,0.1409538375138897,0,0,1,1,0,0,3,-0.19563540336361798,-0.3509349934904874
1,0,0,0.0663274190822359,1,0,-1.4875204687666492,0,1,0,1,0,0,1,-1.049317353891546,1.0046622733402533
1,0,0,-0.4630373092781585,1,0,-1.4875204687666492,0,1,0,1,0,0,0,-1.4218509988561878,0.6350178480198537
1,0,0,1.2064976032430856,1,1,0.1409538375138897,0,1,0,0,1,0,2,0.881101407140787,0.6990060676701725
1,0,0,1.2064976032430856,1,0,-1.4875204687666492,0,1,0,0,0,1,1,-0.2619870992919682,1.7873039387398668
0,0,0,0.758573602322752,1,0,1.5700231266988525,0,1,0,0,1,0,2,1.5686157929528635,-0.6192422910238312
1,0,0,-0.5851984004382496,1,0,-0.2578561966772627,0,0,1,0,0,1,0,-0.6432115781516227,-0.22535949432052976
0,0,0,0.0663274190822359,1,1,0.3071246850935365,1,0,1,1,0,0,3,0.23692070294413325,-0.15205225283891335
0,0,0,1.1657772395230557,1,0,0.971808075412124,0,1,0,1,0,0,2,1.4616145684897102,0.06981036477152783
1,1,0,-1.2367242199587352,1,0,-0.4904953832887682,0,0,1,1,0,0,0,-1.1975933572592996,-0.5971777053168731
1,0,1,1.6137012404433893,1,0,-0.3243245357091214,0,1,0,1,0,0,1,0.8662162478796063,1.446431776666206
0,0,0,0.8400143297628127,1,1,1.5035547876669937,0,0,1,1,0,0,2,1.6262073278313707,-0.4318345512466607
1,0,0,-1.0738427650786138,1,0,0.4732955326731833,0,1,0,1,0,0,3,-0.4671406206462713,-1.1354360266295604
0,0,0,-0.3408762181180675,1,1,0.6394663802528302,0,0,1,0,0,1,3,0.16997711647625124,-0.6776962999226109
1,0,1,1.4508197855632678,1,1,0.2074221765457484,0,0,1,1,0,0,2,1.1454347441334642,1.0585236069004484
0,0,1,0.5956921474426305,0,0,-0.1581536881294745,0,1,0,0,1,0,1,0.18644663624875013,0.6847050542148178
1,1,0,0.5956921474426305,1,1,0.7059347192846889,1,0,1,1,0,0,2,0.9437545487054341,-0.12863526079245133
0,0,1,0.1477681465222966,1,1,-1.5207546382825785,0,1,0,0,0,1,1,-1.017640354326422,1.2213993024830903
0,0,1,1.1657772395230557,1,1,1.2044472620236295,0,1,0,0,1,0,2,1.6092781933341298,0.08322434701849069
1,0,0,1.6137012404433893,1,1,0.4732955326731833,0,0,1,1,0,0,2,1.4425552162135766,0.8315074599585698
0,0,1,0.1070477828022663,1,0,-0.3243245357091214,0,0,1,1,0,0,1,-0.18204931470220254,0.4586642200208755
0,0,0,-0.3001558543980371,1,0,-1.2548812821551436,0,1,0,0,1,0,0,-1.1711521035629602,0.5776551545597419
1,1,0,0.1070477828022663,1,1,1.2044472620236295,1,1,0,0,0,1,3,0.9254562369202844,-0.9062922736766296
0,0,1,-0.3408762181180675,0,0,-0.2246220271613333,0,1,0,1,0,0,0,-0.4907438623825663,0.07097095649127155
1,0,0,0.9621754209229036,1,1,-1.3213496211870024,1,0,1,1,0,0,1,-0.2831692932666619,1.6066082396090369
1,1,0,-0.2594354906780068,1,1,0.971808075412124,0,0,1,1,0,0,3,0.5297059575951304,-0.9079824770858885
0,0,0,1.6137012404433893,1,0,0.5065297021891128,0,1,0,1,0,0,2,1.4482964215604701,0.7014876892850201
0,0,0,0.188488510242327,1,1,0.0080171594501722,0,1,0,1,0,0,3,0.10030922532932947,0.057006986495452674
1,0,0,-1.0331224013585834,1,1,0.3071246850935365,1,0,1,1,0,0,3,-0.5374483384088408,-0.9028213551008174
1,0,0,1.4915401492832985,1,0,0.4732955326731833,1,0,1,1,0,0,2,1.3495919223812167,0.7371690079778771
1,0,1,-0.9924020376385532,1,0,-1.4875204687666492,0,0,1,1,0,0,0,-1.7777656646496347,0.5051482985572421
0,0,1,-0.8295205827584317,0,0,-1.1551787736073555,0,0,1,1,0,0,0,-1.4803217333343481,0.4488145435042516
1,0,1,0.4735310562825394,1,0,-1.288115451671073,0,0,1,1,0,0,1,-0.605331636680807,1.3921070409779857
1,0,1,1.6137012404433893,1,0,0.5397638717050421,0,1,0,1,0,0,2,1.476359962835489,0.8541865566446333
1,0,0,0.9621754209229036,1,0,0.971808075412124,1,1,0,1,0,0,2,1.3176870801538223,-0.0554066331020082
0,0,0,-0.9109613101984924,1,0,-1.4875204687666492,0,1,0,0,0,1,0,-1.7514763619548948,0.29177230251626646
1,1,0,-1.2774445836787656,1,0,0.1409538375138897,1,1,0,1,0,0,3,-0.7917527249107347,-1.1396577568735544
1,0,1,0.5956921474426305,1,0,-0.3575587052250508,0,1,0,1,0,0,1,0.12633832621853025,0.7583557748970366
1,0,0,0.4735310562825394,1,1,-1.4875204687666492,0,0,1,0,0,1,1,-0.7594317375882677,1.3657757540269544
1,0,0,-1.1960038562387048,1,0,0.4400613631572539,1,1,0,1,0,0,3,-0.5765769892902611,-1.1979599240103613
0,0,0,-0.9924020376385532,1,1,0.2074221765457484,1,0,1,0,0,1,3,-0.5935976886504802,-0.8365206749215469
1,0,0,-0.6666391278783103,1,1,-1.45428629925072,0,0,1,1,0,0,0,-1.5232949262280038,0.5603554263188187
1,0,1,1.6137012404433893,1,1,0.5729980412209714,0,0,1,0,0,1,2,1.5031483028181152,0.9081795093917359
0,0,0,-1.2774445836787656,1,0,-0.6234320613524857,1,1,0,0,1,0,0,-1.4130322717991541,-0.5375599068167602
0,1,0,1.5729808767233588,1,0,0.805637227832477,0,1,0,1,0,0,2,1.6841843074451954,0.37820812143153865
0,1,0,0.9621754209229036,1,0,0.1077196679979603,0,1,0,0,0,1,2,0.7464795050819756,0.4165316730964856
1,0,1,-0.8702409464784621,1,1,0.0080171594501722,0,0,1,1,0,0,3,-0.6287844026243997,-0.42555305334555593
0,0,0,1.125056875803025,1,0,0.5397638717050421,0,1,0,0,1,0,2,1.0990446562502167,0.34280391960832046
0,1,0,0.3920903288424788,1,0,1.3373839400873468,0,1,0,0,0,1,2,1.213570866403425,-0.8243574442023365
0,0,0,-1.2367242199587352,1,1,-0.4572612137728389,0,1,0,0,1,0,0,-1.260046516623684,-0.6139831395048926
0,0,0,-0.9516816739185228,1,0,-1.4875204687666492,0,1,0,0,1,0,0,-1.793924512930642,0.28215880570967367
1,0,0,-1.2774445836787656,1,0,0.3403588546094659,0,0,1,0,0,1,3,-0.7079637727513124,-1.1187565874467562
1,0,1,0.7992939660427822,0,0,-0.4904953832887682,0,0,1,1,0,0,1,0.1346316377888193,1.1475626948001199
1,1,0,0.1070477828022663,1,0,1.1379789229917707,1,1,0,0,1,0,3,0.8577363971046909,-0.8509501515944407
1,0,1,-0.5037576729981889,1,0,-1.5207546382825785,1,0,1,0,1,0,0,-1.4861971404063858,0.8744423310121703
0,0,0,-0.7073594915983407,1,1,0.3403588546094659,0,0,1,1,0,0,3,-0.2840844814289632,-0.7150804598464809
1,0,0,-0.62591876415828,1,0,0.2074221765457484,0,1,0,0,1,0,3,-0.368497992349964,-0.635125544578086
1,0,0,-0.0965540357978854,1,0,0.8388713973484064,1,0,1,1,0,0,3,0.49012871304554906,-0.622329553377064
0,0,0,-1.2774445836787656,1,1,1.0382764144439829,0,0,1,1,0,0,3,-0.19246617546497957,-1.5915109802089504
1,0,0,-0.9109613101984924,1,0,0.6727005497687596,1,0,1,1,0,0,3,-0.2003353013146467,-1.0771199730966068
0,0,0,-0.7888002190384014,1,0,0.174188007029819,0,1,0,1,0,0,3,-0.4771038574928596,-0.7483426948531112
1,0,0,-1.1552834925186746,1,1,1.1712130925077,1,1,0,0,0,1,3,-0.03970101658328809,-1.675135974310769
0,1,0,-1.1960038562387048,1,0,0.174188007029819,1,1,0,1,0,0,3,-0.7103274732991532,-1.1225219809978633
0,0,0,1.0843365120829946,1,0,0.5065297021891128,0,0,1,1,0,0,2,1.0871399632562053,0.4130945450962758
0,0,0,-1.2367242199587352,1,0,0.174188007029819,1,1,0,1,0,0,3,-0.7923246340014026,-1.0611187470472951
0,0,1,-0.748079855318371,1,0,0.5397638717050421,0,1,0,1,0,0,3,-0.18506790519573374,-0.8119501989576131
1,0,0,-1.2774445836787656,0,0,-1.3213496211870024,1,1,0,1,0,0,0,-1.9301421360089357,0.027110861936891932
1,1,0,0.4328106925625091,1,1,1.270915601055488,1,0,1,1,0,0,2,1.228068933110544,-0.6296092662897564
0,0,0,-0.6666391278783103,1,1,0.3403588546094659,0,0,1,1,0,0,3,-0.2554280472009138,-0.6866462732833732
1,1,0,0.8400143297628127,0,1,-0.3575587052250508,1,1,0,0,0,1,1,0.2858221705216473,0.750790269681645
0,0,1,-1.1552834925186746,1,0,-1.3213496211870024,0,1,0,0,1,0,0,-1.8146295617608623,0.1846181560776579
0,0,0,-0.6666391278783103,1,0,0.3403588546094659,0,1,0,1,0,0,3,-0.27379922500950316,-0.7769334467063984
0,0,0,0.4328106925625091,1,0,-0.3243245357091214,0,0,1,1,0,0,1,0.04196036661137413,0.527614117799604
1,1,0,-0.9924020376385532,1,1,0.5397638717050421,1,0,1,1,0,0,3,-0.2911817159876998,-1.1236752252110398
1,0,1,-1.0738427650786138,1,1,-0.5237295528046976,0,0,1,0,1,0,0,-1.1763812496556154,-0.1979602578356276
0,0,0,1.6137012404433893,1,0,1.5700231266988525,0,1,0,1,0,0,2,2.199242532275403,-0.027429504587684617
0,0,1,1.125056875803025,0,0,-0.4904953832887682,0,1,0,0,1,0,1,0.32430962161497545,1.2821361026204374
1,0,1,-1.318164947398796,1,1,-1.4875204687666492,0,0,1,1,0,0,0,-2.000023147325817,0.28671069834375085
0,0,0,0.9214550572028734,1,0,0.8388713973484064,0,1,0,1,0,0,2,1.1958076992820472,-0.009680105373030101
0,0,0,0.9621754209229036,1,1,1.1379789229917707,0,0,1,1,0,0,2,1.4540389049572606,-0.09596670616359551
1,0,0,-1.2367242199587352,1,0,-0.0916853490976158,1,1,0,1,0,0,3,-0.9807064788757767,-0.8619355136371168
0,0,0,1.2879383306831464,1,0,1.3373839400873468,0,1,0,0,0,1,2,1.7906716929463113,-0.10896791930029229
0,0,0,0.3920903288424788,1,0,0.3071246850935365,1,0,1,1,0,0,2,0.4591781856203161,0.06638534737457788
0,0,1,-1.1145631287986442,1,1,-0.5237295528046976,0,1,0,0,0,1,0,-1.2019778366007032,-0.3434203502289079
1,0,1,1.6137012404433893,1,0,1.7361939742784993,0,1,0,0,1,0,2,2.2923327168562855,0.039459844926954694
0,1,0,0.0256070553622056,1,1,0.5397638717050421,1,0,1,1,0,0,3,0.42587445690917547,-0.4297744960753509
1,1,0,-0.0151133083578247,1,1,0.6727005497687596,1,0,1,0,0,1,3,0.475391065539047,-0.5458849552979449
1,0,1,-1.1145631287986442,1,0,-1.4875204687666492,0,1,0,1,0,0,0,-1.8751121539941595,0.338594457736264
0,0,0,-1.1960038562387048,1,0,0.3071246850935365,1,1,0,1,0,0,3,-0.6697999359339866,-1.1237992097182756
0,1,0,-1.0738427650786138,1,1,0.6394663802528302,1,1,0,0,0,1,3,-0.3038751598148146,-1.3606003597038794
1,0,0,1.4915401492832985,1,1,1.3706181096032763,1,0,1,1,0,0,2,1.9901966944451535,0.13118101793915252
0,0,0,-0.7888002190384014,1,0,0.5065297021891128,0,1,0,0,1,0,3,-0.27127481842794565,-0.9708241865492174
1,0,1,-0.4223169455581282,1,0,0.3403588546094659,0,1,0,1,0,0,3,-0.09726414432602956,-0.4308507976596172
1,0,0,1.1657772395230557,1,0,0.174188007029819,0,1,0,0,0,1,2,0.882709764472065,0.6199366367506581
0,1,0,0.0256070553622056,0,1,-0.1913878576454039,0,1,0,0,1,0,3,-0.1831175837921889,0.07007998169139415
1,0,0,0.3513699651224484,1,1,0.2738905155776072,1,0,1,0,0,1,2,0.39835345559919155,0.07320409198596398
0,0,0,0.5142514200025698,1,1,1.6032572962147815,0,0,1,1,0,0,2,1.4673570518865005,-0.7276440306770878
1,1,0,1.5322605130033284,1,0,0.8388713973484064,0,1,0,0,1,0,2,1.6495080014478443,0.3492543388910255
1,0,1,0.9214550572028734,1,1,-0.2246220271613333,1,1,0,0,1,0,1,0.42761043449700153,0.909055641848294
1,0,1,0.7992939660427822,0,0,-0.6899004003843444,0,1,0,0,0,1,1,-0.032597848416412556,1.189467829152196
1,0,0,-1.1960038562387048,0,0,-0.8228370784480619,1,0,1,1,0,0,0,-1.509446091494835,-0.17644941843306788
0,0,0,-0.0965540357978854,1,1,1.1712130925077,1,0,1,0,0,1,3,0.7173887772020138,-0.8715497774803173
1,1,0,1.5322605130033284,0,0,-0.6566662308684151,1,1,0,1,0,0,1,0.5698338713975042,1.443659068107204
0,0,1,-0.9516816739185228,1,0,0.9385739058961944,0,1,0,1,0,0,3,-0.04674528481788093,-1.2274650794754154
1,0,1,-0.4630373092781585,1,1,-1.4875204687666492,0,0,1,1,0,0,0,-1.3982380285367804,0.8838286161690118
0,0,1,0.9214550572028734,1,0,0.3735930241253952,0,1,0,1,0,0,2,0.8725105683550826,0.4677447616724111
1,0,0,0.3513699651224484,1,0,0.0080171594501722,0,1,0,0,1,0,1,0.1784540333641711,0.18396690678762995
0,0,1,1.2064976032430856,1,0,-1.288115451671073,0,1,0,0,1,0,1,-0.12908931057415696,1.81102231442938
0,0,0,-1.2774445836787656,1,0,0.5065297021891128,1,1,0,1,0,0,3,-0.5863104086310356,-1.3173395566956232
0,1,0,1.4100994218432374,1,0,-0.3243245357091214,0,1,0,0,0,1,1,0.7566284241125772,1.0254303353014562
0,0,0,1.247217966963116,1,1,0.5065297021891128,0,0,1,1,0,0,2,1.208759691316615,0.5358671836400765
1,0,0,0.2292088739623573,1,0,0.1409538375138897,0,1,0,1,0,0,3,0.21519461505289222,0.002244566475104598
0,0,0,1.5322605130033284,0,1,-0.2246220271613333,0,0,1,1,0,0,1,0.8405814974054759,1.3107071170911162
1,0,1,0.2292088739623573,1,1,-1.4875204687666492,0,0,1,1,0,0,1,-0.9110786466599408,1.3672097877418419
0,0,1,-1.1145631287986442,0,0,-1.1551787736073555,0,1,0,1,0,0,0,-1.6922939595910707,0.16852395643084275
1,0,0,-0.3408762181180675,1,1,-0.4904953832887682,0,0,1,1,0,0,0,-0.6134985395682008,0.1272477118765411
1,0,0,-0.6666391278783103,1,0,0.3071246850935365,1,1,0,1,0,0,3,-0.29791160816498574,-0.7372008494558738
0,0,0,1.4508197855632678,0,1,-0.8560712479639913,0,0,1,0,0,1,1,0.3223444719265812,1.6731177694594188
0,0,1,1.002895784642934,1,0,1.2044472620236295,0,1,0,0,0,1,2,1.5014501820214177,-0.0583689812818251
1,1,0,1.125056875803025,1,1,1.3041497705714176,0,0,1,1,0,0,2,1.7386953809472254,-0.1690067570254483
0,0,0,-0.1372743995179157,1,1,0.2074221765457484,0,1,0,0,1,0,3,-0.016981473269518224,-0.30183334847142645
0,0,1,-0.9516816739185228,1,1,0.0412513289661016,0,0,1,1,0,0,3,-0.6619848879250159,-0.5221540237222958
0,0,0,1.5729808767233588,1,1,-1.288115451671073,0,0,1,1,0,0,1,0.17078960330956117,1.9933884408051272
0,0,0,-0.3408762181180675,0,0,-0.3575587052250508,1,1,0,0,1,0,0,-0.6186955392662539,0.008867142388341138
1,1,0,-1.2367242199587352,1,0,-0.5237295528046976,1,1,0,1,0,0,0,-1.2324376098795182,-0.6556503241400063
1,0,1,1.369379058123207,1,1,-1.45428629925072,0,1,0,0,0,1,1,-0.11165851276089869,2.045821509701278
1,0,0,0.880734693482843,1,1,1.3041497705714176,1,1,0,1,0,0,2,1.5020388624443521,-0.3310257370220738
0,0,0,1.6137012404433893,1,1,1.6364914657307112,0,1,0,0,0,1,2,2.238120751557493,-0.07746649528075941
1,0,0,0.7992939660427822,1,1,-1.4875204687666492,0,0,1,1,0,0,1,-0.5151303599780678,1.6067648048992165
1,0,1,1.5729808767233588,1,1,0.4068271936413246,0,1,0,0,0,1,2,1.3457793521304806,0.9123873532395831
0,1,0,-1.1145631287986442,1,1,0.4732955326731833,1,0,1,0,1,0,3,-0.452281453929393,-1.1750692638362068
1,0,0,0.3920903288424788,1,0,-1.4875204687666492,0,1,0,0,0,1,1,-0.8351157838529557,1.218620207477714
0,0,0,-1.2367242199587352,1,0,-0.6566662308684151,1,1,0,0,0,1,0,-1.3940511867832486,-0.5051677477016454
1,0,0,-0.8702409464784621,1,0,0.3403588546094659,1,1,0,0,1,0,3,-0.4465683338788936,-0.89684531319082
0,0,1,0.3513699651224484,1,0,0.5065297021891128,1,1,0,0,1,0,2,0.536347132468255,-0.016143368056070223
0,0,1,1.4508197855632678,1,0,0.7724030583165477,0,0,1,1,0,0,2,1.538026191498201,0.6452965204222013
0,1,0,0.7178532386027215,1,1,1.0050422449280532,1,1,0,0,0,1,2,1.215145671777616,-0.360061436320885
1,0,0,0.8400143297628127,1,1,0.971808075412124,1,0,1,0,0,1,2,1.2350390514924585,-0.06393757773570669
0,0,1,-0.9924020376385532,1,0,0.6394663802528302,1,1,0,1,0,0,3,-0.28660531268450506,-1.050891305261825
0,0,0,0.7178532386027215,1,0,1.3041497705714176,0,1,0,0,1,0,2,1.3522228310460809,-0.46544717911876266
0,0,0,0.7178532386027215,1,0,1.1712130925077,0,1,0,1,0,0,2,1.2871961877402167,-0.37963766127378873
0,0,0,-0.9924020376385532,1,1,-0.1581536881294745,0,1,0,0,1,0,3,-0.8769043176168132,-0.6483859809029451
0,0,0,-0.9109613101984924,0,1,-1.1551787736073555,0,0,1,1,0,0,0,-1.535882403153053,0.2424584679432736
0,0,1,0.188488510242327,1,0,-1.3545837907029317,0,0,1,1,0,0,1,-0.8522154910011948,1.2216711247112735
0,0,1,0.6771328748826912,1,0,-0.0916853490976158,0,1,0,1,0,0,1,0.3720330395490032,0.6160409146130733
0,0,0,-0.62591876415828,0,1,-0.9557737565117794,0,0,1,1,0,0,0,-1.1944849677976574,0.30482580003389503
1,0,1,-0.8295205827584317,1,1,-1.4875204687666492,0,0,1,0,0,1,0,-1.6711958403750293,0.614405378733642
1,0,1,-0.3815965818380978,1,1,1.1712130925077,1,1,0,0,0,1,3,0.5100130262604684,-0.976362834885591
0,0,1,1.5729808767233588,0,1,-0.1913878576454039,0,0,1,1,0,0,1,0.8979467901041852,1.4748862360718344
0,0,1,1.5729808767233588,1,1,0.4400613631572539,0,1,0,1,0,0,2,1.3849416390717677,0.8861703143564593
1,0,0,-0.3408762181180675,1,0,0.805637227832477,0,0,1,0,1,0,3,0.26588142118390845,-0.7648508790580737
1,0,1,0.5142514200025698,1,0,0.4732955326731833,0,1,0,0,1,0,2,0.6268604862249699,0.13732597544688496
1,0,1,0.3920903288424788,1,0,-0.0252170100657571,0,1,0,1,0,0,1,0.2177268146766998,0.38839821899627813
0,0,0,-0.5851984004382496,1,0,1.0382764144439829,1,0,1,0,1,0,3,0.2588575947301448,-1.1118605695383763
0,0,0,-0.2594354906780068,1,0,0.3071246850935365,0,0,1,1,0,0,3,0.0006752379715260493,-0.3885616376351446
1,0,1,-0.9516816739185228,1,0,-0.3243245357091214,1,1,0,0,0,1,0,-0.9541890122733092,-0.358437535176977
0,0,0,-1.2367242199587352,1,0,-0.6899004003843444,0,1,0,1,0,0,0,-1.4024683489572853,-0.46887352702572277
0,0,1,-1.1145631287986442,1,1,-0.6566662308684151,0,0,1,1,0,0,0,-1.2694190099938882,-0.15753886149576382
1,1,0,-1.0738427650786138,1,0,0.6394663802528302,1,1,0,0,0,1,3,-0.3115144681586678,-1.352682317053247
1,1,0,0.7992939660427822,1,0,1.536788957182923,0,0,1,1,0,0,2,1.6667193776935096,-0.5649667779813338
1,0,0,1.002895784642934,1,1,0.3071246850935365,0,0,1,0,0,1,2,0.8803234692078233,0.5053724146871644
1,0,0,-0.1372743995179157,1,0,0.3403588546094659,0,0,1,1,0,0,3,0.10946628941987495,-0.30908380531234114
0,0,1,1.4100994218432374,1,1,-1.3213496211870024,0,1,0,0,0,1,1,0.01151150250215835,1.9661871120882954
0,0,0,0.3920903288424788,1,0,1.3373839400873468,1,0,1,1,0,0,2,1.1866572303754068,-0.639753184189605
0,0,0,-0.8295205827584317,1,0,-1.5207546382825785,0,1,0,0,0,1,0,-1.7176305594586374,0.37141933795100374
1,0,1,-1.0331224013585834,0,0,-1.0222420955436382,1,1,0,0,1,0,0,-1.5705997650247487,0.15653674665408684
0,0,0,-0.8295205827584317,1,1,-1.4875204687666492,0,0,1,0,1,0,0,-1.6895840324379043,0.4577485388220219
0,0,0,-0.7888002190384014,0,0,-0.5237295528046976,1,1,0,1,0,0,0,-1.0224100250405026,-0.1953207296523472
1,0,0,-0.055833672077855,1,0,0.2074221765457484,0,1,0,1,0,0,3,0.06153370737622997,-0.24235206408369292
1,0,1,-0.9516816739185228,0,0,-1.1551787736073555,1,1,0,0,1,0,0,-1.6071551604080165,0.3045197690143901
1,0,0,1.247217966963116,1,0,-1.4875204687666492,0,1,0,0,1,0,1,-0.24712238181161655,1.8345588150594894
1,1,0,0.5142514200025698,1,1,1.1379789229917707,0,0,1,1,0,0,2,1.1915135377272763,-0.481626243929453
0,1,0,-0.8295205827584317,1,0,0.4732955326731833,0,1,0,1,0,0,3,-0.24121597160813413,-1.0716222627065926
1,0,0,0.3513699651224484,1,0,0.5065297021891128,0,1,0,1,0,0,2,0.5593016432952985,-0.1630181592293147
1,0,0,-1.1145631287986442,1,0,-1.45428629925072,1,1,0,1,0,0,0,-1.8568868805451364,0.1572922007016093
1,1,0,1.5729808767233588,0,0,-0.6234320613524857,0,1,0,0,0,1,1,0.6069074677995906,1.4357990339943891
0,0,1,1.6137012404433893,1,0,0.4732955326731833,0,1,0,0,0,1,2,1.415021244325642,0.8692743879522742
1,0,0,-0.9516816739185228,1,1,0.1409538375138897,0,0,1,0,0,1,3,-0.612520703537755,-0.745575228799393
0,0,1,0.758573602322752,1,0,0.8388713973484064,0,0,1,0,0,1,2,1.08275103775524,0.10284246586492643
0,0,1,0.1070477828022663,0,1,-0.7896029089321326,0,0,1,1,0,0,1,-0.5560920293827418,0.8612714413533554
1,0,0,0.9621754209229036,1,0,1.2044472620236295,0,1,0,0,1,0,2,1.4531149213392112,-0.20955213787254812
0,1,0,-0.5851984004382496,1,1,0.3403588546094659,0,0,1,0,1,0,3,-0.17361607280411767,-0.7143101892817194
1,0,0,0.4735310562825394,1,0,1.5700231266988525,0,1,0,0,0,1,2,1.3811671529085745,-0.8201483517800974
0,0,1,0.6364125111626608,0,1,-1.1551787736073555,0,1,0,1,0,0,1,-0.4530732966367351,1.400229870935842
0,0,0,-0.8702409464784621,1,1,0.0080171594501722,0,0,1,1,0,0,3,-0.633380877939577,-0.6010305830136912
1,0,1,1.5729808767233588,1,1,1.3706181096032763,1,0,1,1,0,0,2,2.05275135541207,0.34657298579150025
1,1,0,0.1070477828022663,1,1,0.5729980412209714,0,1,0,0,1,0,3,0.4657902669355951,-0.4546770000581961
1,1,0,-0.3408762181180675,0,1,-1.0222420955436382,0,1,0,0,0,1,0,-1.0145557412886177,0.38177210552196356
0,0,0,1.125056875803025,1,0,1.3373839400873468,0,0,1,1,0,0,2,1.7024730464802957,-0.12793782605366705
1,0,0,-1.0738427650786138,0,1,-1.1551787736073555,1,0,1,0,1,0,0,-1.6799950777943935,0.15098078802195963
1,0,1,-0.7073594915983407,1,0,-1.4875204687666492,1,1,0,1,0,0,0,-1.5885478117136658,0.6229363233673405
1,1,0,-0.4630373092781585,1,0,1.3041497705714176,0,1,0,0,1,0,3,0.5738816477112079,-1.362922075020558
1,0,1,0.0256070553622056,1,0,-1.45428629925072,0,1,0,0,1,0,1,-1.078106550182438,1.1172781505838705
0,0,1,1.0436161483629645,1,1,-1.4875204687666492,0,0,1,0,0,1,1,-0.35235454868911686,1.905424025694592
0,0,0,-0.9109613101984924,1,1,0.0080171594501722,0,0,1,1,0,0,3,-0.6620373121676264,-0.6294647695767986
0,0,1,0.0256070553622056,1,1,-1.3545837907029317,0,0,1,1,0,0,1,-0.95984723676518,1.116970270750213
0,1,0,-1.2774445836787656,0,1,-1.3213496211870024,1,0,1,0,1,0,0,-1.886626535064008,0.01591181129335329
0,0,1,-1.2774445836787656,1,1,-0.6234320613524857,1,1,0,0,0,1,0,-1.3870047713924258,-0.38882110955577237
1,0,1,0.3920903288424788,1,0,0.2738905155776072,0,0,1,0,1,0,2,0.41146597444214905,0.26994667074034934
1,0,0,0.2292088739623573,1,1,-1.4875204687666492,0,1,0,0,0,1,1,-0.942747529616941,1.1139193535166532
0,0,0,-1.1145631287986442,1,0,-0.4572612137728389,1,1,0,0,1,0,0,-1.1810712050877483,-0.5377164721069397
1,0,0,1.3286586944031769,1,1,1.5035547876669937,0,1,0,0,0,1,2,1.9430121309261401,-0.16843721704642234
0,1,0,0.4328106925625091,0,1,-1.0554762650595677,0,0,1,1,0,0,1,-0.4664781492736984,1.0226132170865847
0,0,0,1.6137012404433893,1,0,0.6727005497687596,0,1,0,0,1,0,2,1.5367901308261758,0.5928995091315242
1,0,0,1.125056875803025,1,1,0.971808075412124,1,1,0,1,0,0,2,1.439306808214232,0.06736600544179241
1,0,0,0.9214550572028734,1,0,1.2044472620236295,0,1,0,1,0,0,2,1.4533001076446643,-0.24329145582477002
0,0,1,1.5322605130033284,1,0,1.6032572962147815,0,1,0,1,0,0,2,2.1706385222899636,0.05144705470371092
0,0,0,-1.0738427650786138,1,0,0.3071246850935365,0,0,1,0,1,0,3,-0.6012950671229641,-0.9519402375081834
0,0,1,-0.7888002190384014,1,1,1.3041497705714176,0,1,0,1,0,0,3,0.33301216880078693,-1.3552577263253573
1,0,1,-0.9924020376385532,1,0,-1.4875204687666492,0,1,0,0,0,1,0,-1.8041927550958163,0.4103814590581862
1,0,1,0.5142514200025698,1,0,1.1712130925077,0,1,0,1,0,0,2,1.1485104919151472,-0.34633106442119177
0,0,0,0.880734693482843,1,1,1.5035547876669937,1,0,1,0,1,0,2,1.6260221415259175,-0.3980952332944388
0,0,0,0.0256070553622056,1,0,0.6062322107369008,1,0,1,1,0,0,3,0.4124738712064465,-0.39453029247008925
1,0,1,-0.4630373092781585,1,0,0.3735930241253952,0,0,1,1,0,0,3,-0.09107632593386021,-0.40081236539959164
0,1,0,0.9214550572028734,1,1,1.1712130925077,1,1,0,0,0,1,2,1.4757631727170712,-0.3317838150479568
0,0,0,-1.2774445836787656,1,1,0.3403588546094659,1,0,1,1,0,0,3,-0.6852745606216543,-1.1131590717299877
1,0,0,0.4735310562825394,1,1,0.1409538375138897,0,0,1,0,1,0,2,0.3766627776962752,0.26844199066589
1,0,0,1.6137012404433893,1,1,0.7391688888006183,0,0,1,1,0,0,2,1.63029174389231,0.6492781614903936
1,0,1,-0.7888002190384014,1,0,-0.0916853490976158,0,1,0,0,0,1,3,-0.6752938136422201,-0.4041514250842006
0,0,1,0.1477681465222966,1,0,1.3041497705714176,0,1,0,1,0,0,2,0.9851161648977104,-0.7103073276652514
1,0,0,1.5729808767233588,1,1,-1.288115451671073,0,0,1,0,0,1,1,0.1550943823281153,1.996826817379729
1,1,0,-0.9516816739185228,1,1,1.1712130925077,1,0,1,1,0,0,3,0.18334897147734075,-1.5280356225098504
0,0,0,0.5549717837226001,1,0,-0.3243245357091214,0,0,1,1,0,0,1,0.1279296692955223,0.6129166774889269
0,1,0,1.1657772395230557,1,0,1.3041497705714176,1,0,1,0,1,0,2,1.7321615206892012,-0.16125726630659865
1,1,0,1.6137012404433893,1,0,0.4068271936413246,0,1,0,0,1,0,2,1.4017490124260017,0.7022453220280274
1,0,0,-0.8702409464784621,1,1,0.3403588546094659,1,1,0,1,0,0,3,-0.4107327221971787,-0.8931145522885642
0,0,0,-1.2367242199587352,1,1,0.174188007029819,0,1,0,0,0,1,3,-0.8003805466389952,-1.0655984131233258
1,0,0,-1.2367242199587352,1,0,-1.5207546382825785,0,1,0,1,0,0,0,-1.9897903151489675,0.11754696562933023
0,0,0,-1.1552834925186746,1,1,0.4732955326731833,1,1,0,1,0,0,3,-0.5168141807585169,-1.2002224424064083
1,0,0,-1.1960038562387048,1,1,-0.5237295528046976,1,1,0,0,1,0,0,-1.2789695315109588,-0.5230376933827385
0,0,0,-1.1960038562387048,0,0,-0.9890079260277088,0,1,0,0,0,1,0,-1.652563194544584,-0.17427688133151595
0,0,0,0.4328106925625091,1,0,0.0080171594501722,0,0,1,0,1,0,2,0.24778940567628793,0.305132626103498
0,0,1,1.1657772395230557,1,1,-1.4875204687666492,0,1,0,0,0,1,1,-0.2777624326653457,1.9094753042522599
0,1,0,0.6771328748826912,1,0,0.8721055668643357,1,1,0,0,1,0,2,1.07183526581429,-0.2875961761847596
0,0,0,0.0663274190822359,1,0,-0.0252170100657571,0,1,0,0,0,1,3,-0.03117103824867737,-0.02806836154411913
1,0,0,-1.2774445836787656,1,1,-0.4904953832887682,0,0,1,1,0,0,0,-1.2725965268133368,-0.5267385790749349
0,0,0,-1.2774445836787656,1,1,-0.6234320613524857,1,0,1,1,0,0,0,-1.3658194734570623,-0.4525778647828492
0,0,0,1.1657772395230557,1,0,0.7059347192846889,0,0,1,1,0,0,2,1.2852552274713538,0.33329094437135937
0,0,1,-1.1552834925186746,1,0,0.3071246850935365,1,1,0,1,0,0,3,-0.6359017091951191,-0.9368414284290355
1,0,0,1.0843365120829946,1,0,0.1409538375138897,0,1,0,0,0,1,2,0.8019298300561243,0.5858469259329646
1,0,1,-1.1552834925186746,1,0,-0.6566662308684151,0,1,0,1,0,0,0,-1.3170919392261677,-0.25930628653989424
1,0,1,-1.318164947398796,1,0,-1.4875204687666492,0,1,0,0,0,1,0,-2.033444228920211,0.1829079665533249
1,0,0,-0.4223169455581282,1,0,-1.4875204687666492,0,0,1,1,0,0,0,-1.3818173779677616,0.7447033157146165
0,0,0,1.6137012404433893,1,1,0.6727005497687596,0,0,1,1,0,0,2,1.5840029291682673,0.6778815511654351
1,0,1,-0.7073594915983407,0,0,-1.1551787736073555,0,0,1,1,0,0,0,-1.3949977478458406,0.5510710381355769
0,0,0,-1.2774445836787656,1,1,-1.5207546382825785,1,1,0,0,0,1,0,-2.0258573448189683,0.06767917804818946
0,0,0,1.002895784642934,1,0,1.0050422449280532,1,1,0,0,1,0,2,1.3416142770038515,-0.061399912400310654
1,0,1,0.2699292376823877,1,0,0.7059347192846889,1,1,0,0,1,0,2,0.6191913425755652,-0.19272978009141517
0,1,0,-1.0738427650786138,1,1,-1.4875204687666492,0,0,1,0,1,0,0,-1.8081819113320008,0.1973059989297002
0,0,0,-0.6666391278783103,1,0,-0.0584511795816865,0,1,0,0,1,0,3,-0.5842456370611055,-0.49828436761501976
0,0,1,0.2699292376823877,0,1,-1.1551787736073555,1,0,1,1,0,0,1,-0.6996040180288023,1.2255734729995285
1,0,0,1.0843365120829946,1,1,1.4038522791192056,1,0,1,0,1,0,2,1.6982577975909985,-0.17063437861133213
0,0,1,1.4915401492832985,1,0,0.6394663802528302,0,1,0,1,0,0,2,1.4614371752265072,0.6835940750877422
1,0,1,-0.3408762181180675,1,0,0.174188007029819,0,1,0,1,0,0,3,-0.1572866056691391,-0.26008911299079174
1,0,1,-1.0738427650786138,1,0,-1.4875204687666492,0,0,1,1,0,0,0,-1.8350785331057333,0.4482799254310269
1,0,0,-0.9516816739185228,1,0,0.971808075412124,0,0,1,1,0,0,3,-0.01778814190412123,-1.3105621204364128
0,0,1,-0.9924020376385532,1,1,-1.4875204687666492,0,1,0,1,0,0,0,-1.7815035429661583,0.41597897477495455
0,0,0,-0.0965540357978854,1,1,-1.4875204687666492,1,0,1,1,0,0,0,-1.1449265957995134,0.9642587655688454
1,0,1,1.2064976032430856,1,0,0.2074221765457484,0,0,1,1,0,0,2,0.9665021476169556,0.8788825952304323
0,0,0,0.1070477828022663,1,1,-1.45428629925072,0,1,0,0,0,1,1,-1.0046044491456065,0.9888841965768057
0,0,1,0.9214550572028734,1,1,-1.5207546382825785,0,1,0,0,0,1,1,-0.47316810399348375,1.7616488471821357
0,0,0,-1.2367242199587352,1,1,-0.1249195186135452,0,0,1,1,0,0,3,-0.9851570498313879,-0.765823612847572
1,1,0,-0.1372743995179157,1,0,0.971808075412124,1,0,1,1,0,0,3,0.6086812691310663,-0.8317158096879355
1,0,0,-1.2367242199587352,1,0,0.3403588546094659,0,0,1,1,0,0,3,-0.6642574347374581,-1.0768068425162478
1,1,0,0.0256070553622056,0,1,-0.3243245357091214,0,0,1,0,0,1,0,-0.25246226141912154,0.240579157242625
1,0,0,-1.1145631287986442,1,1,0.3735930241253952,1,0,1,1,0,0,3,-0.5478270749452563,-1.0052470528440767
0,0,0,-1.2774445836787656,1,0,0.1409538375138897,1,1,0,1,0,0,3,-0.8444481341892937,-1.0667742713018808
0,0,0,1.6137012404433893,1,1,1.3706181096032763,0,1,0,0,1,0,2,2.036592507131062,0.12358349294393173
1,1,0,0.4328106925625091,1,0,0.8388713973484064,1,1,0,1,0,0,2,0.9046258978240137,-0.4237738297019954
0,0,0,-0.9109613101984924,1,0,0.3403588546094659,1,1,0,1,0,0,3,-0.44573783037779946,-0.9475385660850443
0,0,0,1.5322605130033284,1,1,-1.288115451671073,0,1,0,0,0,1,1,0.11570607863532976,1.8701874147429636
1,0,0,-0.3408762181180675,1,1,1.0382764144439829,1,0,1,1,0,0,3,0.46598649458451513,-0.9205707543154723
0,0,0,-0.3815965818380978,1,1,-1.4875204687666492,0,1,0,0,0,1,0,-1.3719487258420406,0.6704526201280359
0,0,1,0.4328106925625091,0,0,-0.4572612137728389,0,1,0,0,1,0,1,-0.13938269430202235,0.7759762687390854
0,0,0,-1.2774445836787656,1,1,-1.5207546382825785,1,1,0,1,0,0,0,-2.0108074410331636,0.08119473641559019
1,0,0,-0.3408762181180675,1,0,0.5065297021891128,1,0,1,0,0,1,3,0.06846954429303147,-0.5786636080378903
0,1,1,1.3286586944031769,1,0,1.3041497705714176,0,1,0,1,0,0,2,1.869493483985342,0.024446662151195144
0,0,1,0.9621754209229036,1,1,1.5035547876669937,0,0,1,1,0,0,2,1.7174184230263372,-0.18800839683120496
1,1,0,-1.2774445836787656,1,0,0.4732955326731833,1,1,0,1,0,0,3,-0.5570820653123183,-1.3674443799587745
1,1,0,-0.1779947632379461,1,0,1.3706181096032763,0,1,0,1,0,0,3,0.8502524397607395,-1.2147452250849626
0,0,0,-0.7888002190384014,0,1,-1.188412943123285,0,0,1,1,0,0,0,-1.4733801664287463,0.3505396899411186
0,0,0,-0.9924020376385532,1,0,0.5065297021891128,1,0,1,1,0,0,3,-0.37433818237431293,-1.0370489696222145
0,0,0,-1.1960038562387048,1,0,0.174188007029819,0,1,0,0,0,1,3,-0.778718103559158,-1.0462001188515881
1,0,0,-1.2774445836787656,1,1,-1.4875204687666492,1,1,0,1,0,0,0,-1.9879856922689632,0.0753700090490706
0,1,0,-0.2594354906780068,1,0,0.805637227832477,1,1,0,1,0,0,3,0.3946447671829737,-0.901330273908306
1,1,0,-1.2774445836787656,1,0,0.3735930241253952,1,1,0,1,0,0,3,-0.6274832631918431,-1.2991083930332086
0,0,0,-1.1145631287986442,1,0,-1.4875204687666492,0,1,0,0,1,0,0,-1.9085502498428395,0.16842205945724298
1,0,0,-0.1779947632379461,1,1,0.971808075412124,1,0,1,1,0,0,3,0.5336780995770292,-0.7612766834459975
0,0,0,-0.8702409464784621,1,1,-0.1913878576454039,0,0,1,1,0,0,3,-0.7741832736986268,-0.46435860916255894
0,1,0,-0.8702409464784621,1,0,1.3041497705714176,1,1,0,0,1,0,3,0.2879626226263551,-1.6642178755936368
0,1,0,1.369379058123207,1,0,0.5065297021891128,1,1,0,0,1,0,2,1.3008569221328714,0.44635028078181266
1,0,0,0.9621754209229036,1,1,-1.4875204687666492,0,0,1,1,0,0,1,-0.40050462306587015,1.720501551151647
0,1,0,0.8400143297628127,1,1,-1.3213496211870024,0,1,0,0,0,1,1,-0.341579642727151,1.3197474849649797
0,0,1,-1.1960038562387048,0,1,-1.1219446040914265,1,1,0,0,0,1,0,-1.7341956747249203,0.08439725492007508
0,1,0,1.6137012404433893,1,1,1.7361939742784993,0,0,1,1,0,0,2,2.3882897663574005,-0.14087306322094512
0,0,0,-1.0738427650786138,1,0,0.2074221765457484,0,1,0,0,1,0,3,-0.6830734516628661,-0.9648555317142726
0,0,1,1.5729808767233588,1,0,1.6697256352466403,0,0,1,1,0,0,2,2.2576062750980737,0.11557519778142974
0,1,0,1.002895784642934,1,0,0.174188007029819,0,1,0,0,1,0,2,0.8082783544820104,0.41822922479906427
1,0,0,1.4508197855632678,1,1,-1.3213496211870024,0,1,0,0,1,0,1,0.020489110276050868,1.8718723286237877
0,0,0,-0.7888002190384014,0,0,-1.1219446040914265,1,1,0,1,0,0,0,-1.4448172123176524,0.21469519190104946
0,0,1,1.5729808767233588,1,0,-1.3213496211870024,0,1,0,0,1,0,1,0.10535153151844583,2.0897086558058704
1,0,0,-1.1145631287986442,0,0,-0.8228370784480619,1,1,0,0,0,1,0,-1.4785603134849181,-0.2143478848059085
1,0,0,-0.5851984004382496,1,1,0.8388713973484064,0,0,1,0,1,0,3,0.12440387292366607,-0.9491987684538714
1,0,1,0.1477681465222966,1,0,1.0050422449280532,0,0,1,0,1,0,2,0.755802820190369,-0.4017890194257812
1,0,0,1.247217966963116,1,0,0.6727005497687596,0,0,1,1,0,0,2,1.3184557127719698,0.42989191474809874
1,0,1,0.2699292376823877,0,0,-0.3243245357091214,0,1,0,0,1,0,1,-0.16078548457049419,0.588078808194569
1,0,0,-0.0151133083578247,1,0,-1.4875204687666492,0,1,0,0,0,1,0,-1.1216801261334495,0.9342783418466372
1,1,0,-1.1552834925186746,1,1,0.174188007029819,0,0,1,1,0,0,3,-0.6639451784581555,-0.9868466860697281
0,1,0,-0.0151133083578247,1,1,0.9385739058961944,1,1,0,1,0,0,3,0.6674456275388487,-0.812803911472378
1,1,0,-0.7073594915983407,1,1,0.3071246850935365,1,1,0,0,1,0,3,-0.2950749453041256,-0.841131432852173
0,1,0,-1.1145631287986442,1,0,0.5397638717050421,1,0,1,1,0,0,3,-0.38349969262441935,-1.2349676121337352
0,0,1,-0.9516816739185228,1,0,-1.4875204687666492,0,1,0,0,1,0,0,-1.7886827204198237,0.4406824004358064
0,0,1,-0.055833672077855,1,0,0.5397638717050421,0,1,0,0,0,1,3,0.2870415728953009,-0.34208458575218365
1,0,1,-1.2774445836787656,1,0,0.5397638717050421,0,1,0,0,0,1,3,-0.5732967711418214,-1.1781562477034109
1,0,0,-1.2367242199587352,1,1,1.1712130925077,0,0,1,1,0,0,3,-0.07058679459320479,-1.6372375079379282
0,0,0,0.1070477828022663,1,0,-1.3878179602188612,0,1,0,1,0,0,1,-0.9496144045883307,0.9478065380357923
0,0,0,-1.1145631287986442,1,0,-1.4875204687666492,0,1,0,1,0,0,0,-1.879708629309337,0.16311692806812877
1,0,1,-1.1960038562387048,1,0,-0.4904953832887682,1,1,0,1,0,0,0,-1.228413043655009,-0.40163378464561206
1,0,0,-0.8295205827584317,1,1,-0.5237295528046976,0,0,1,1,0,0,0,-0.9808428162646349,-0.19118386457222858
1,0,1,0.9621754209229036,1,1,-1.3545837907029317,0,1,0,1,0,0,1,-0.31277175337606233,1.7066592155120364
1,0,1,1.6137012404433893,1,1,-1.3213496211870024,0,0,1,1,0,0,1,0.1805754468929462,2.220078819344892
1,0,0,-1.2774445836787656,1,1,0.6727005497687596,1,0,1,0,0,1,3,-0.46629912200468365,-1.3375073182406063
0,0,0,-0.2594354906780068,1,1,0.8388713973484064,0,1,0,0,0,1,3,0.35671519403102275,-0.838751181779183
0,0,0,-0.7888002190384014,0,1,-0.5237295528046976,0,0,1,1,0,0,0,-1.004038847231913,-0.10503355622932198
0,0,1,-0.7073594915983407,1,0,0.0412513289661016,0,1,0,1,0,0,3,-0.5084174603653092,-0.4418360777666751
1,1,0,1.4508197855632678,1,1,1.0382764144439829,0,0,1,1,0,0,2,1.7802103270928875,0.24069603394758898
0,1,0,-0.2187151269579764,1,0,1.2044472620236295,1,1,0,1,0,0,3,0.7049059929291229,-1.1462400350474624
0,1,0,-1.1145631287986442,1,1,0.1409538375138897,0,1,0,1,0,0,3,-0.6694876796546839,-1.033839053271756
0,0,0,1.2879383306831464,1,0,-1.3213496211870024,0,0,1,1,0,0,1,-0.060266493394838305,1.8080919048805257
0,0,0,-0.6666391278783103,1,0,0.0080171594501722,1,0,1,1,0,0,3,-0.49709269794754257,-0.46789554248952286
0,0,0,-1.2367242199587352,1,1,0.5065297021891128,1,1,0,1,0,0,3,-0.5506599832547738,-1.2798694778411455
0,0,0,0.7992939660427822,0,0,-0.8560712479639913,0,1,0,1,0,0,1,-0.13947974974499333,1.1413991693940717
0,0,0,-0.7073594915983407,1,1,-1.3213496211870024,0,1,0,0,0,1,0,-1.4838648698672274,0.3290858160805645
0,0,1,0.3513699651224484,1,0,1.4703206181510644,0,1,0,0,0,1,2,1.2306837620513607,-0.6955452647597239
1,1,0,-0.5037576729981889,1,0,0.2074221765457484,1,0,1,1,0,0,3,-0.1889691559977361,-0.5637142556598976
1,0,0,-1.2774445836787656,1,1,-0.4904953832887682,1,1,0,0,1,0,0,-1.3128153340072162,-0.6026847288174759
0,0,1,1.6137012404433893,1,0,0.6062322107369008,0,0,1,1,0,0,2,1.5353165986111905,0.8729265782172421
0,0,1,0.0663274190822359,1,0,0.6727005497687596,0,1,0,1,0,0,3,0.4819290432046204,-0.33438111692954814
1,0,1,0.4735310562825394,1,1,-1.4875204687666492,0,1,0,0,0,1,1,-0.7655671317378265,1.443048067621432
1,0,0,1.6137012404433893,1,1,0.3403588546094659,0,1,0,1,0,0,2,1.337309765713833,0.8413708280610027
1,0,1,-0.9924020376385532,1,0,1.0050422449280532,0,0,1,1,0,0,3,-0.0177357176615109,-1.2032513745819096
1,0,0,-1.0331224013585834,0,0,-1.0222420955436382,0,1,0,0,1,0,0,-1.575841557535567,-0.0019868480720459103
1,0,1,1.0843365120829946,1,0,-1.4875204687666492,0,1,0,1,0,0,1,-0.32766470567949313,1.8740405321440774
0,0,0,-1.1960038562387048,1,0,1.071510583959912,1,1,0,0,1,0,3,-0.15889903939113137,-1.6424033114251682
0,0,0,0.3513699651224484,1,1,1.1379789229917707,0,0,1,1,0,0,2,1.02419239153652,-0.5224795046102103
0,0,0,1.1657772395230557,1,0,-1.3213496211870024,0,0,1,0,1,0,1,-0.17507741661248888,1.728094476580317
1,0,0,-0.1372743995179157,1,0,0.5065297021891128,1,1,0,1,0,0,3,0.21542443255870602,-0.5042283979866066
1,0,1,1.2879383306831464,1,1,-1.3213496211870024,0,0,1,0,1,0,1,-0.07751764746495127,1.9979104582291451
1,0,0,1.0436161483629645,1,0,-1.45428629925072,0,0,1,0,0,1,1,-0.34176858358394685,1.7320398113105697
1,0,0,-0.1372743995179157,1,1,0.6727005497687596,0,0,1,1,0,0,3,0.35113094016650365,-0.5278345361061915
1,1,0,-1.0331224013585834,1,1,1.0050422449280532,1,1,0,0,0,1,3,-0.017726317224147997,-1.5657775235925115
1,0,0,1.4100994218432374,1,0,1.536788957182923,0,1,0,1,0,0,2,2.031847977979673,-0.1298678401526983
0,0,0,-0.2187151269579764,1,0,-0.3907928747409802,0,1,0,0,0,1,0,-0.48990380340328105,0.023457617907869696
1,0,0,-1.1552834925186746,0,1,-0.5237295528046976,1,0,1,1,0,0,0,-1.2625920724799988,-0.34398730035528846
1,0,0,-1.2774445836787656,1,1,-1.4875204687666492,0,0,1,1,0,0,0,-1.976608505608586,0.1566212901807258
1,0,1,-1.0738427650786138,1,0,-1.4875204687666492,0,1,0,1,0,0,0,-1.8464557197661102,0.3670286442993717
1,0,1,-1.2774445836787656,0,1,-1.0222420955436382,0,0,1,0,0,1,0,-1.7103754758367582,0.05739811094195103
1,0,0,0.6771328748826912,1,1,0.6394663802528302,1,1,0,0,0,1,2,0.8743654683214677,-0.03113898203457225
0,0,0,-1.2367242199587352,1,0,-0.3243245357091214,1,1,0,0,0,1,0,-1.159380527184832,-0.7329543707868658
1,0,1,-0.6666391278783103,1,0,0.6727005497687596,0,1,0,0,0,1,3,-0.04958199388171412,-0.8427580984908841
0,0,1,-1.2774445836787656,1,0,-1.3213496211870024,0,1,0,0,0,1,0,-1.8868071476973127,0.0804949066318201
1,0,0,-0.3001558543980371,1,0,0.174188007029819,0,0,1,1,0,0,3,-0.12249477729153088,-0.3089272400221616
1,0,1,-0.3001558543980371,1,0,-0.3575587052250508,0,1,0,1,0,0,0,-0.504103226798556,0.1328036705086683
0,0,0,1.6137012404433893,1,0,1.536788957182923,0,1,0,1,0,0,2,2.175775466315561,-0.004650842279162501
1,0,0,-0.9109613101984924,1,1,-1.4875204687666492,0,0,1,0,0,1,0,-1.7337505013419465,0.399013410881294
1,0,0,0.880734693482843,1,0,0.6394663802528302,0,0,1,1,0,0,2,1.0370807387596839,0.19676289798865193
1,1,1,-1.2774445836787656,1,1,-0.5237295528046976,1,0,1,1,0,0,0,-1.23748107378816,-0.4352737425539559
0,0,0,1.369379058123207,1,1,0.0744854984820309,0,0,1,1,0,0,2,0.9896571365228216,0.9172923533401857
1,0,0,-1.1552834925186746,1,1,0.0412513289661016,0,0,1,0,0,1,3,-0.8262040725575269,-0.8194101746893651
0,0,0,-1.0331224013585834,1,1,-1.4875204687666492,0,1,0,1,0,0,0,-1.8154017697050258,0.2290211934857142
1,1,0,1.4915401492832985,0,1,-0.2578561966772627,0,0,1,1,0,0,1,0.8411534064961442,1.2321681072648576
0,0,0,-0.9924020376385532,1,0,1.0382764144439829,1,1,0,0,0,1,3,-0.025292217463028316,-1.496274406057623
1,0,0,-0.3001558543980371,1,1,-0.291090366193192,0,0,1,1,0,0,3,-0.44403970958110156,0.01900992458851667
1,1,0,0.188488510242327,1,0,1.2044472620236295,1,1,0,1,0,0,2,0.9908250180139756,-0.8449442344743837
1,0,1,-1.1552834925186746,1,1,-1.3545837907029317,0,1,0,0,0,1,0,-1.8179562370204347,0.21456595586303745
1,0,0,-0.9109613101984924,0,0,-1.0222420955436382,1,0,1,1,0,0,0,-1.4496534476575393,0.15926186135981796
0,0,0,-0.7888002190384014,0,1,-0.9890079260277088,0,0,1,1,0,0,0,-1.3325777706696964,0.21386771608998645
0,0,0,-0.8295205827584317,1,1,0.4732955326731833,0,0,1,1,0,0,3,-0.2761855202737446,-0.8914976687698918
1,0,0,1.1657772395230557,1,0,-1.3213496211870024,0,0,1,1,0,0,1,-0.1468811132746271,1.7397432801332053
1,0,0,1.3286586944031769,1,0,1.1379789229917707,0,0,1,1,0,0,2,1.704307504665852,0.1678590155550058
1,0,0,0.9621754209229036,1,1,0.0080171594501722,0,0,1,1,0,0,2,0.655513345127004,0.6954617472681558
1,0,0,0.758573602322752,1,0,0.5397638717050421,0,0,1,1,0,0,2,0.8807102381960111,0.17979632522489505
1,0,1,0.4328106925625091,1,0,0.8721055668643357,0,0,1,1,0,0,2,0.8913712164808507,-0.1169401956390537
0,0,0,-1.2774445836787656,1,0,-0.4904953832887682,0,1,0,0,1,0,0,-1.3191640079597875,-0.6286745560508483
0,0,0,-1.1960038562387048,1,0,-0.3575587052250508,0,0,1,1,0,0,0,-1.1277640684704424,-0.58697468241618
0,0,0,-0.5444780367182193,0,1,-0.8228370784480619,0,1,0,0,1,0,0,-1.0835226426960716,0.1946333741834812
1,0,0,0.5142514200025698,1,1,1.437086448635135,0,1,0,1,0,0,2,1.3379992182312743,-0.6780480653241308
0,1,0,1.4508197855632678,1,0,1.1712130925077,1,0,1,0,1,0,2,1.83888829644618,0.12889668886924283
0,0,1,-0.0151133083578247,1,1,0.8388713973484064,0,0,1,1,0,0,3,0.5603226823563192,-0.41485562817534827
1,0,1,1.0843365120829946,0,0,-0.9890079260277088,0,0,1,0,0,1,1,-0.03182921579826471,1.6747663770023031
1,0,1,0.5142514200025698,1,1,-1.4875204687666492,0,0,1,1,0,0,1,-0.710483607063595,1.5662490936835956
1,1,0,-0.3408762181180675,1,0,1.3041497705714176,1,1,0,0,0,1,3,0.6736426671430539,-1.2964402050877497
1,0,1,1.247217966963116,1,0,0.805637227832477,0,1,0,1,0,0,2,1.406188582461778,0.41604957910848833
1,1,0,-0.1372743995179157,1,0,-0.4240270442569095,0,1,0,1,0,0,3,-0.38831268784266004,0.04373672613833449
1,0,1,0.9214550572028734,1,0,0.7059347192846889,0,1,0,0,1,0,2,1.0776942902243554,0.2622172049183074
0,0,0,-0.9924020376385532,1,0,0.6727005497687596,1,1,0,1,0,0,3,-0.26838003923548176,-1.2321935622964797
1,0,0,0.0663274190822359,0,1,-1.3213496211870024,0,1,0,0,0,1,1,-0.9925357191208987,0.9609593524434138
0,0,0,-1.2774445836787656,1,0,0.174188007029819,1,0,1,1,0,0,3,-0.8096038815690749,-1.0083016524787476
1,0,0,-0.9109613101984924,1,0,-0.3243245357091214,0,1,0,1,0,0,0,-0.9157244667702732,-0.47501138497260126
1,0,1,1.5729808767233588,1,1,0.2738905155776072,0,0,1,1,0,0,2,1.2783381787372956,1.0982688419727271
1,0,0,-1.1145631287986442,1,1,-0.291090366193192,0,1,0,0,0,1,0,-1.0435954845882711,-0.6444406461726924
1,0,0,-0.055833672077855,1,0,0.4732955326731833,0,0,1,1,0,0,3,0.2606474217153402,-0.34333008142021393
0,0,0,-1.2774445836787656,1,1,0.3403588546094659,1,1,0,0,0,1,3,-0.7117016510678362,-1.2079259112290437
0,0,1,-0.5444780367182193,1,1,-1.4875204687666492,0,1,0,0,1,0,0,-1.4951243869911177,0.734060158358253
1,0,1,1.6137012404433893,1,0,1.6032572962147815,0,0,1,1,0,0,2,2.2386832602107987,0.206520643903584
0,0,1,-0.8702409464784621,1,1,-1.3213496211870024,0,1,0,0,1,0,0,-1.6070405310163043,0.3926933543107816
1,0,0,-1.1552834925186746,1,1,0.8388713973484064,1,0,1,0,1,0,3,-0.2767862062690252,-1.3472773803373788
0,0,0,-0.3001558543980371,1,0,1.3373839400873468,1,1,0,1,0,0,3,0.6881206618381907,-1.2043856368940902
1,1,0,0.5142514200025698,1,1,-1.3213496211870024,0,1,0,0,0,1,1,-0.571476433747187,1.109227927402121
0,1,0,1.2879383306831464,1,1,1.4703206181510644,0,1,0,0,0,1,2,1.9448746744080898,-0.2808840967566862
1,0,0,-1.1552834925186746,1,0,-1.45428629925072,0,0,1,1,0,0,0,-1.8741661281128088,0.2101092952701568
1,0,0,0.0663274190822359,1,0,-1.4875204687666492,0,0,1,1,0,0,1,-1.0379401672311688,1.0859135544719085
0,0,1,0.6364125111626608,1,1,0.174188007029819,0,1,0,0,0,1,2,0.5230572203620943,0.40089776350575884
0,0,0,-0.3408762181180675,1,0,0.5065297021891128,0,0,1,0,1,0,3,0.055323144740974564,-0.5767968532233778
1,1,0,-0.9924020376385532,1,0,-0.1249195186135452,0,1,0,0,1,0,3,-0.8077358335266248,-0.7530840210745104
0,0,1,1.4100994218432374,1,1,1.3041497705714176,0,0,1,1,0,0,2,1.8918368037758302,0.26143962921411124
1,0,0,-0.748079855318371,1,0,0.0744854984820309,0,0,1,0,1,0,3,-0.5369583722131016,-0.5480621739016656
0,1,0,-0.9109613101984924,0,0,-1.1551787736073555,1,1,0,0,0,1,0,-1.5159627582732467,0.048818315639171946
1,0,1,0.3920903288424788,1,1,1.071510583959912,0,0,1,1,0,0,2,1.0105111691600632,-0.27301046376192345
0,0,1,-0.7073594915983407,1,1,-1.4875204687666492,0,0,1,1,0,0,0,-1.5695313167094358,0.6962695618483633
0,0,0,-1.2367242199587352,1,0,-0.6234320613524857,0,1,0,0,1,0,0,-1.3843758375711046,-0.5091257202536525
0,0,1,0.5142514200025698,1,1,1.3373839400873468,0,1,0,0,0,1,2,1.258435226272404,-0.48165797698183505
0,0,1,-1.1552834925186746,1,1,0.6394663802528302,1,1,0,0,0,1,3,-0.40928696223429517,-1.1691077175902864
0,0,1,1.4100994218432374,1,0,1.4703206181510644,1,1,0,1,0,0,2,1.9908009557664492,0.057259144248475904
1,0,0,-0.8295205827584317,1,0,-0.2578561966772627,1,1,0,1,0,0,3,-0.8114774663944911,-0.46370033646343006
1,0,0,1.125056875803025,1,0,1.0382764144439829,1,0,1,1,0,0,2,1.4906241356460803,0.09402406966503342
1,0,1,-1.2774445836787656,1,1,-0.4572612137728389,1,1,0,1,0,0,0,-1.2552648550030538,-0.47224492778897936
0,1,0,-1.2774445836787656,1,0,0.2074221765457484,0,1,0,0,1,0,3,-0.7730148963289131,-1.1968638850434865
1,0,1,-0.9924020376385532,1,1,-0.7231345699002738,0,1,0,0,0,1,0,-1.257456246871246,-0.10449188174645038
1,1,0,-1.1145631287986442,1,0,0.8388713973484064,1,0,1,1,0,0,3,-0.1729414161814854,-1.4230216379684308
1,0,0,-1.2774445836787656,1,0,0.1409538375138897,1,0,1,1,0,0,3,-0.8337162647245575,-0.9685690552282235
0,0,1,1.0436161483629645,1,1,-1.4875204687666492,0,1,0,0,0,1,1,-0.363731735349494,1.8241727445629368
1,0,0,1.6137012404433893,1,1,1.4703206181510644,0,0,1,1,0,0,2,2.1465671950088265,0.14814759070290914
0,0,1,-0.3815965818380978,1,1,-1.3213496211870024,0,0,1,1,0,0,0,-1.2229445130858323,0.8098497428106145
1,0,0,-1.1145631287986442,1,1,1.0382764144439829,1,0,1,0,1,0,3,-0.10732737628192573,-1.4555151676254032
1,0,0,1.5322605130033284,0,0,-0.8560712479639913,0,1,0,1,0,0,1,0.37569074916425443,1.670168462472012
0,0,1,-0.8295205827584317,1,0,0.6394663802528302,1,1,0,1,0,0,3,-0.1719795757723075,-0.9371545590093945
0,0,0,-1.0331224013585834,1,0,0.174188007029819,0,1,0,0,1,0,3,-0.6778840833946584,-0.9136426828426428
1,0,0,-1.2774445836787656,1,0,-0.6234320613524857,1,0,1,1,0,0,0,-1.3734587818009156,-0.4446598221322169
1,0,1,0.4735310562825394,0,1,-0.3575587052250508,0,0,1,1,0,0,1,0.00624241895200299,0.8380104453525404
1,0,1,0.5549717837226001,1,0,0.5397638717050421,0,0,1,1,0,0,2,0.7426698595665825,0.19614898713548942
1,0,0,-0.5037576729981889,1,0,-1.4875204687666492,0,0,1,1,0,0,0,-1.4391302464238602,0.6878349425884013
1,1,1,-0.0151133083578247,1,0,0.971808075412124,0,0,1,0,0,1,3,0.6848424605402279,-0.6014052136398805
0,0,0,1.4100994218432374,1,0,0.6727005497687596,0,1,0,1,0,0,2,1.4223495802194313,0.44542344492687175
0,1,0,-0.1372743995179157,1,0,1.1379789229917707,1,1,0,0,0,1,3,0.7002348256797335,-1.0573298956716037
0,0,1,1.6137012404433893,1,1,-1.3878179602188612,0,0,1,1,0,0,1,0.13428663216890396,2.2486822090199334
1,1,0,-0.8295205827584317,1,1,1.2044472620236295,1,0,1,1,0,0,3,0.29278534012133056,-1.4655117251290497
1,0,1,-0.2187151269579764,1,1,0.2406563460616778,0,0,1,0,0,1,3,-0.021061897042523037,-0.14357226286288832
1,0,1,0.9621754209229036,1,0,1.7029598047625698,0,1,0,1,0,0,2,1.8392043237811566,-0.3980136091633598
0,0,1,1.2064976032430856,1,1,1.1712130925077,1,0,1,1,0,0,2,1.6546863687962168,0.21038334563266115
1,0,0,-0.8702409464784621,0,0,-0.9890079260277088,0,0,1,1,0,0,0,-1.3975299474696483,0.1649173856144036
1,1,0,-0.0965540357978854,1,0,0.3403588546094659,0,1,0,1,0,0,3,0.1800862634617471,-0.45173832039456446
0,0,0,0.3106496014024181,1,0,-1.4875204687666492,0,0,1,1,0,0,1,-0.8653562446672315,1.239564738908552
1,1,0,0.2292088739623573,0,1,-1.3213496211870024,0,1,0,0,0,1,1,-0.8245692557345011,0.9848586781821688
0,0,0,-0.1779947632379461,0,0,-1.1551787736073555,0,1,0,1,0,0,0,-1.038437764856753,0.6639866526561861
0,0,0,-1.2774445836787656,1,1,0.971808075412124,1,1,0,1,0,0,3,-0.2507774940450401,-1.6272049367235617
0,0,0,-0.8295205827584317,1,1,-0.6566662308684151,0,0,1,1,0,0,0,-1.0740657629083605,-0.1170231502801429
0,0,1,-0.3408762181180675,1,0,0.4400613631572539,0,1,0,0,1,0,3,0.002253618671732391,-0.4539672150118562
1,1,0,1.6137012404433893,1,0,-1.3213496211870024,0,0,1,1,0,0,1,0.2216803897081157,1.9626819118137138
1,0,0,-1.1960038562387048,1,0,0.5729980412209714,0,1,0,1,0,0,3,-0.48270872545089444,-1.2890745732444495
0,0,1,1.6137012404433893,1,1,1.7029598047625698,0,0,1,1,0,0,2,2.316723766434177,0.13026661432738534
1,0,0,-1.1552834925186746,1,1,-1.3213496211870024,0,0,1,1,0,0,0,-1.77330387312523,0.12803053832743866
0,0,0,-1.1960038562387048,1,0,0.3735930241253952,0,0,1,1,0,0,3,-0.6114886173539261,-1.0881052532036644
0,1,0,-1.2774445836787656,1,1,-0.4904953832887682,1,0,1,1,0,0,0,-1.2186104831434956,-0.633529934530613
1,0,0,0.4328106925625091,1,1,0.4400613631572539,1,1,0,0,0,1,2,0.5616244671941213,-0.065072127562086
0,0,0,-0.9109613101984924,0,1,-0.7896029089321326,0,0,1,1,0,0,0,-1.2777446775947945,-0.008106817450468609
0,1,0,-1.2367242199587352,1,0,-0.6899004003843444,0,1,0,1,0,0,0,-1.3491276224830855,-0.5587109475393984
1,0,0,-0.7073594915983407,1,1,-1.5207546382825785,0,0,1,0,0,1,0,-1.6139353961615412,0.5639630060053543
0,1,0,-1.1960038562387048,1,0,0.3403588546094659,0,0,1,1,0,0,3,-0.5816149568395679,-1.1551640114088182
0,0,0,1.3286586944031769,0,0,-0.1581536881294745,0,1,0,0,0,1,1,0.7108123765905184,1.019176127868108
1,1,0,-1.2774445836787656,1,0,0.3071246850935365,1,1,0,0,1,0,3,-0.7032590156450291,-1.2482459370270504
1,0,0,0.1070477828022663,1,1,-1.45428629925072,0,0,1,1,0,0,1,-0.9788226758950656,1.1006049710178643
1,0,0,-1.2367242199587352,1,0,-0.5901978918365564,0,1,0,1,0,0,0,-1.3327124682734015,-0.5202555790092864
0,0,0,1.125056875803025,1,1,1.1712130925077,0,0,1,0,1,0,2,1.563290087295797,0.0002965091694273128
0,0,1,0.6771328748826912,1,1,-1.5207546382825785,0,1,0,1,0,0,1,-0.6300568055759752,1.6045592861708904
1,0,0,-1.1960038562387048,0,1,-0.9890079260277088,1,0,1,0,0,1,0,-1.6348373339316356,-0.06703577296648836
0,0,1,-0.3408762181180675,1,1,-1.4875204687666492,0,0,1,1,0,0,0,-1.3116234086569911,0.9521772409163322
1,0,1,1.2064976032430856,1,0,0.805637227832477,0,1,0,1,0,0,2,1.3775321482337284,0.38761539254538063
0,0,1,-0.3001558543980371,1,0,0.805637227832477,1,1,0,0,1,0,3,0.28904777845804,-0.6760983138424909
0,0,1,-0.9109613101984924,1,0,0.805637227832477,0,0,1,0,1,0,3,-0.12942154830232355,-1.0213598311574505
1,0,1,1.4100994218432374,1,1,-0.3575587052250508,0,0,1,1,0,0,1,0.7178381885881072,1.417326679582215
1,1,0,-1.0331224013585834,1,0,0.6727005497687596,1,0,1,0,1,0,3,-0.26180549805809744,-1.2469548219104911
1,0,1,-0.3408762181180675,1,0,0.5397638717050421,0,1,0,1,0,0,3,0.10085111988911911,-0.5106543983845342
1,1,0,1.6137012404433893,1,0,1.7029598047625698,0,1,0,1,0,0,2,2.345806205393328,-0.19142763939344576
1,0,0,0.8400143297628127,1,0,0.3071246850935365,0,0,1,1,0,0,2,0.7737536449332183,0.3961153345107646
1,1,0,-1.2367242199587352,1,1,0.7391688888006183,1,0,1,1,0,0,3,-0.3223179255969462,-1.430952318440818
0,0,0,-1.1145631287986442,1,0,0.3735930241253952,1,1,0,0,0,1,3,-0.5806028393440096,-1.1260037195765051
0,0,0,0.7992939660427822,0,1,-0.9890079260277088,0,0,1,0,1,0,1,-0.24381845630927323,1.328106123440299
0,0,1,1.6137012404433893,1,1,0.3071246850935365,0,1,0,1,0,0,2,1.3197298094604508,1.005719150153655
1,0,1,1.5322605130033284,1,0,0.4732955326731833,0,1,0,1,0,0,2,1.372112962459707,0.842875508135462
1,0,0,-0.9516816739185228,1,1,-1.4875204687666492,0,0,1,0,1,0,0,-1.7761986523176936,0.38939991407470126
0,0,0,-0.1779947632379461,1,1,-0.1581536881294745,0,0,1,1,0,0,3,-0.2635568258619459,-0.0037560998982509447
1,0,0,1.6137012404433893,1,0,0.7059347192846889,0,1,0,0,0,1,2,1.5734035963380744,0.5682540920084898
1,0,0,0.3920903288424788,0,0,-0.8228370784480619,0,1,0,0,0,1,1,-0.4182722470470911,0.8377170180290747
0,0,0,-0.8702409464784621,1,1,1.2376814315395588,1,1,0,0,0,1,3,0.20847347212838196,-1.5386079279280618
0,0,1,1.1657772395230557,1,1,-0.4904953832887682,0,1,0,0,0,1,1,0.42624954612990373,1.226115434996599
1,0,1,1.247217966963116,1,1,0.3735930241253952,0,1,0,0,0,1,2,1.093060812346244,0.707692523043244
1,0,1,-0.3815965818380978,1,1,-0.556963722320627,1,0,1,0,0,1,0,-0.69889721699092,0.28937888628920966
0,0,0,1.1657772395230557,1,0,-1.4875204687666492,0,0,1,1,0,0,1,-0.2635711258781945,1.836682656733813
1,0,0,-1.0331224013585834,1,1,-1.4875204687666492,0,0,1,1,0,0,0,-1.8046699002402897,0.3272264095593719
1,0,0,-0.748079855318371,1,0,-1.4875204687666492,0,1,0,0,0,1,0,-1.6374959422383382,0.4224629837106995
0,1,1,-0.3815965818380978,1,1,0.7724030583165477,0,0,1,0,0,1,3,0.2937714650725867,-0.7285589615073497
0,0,0,-0.9516816739185228,1,0,0.9053397363802652,1,1,0,1,0,0,3,-0.07545414328854079,-1.3632100118930264
0,1,0,-0.8702409464784621,1,1,1.1712130925077,1,1,0,0,1,0,3,0.20108834993520064,-1.5640673340681785
0,0,0,0.6364125111626608,1,0,0.3403588546094659,0,1,0,1,0,0,2,0.6432066702880769,0.13296052331304656
1,0,0,1.247217966963116,1,0,-1.4875204687666492,0,0,1,1,0,0,1,-0.20690357461773684,1.9105049648020305
0,0,0,-1.0738427650786138,1,1,1.1712130925077,1,1,0,0,0,1,3,0.018257169068451734,-1.635221536126556
0,0,0,-1.1145631287986442,0,1,-0.4572612137728389,0,0,1,0,1,0,0,-1.2151978096701277,-0.3727592419621131
1,0,0,1.5322605130033284,1,0,0.7724030583165477,0,0,1,1,0,0,2,1.5894519502478406,0.5605952337642862
1,0,0,-0.9924020376385532,1,1,0.0412513289661016,0,1,0,1,0,0,3,-0.7079056185199016,-0.773409151201189
0,0,1,0.5549717837226001,1,0,-1.3213496211870024,0,1,0,0,1,0,1,-0.6110593241827885,1.3788539917281795
0,0,1,1.4508197855632678,1,1,0.6394663802528302,0,0,1,1,0,0,2,1.451151918807047,0.7454470619476595
1,0,1,-0.055833672077855,1,1,-1.45428629925072,0,1,0,0,0,1,0,-1.1146337107426267,1.0506249799925105
0,0,0,-1.0738427650786138,1,0,0.6394663802528302,1,0,1,1,0,0,3,-0.33778278699104497,-1.1850319919825179
1,0,0,-1.2367242199587352,1,1,0.4732955326731833,0,1,0,0,0,1,3,-0.5898222701960613,-1.2536524389580217
1,1,0,0.4328106925625091,1,0,0.971808075412124,0,1,0,1,0,0,2,0.9984941616633803,-0.5148884789360836
1,0,1,0.5549717837226001,1,1,-1.4875204687666492,0,1,0,0,0,1,1,-0.7082542632817277,1.499916440747647
1,0,0,0.6771328748826912,1,1,1.1379789229917707,0,1,0,0,1,0,2,1.2125797409713945,-0.35399822690588767
1,0,0,0.758573602322752,1,1,1.0050422449280532,1,0,1,0,1,0,2,1.1874015322485039,-0.124763923413929
1,0,1,-0.1779947632379461,1,1,0.9385739058961944,0,1,0,0,0,1,3,0.4890257356818237,-0.6747412659103984
1,0,0,1.3286586944031769,1,0,0.9053397363802652,1,1,0,0,0,1,2,1.5136109525007786,0.232542812215604
1,0,0,0.758573602322752,1,1,0.6062322107369008,0,0,1,1,0,0,2,0.9346383612639068,0.14327489289922107
1,0,1,-1.2774445836787656,1,1,0.3403588546094659,1,1,0,0,0,1,3,-0.707105175752659,-1.0324483815609087
0,0,0,-0.3408762181180675,1,0,-1.4875204687666492,0,1,0,1,0,0,0,-1.3352363789763988,0.7033664727671742
0,0,0,0.6364125111626608,0,0,-0.9890079260277088,1,1,0,1,0,0,1,-0.34797375049655754,1.118777072375729
1,1,0,-1.2774445836787656,1,0,0.5065297021891128,1,0,1,1,0,0,3,-0.5222378126920995,-1.3089717611356415
1,0,0,-0.2187151269579764,1,1,-0.3243245357091214,0,0,1,0,0,1,0,-0.4252438108706493,0.0851414016558533
1,0,1,-1.2774445836787656,1,0,-0.4904953832887682,1,1,0,1,0,0,0,-1.2857259121111078,-0.45850215777182746
0,0,1,1.5322605130033284,0,0,-0.2246220271613333,0,0,1,1,0,0,1,0.8388292987680821,1.460194819525879
1,0,0,0.1070477828022663,1,1,0.3403588546094659,1,0,1,1,0,0,3,0.28839888593638335,-0.12944279364232525
1,0,0,1.4100994218432374,0,0,-0.5237295528046976,0,0,1,1,0,0,1,0.5357692927389,1.438330560829124
1,0,0,-1.2367242199587352,1,0,-0.6234320613524857,1,0,1,1,0,0,0,-1.3448023475728663,-0.41622563556910913
0,0,1,-0.7073594915983407,1,1,-1.45428629925072,0,0,1,1,0,0,0,-1.546064250749594,0.6734908995398413
0,0,0,-1.2774445836787656,1,1,-1.4875204687666492,0,0,1,0,1,0,0,-2.0048048089464476,0.14497248662783763
1,0,1,1.2064976032430856,1,0,-1.3213496211870024,0,1,0,1,0,0,1,-0.12436007319613687,1.8454497802907903
0,0,1,0.1477681465222966,1,0,-1.4875204687666492,0,1,0,1,0,0,1,-0.9861173757289879,1.203100306250599
1,0,0,1.6137012404433893,1,1,1.3373839400873468,0,0,1,1,0,0,2,2.0526989311694597,0.2392622399369973
1,0,0,1.5322605130033284,1,0,0.4732955326731833,0,1,0,1,0,0,2,1.3668711699488887,0.6843519134093292
1,0,0,-1.2774445836787656,1,1,-0.3575587052250508,1,1,0,0,0,1,0,-1.2051553534201518,-0.712620067808079
1,0,0,-0.3408762181180675,1,0,-0.2246220271613333,0,1,0,1,0,0,3,-0.4441331896980571,-0.14526876001466027
1,1,0,0.5142514200025698,1,0,-0.0584511795816865,1,1,0,0,0,1,2,0.3132780815785832,0.2346028673869139
1,0,0,-0.1372743995179157,1,0,-1.4875204687666492,0,1,0,0,1,0,0,-1.2214411455652954,0.8677964719138292
0,0,1,0.0256070553622056,1,0,0.805637227832477,0,1,0,0,1,0,3,0.5182992522824349,-0.44862482133762965
0,0,0,-1.0331224013585834,1,1,1.1712130925077,0,0,1,1,0,0,3,0.07334069374268308,-1.5120205100643924
0,0,0,-1.0331224013585834,1,1,0.5065297021891128,1,0,1,1,0,0,3,-0.3960006254541498,-1.056447263893952
1,0,0,-0.5851984004382496,1,0,0.2738905155776072,0,0,1,1,0,0,3,-0.25268861900835154,-0.5763025328894814
1,0,1,-1.2367242199587352,1,0,-1.5207546382825785,0,1,0,1,0,0,0,-1.9845485226381492,0.276070560355463
1,0,1,1.369379058123207,1,0,0.5065297021891128,0,1,0,0,0,1,2,1.2659043877215463,0.6928445412071087
0,0,0,-1.1960038562387048,1,1,-1.4875204687666492,1,1,0,1,0,0,0,-1.9300275066172232,0.11528444723328363
0,0,1,1.6137012404433893,1,1,0.0744854984820309,0,0,1,1,0,0,2,1.1668375344019364,1.2464210674449647
0,1,0,-0.7888002190384014,0,0,-0.6566662308684151,0,0,1,1,0,0,0,-1.051560375745292,-0.11279221980027956
1,0,0,-0.3408762181180675,1,0,0.7059347192846889,0,1,0,1,0,0,3,0.21294465717750893,-0.783071304653277
1,0,0,1.5322605130033284,1,0,0.3403588546094659,0,0,1,1,0,0,2,1.2843800927698992,0.8567178437750725
1,0,1,1.5729808767233588,1,1,1.071510583959912,0,0,1,0,0,1,2,1.8264978579876903,0.5380653882007977
1,0,0,0.9621754209229036,1,1,-0.1581536881294745,0,1,0,1,0,0,1,0.5268008286674187,0.7281037776791106
0,0,0,-1.0738427650786138,1,0,0.971808075412124,1,0,1,1,0,0,3,-0.1031121273926284,-1.4128186150677382
0,0,0,-1.2774445836787656,1,0,-0.6566662308684151,1,1,0,0,1,0,0,-1.4364993377589956,-0.5147812445082381
0,0,1,-0.4630373092781585,1,0,-0.6566662308684151,0,1,0,1,0,0,0,-0.8292872401536874,0.20712095009093348
1,0,1,-0.748079855318371,1,0,0.0080171594501722,1,1,0,0,1,0,3,-0.5900278982823437,-0.425232535690144
1,0,0,-0.7888002190384014,1,1,0.0412513289661016,0,1,0,0,1,0,3,-0.5934650679131575,-0.6259330869965364
0,0,0,-0.8295205827584317,1,1,0.971808075412124,1,0,1,1,0,0,3,0.07582046912388023,-1.2331776033977222
1,0,0,1.3286586944031769,1,0,0.8721055668643357,0,1,0,1,0,0,2,1.5051937903267416,0.2688370328915269
1,0,0,-0.0965540357978854,1,0,0.6394663802528302,0,1,0,1,0,0,3,0.3379491306261219,-0.566908860657587
0,0,0,-1.2367242199587352,0,1,-1.3545837907029317,0,0,1,0,0,1,0,-1.920986176522302,0.13814139092214373
0,0,1,-0.8295205827584317,1,0,-1.4875204687666492,0,1,0,1,0,0,0,-1.673871797202173,0.520679828736015
1,0,0,0.9621754209229036,1,1,1.4038522791192056,0,1,0,0,0,1,2,1.6147030249941712,-0.35600890918882516
0,1,0,1.4100994218432374,1,0,0.9053397363802652,0,1,0,1,0,0,2,1.639959768412523,0.19613538825354182
1,0,1,-1.1552834925186746,1,1,-0.4572612137728389,1,0,1,1,0,0,0,-1.1579183656585286,-0.30569108696800124
0,1,0,1.3286586944031769,1,1,0.971808075412124,0,0,1,1,0,0,2,1.647952209684697,0.1839968639333078
1,0,0,1.125056875803025,1,0,1.2044472620236295,0,1,0,0,0,1,2,1.5815323749991064,-0.11463608137663248
0,0,0,0.188488510242327,1,0,1.1712130925077,1,1,0,1,0,0,2,0.9146625427755749,-0.7492820865941883
1,0,0,1.6137012404433893,1,0,-1.4875204687666492,0,1,0,1,0,0,1,0.03962714677433053,2.0851613627383445
0,0,1,0.7992939660427822,1,0,1.1712130925077,0,1,0,1,0,0,2,1.3497508487071337,-0.16424569342144063
1,1,0,-0.7888002190384014,1,0,1.4038522791192056,1,1,0,0,0,1,3,0.4288230885140356,-1.6775522442075
0,1,0,0.9621754209229036,1,0,1.071510583959912,0,1,0,1,0,0,2,1.442074321703188,-0.23053397548325233
0,0,0,0.758573602322752,1,1,-1.45428629925072,0,0,1,1,0,0,1,-0.5196744110506345,1.5385980210855843
1,0,1,-1.0331224013585834,0,0,-0.1913878576454039,0,1,0,1,0,0,0,-0.9550814954952048,-0.4182349424480781
0,1,0,-0.62591876415828,1,1,0.971808075412124,0,0,1,1,0,0,3,0.27244336673832686,-1.1808440910958597
1,0,0,-0.5851984004382496,1,0,-1.4875204687666492,0,1,0,0,1,0,0,-1.5366619220738384,0.555020419719645
1,0,0,0.7178532386027215,1,1,1.1379789229917707,0,0,1,0,1,0,2,1.252613361859821,-0.24431275921112483
0,1,0,-0.0151133083578247,1,0,-0.3243245357091214,0,1,0,1,0,0,3,-0.23129687008334604,0.04374936396008888
0,0,0,-1.2774445836787656,1,0,0.3403588546094659,1,0,1,1,0,0,3,-0.6922685517698666,-1.1221949640213578
1,0,0,0.5549717837226001,1,1,1.0050422449280532,0,0,1,1,0,0,2,1.0729609816417593,-0.27223998761858154
1,0,1,-0.6666391278783103,1,1,-1.4875204687666492,0,1,0,0,0,1,0,-1.567947290123209,0.6468908438544175
0,0,0,-1.2774445836787656,1,1,0.2074221765457484,1,1,0,1,0,0,3,-0.790520011121398,-1.103295703627555
0,0,0,0.758573602322752,1,1,1.1379789229917707,0,0,1,1,0,0,2,1.3107567338170136,-0.23813763897913381
0,0,0,-0.3001558543980371,1,1,1.4703206181510644,0,0,1,1,0,0,3,0.8003601034861467,-1.2052131127051529
1,0,0,-0.9924020376385532,1,1,-0.6899004003843444,0,0,1,1,0,0,0,-1.212803882976041,-0.19102729928204926
0,0,0,0.0256070553622056,1,0,-0.3575587052250508,0,0,1,0,1,0,0,-0.2969126621624639,0.2713560458661637
1,0,0,0.880734693482843,1,1,0.0080171594501722,0,0,1,0,0,1,2,0.5831505728851004,0.6250778157745397
0,0,1,-0.5851984004382496,1,1,-1.3213496211870024,0,0,1,0,0,1,0,-1.381276588011884,0.6541632516276753
0,0,1,-0.2187151269579764,1,0,-1.45428629925072,0,0,1,1,0,0,0,-1.209181031161214,1.0056652460057633
1,0,1,1.4508197855632678,1,1,1.2044472620236295,0,0,1,1,0,0,2,1.8494467229287135,0.3751637376447875
0,0,1,1.0843365120829946,1,0,-1.3213496211870024,0,1,0,1,0,0,1,-0.20968405868464407,1.7431932856594647
0,1,0,0.9621754209229036,1,0,0.4068271936413246,0,1,0,1,0,0,2,0.9727330025063553,0.22503927068718815
1,1,0,1.6137012404433893,1,1,-1.3213496211870024,0,0,1,1,0,0,1,0.2286743808563279,1.9717178041050838
0,1,0,0.880734693482843,1,0,0.2406563460616778,0,0,1,1,0,0,2,0.8094619909114253,0.3633154902352381
0,0,0,0.5956921474426305,1,1,-1.45428629925072,0,1,0,0,0,1,1,-0.660727238409014,1.3300944353340978
1,0,1,0.7178532386027215,0,0,-0.7231345699002738,0,1,0,1,0,0,1,-0.09832787904654812,1.1688936767019036
1,0,0,1.5729808767233588,1,0,1.3041497705714176,0,1,0,0,1,0,2,1.9533626326394766,0.14862467364850054
0,0,0,-1.2774445836787656,1,0,-0.6566662308684151,0,0,1,0,0,1,0,-1.4113304343509208,-0.4523506531330979
0,0,0,-1.1960038562387048,1,0,0.3735930241253952,1,0,1,1,0,0,3,-0.6114886173539261,-1.0881052532036644
0,0,0,-0.4630373092781585,0,1,-0.9890079260277088,0,1,0,0,0,1,0,-1.1297533872914831,0.3465743690957918
1,0,1,1.369379058123207,0,1,-0.4572612137728389,0,0,1,0,0,1,1,0.5512328703037596,1.5183829782990743
0,0,1,0.6364125111626608,1,0,1.0382764144439829,1,1,0,1,0,0,2,1.1412568479555698,-0.18686779043978335
1,1,0,0.5956921474426305,1,1,1.1712130925077,1,0,1,1,0,0,2,1.272293472143217,-0.44753653311175967
1,0,1,1.125056875803025,1,0,-1.3545837907029317,0,1,0,0,1,0,1,-0.2339816281455797,1.816665200862211
1,0,0,0.188488510242327,1,1,0.8721055668643357,0,0,1,1,0,0,2,0.7211848097499485,-0.43703301745246226
1,0,1,-0.5851984004382496,1,1,0.5397638717050421,0,1,0,1,0,0,3,-0.0640934943309649,-0.67222362547181
1,0,1,1.6137012404433893,1,0,0.8388713973484064,0,0,1,1,0,0,2,1.6989407431344408,0.7304298769995904
0,0,0,-1.0738427650786138,1,0,0.8721055668643357,0,1,0,1,0,0,3,-0.1848905119325306,-1.4257339092738273
1,1,0,0.0256070553622056,1,1,0.971808075412124,0,0,1,0,1,0,3,0.7014593766579733,-0.7036380397550206
1,0,0,0.1070477828022663,1,0,1.071510583959912,0,1,0,0,0,1,3,0.7712532554585054,-0.7343760962202358
0,0,0,0.188488510242327,1,1,0.4732955326731833,0,0,1,1,0,0,3,0.44022533542748965,-0.18064300469220046
1,1,0,-1.2774445836787656,1,0,0.174188007029819,1,1,0,0,0,1,3,-0.7833355627366979,-1.1759519775494771
1,0,0,1.5729808767233588,1,0,-1.3545837907029317,0,1,0,0,1,0,1,0.075997355852145,1.9709176583302626
1,1,0,-0.6666391278783103,1,1,0.6727005497687596,0,0,1,0,1,0,3,0.0030964011425590743,-0.9820112505511523
1,1,0,0.880734693482843,1,1,0.3071246850935365,0,0,1,0,1,0,2,0.8339031762501773,0.34905312424068063
0,0,1,1.6137012404433893,1,1,0.6727005497687596,0,1,0,0,0,1,2,1.562817631232904,0.741638306392512
0,0,0,-0.8295205827584317,1,1,0.5065297021891128,0,1,0,0,0,1,3,-0.2791455447600848,-1.0090431705774696
0,0,1,1.4915401492832985,1,1,-1.4875204687666492,0,1,0,0,0,1,1,-0.0485109588409508,2.1369487967571215
1,1,0,-0.3408762181180675,1,1,1.270915601055488,1,0,1,0,1,0,3,0.6547550622441036,-1.1645536795996876
0,0,1,-0.9924020376385532,1,0,-1.4875204687666492,1,1,0,0,1,0,0,-1.817339154647873,0.4122482138726987
1,1,1,-0.8702409464784621,1,1,-0.3243245357091214,0,0,1,1,0,0,0,-0.8101143357486161,-0.28760385077401135
0,0,0,-0.9516816739185228,1,1,-0.6899004003843444,0,0,1,0,1,0,0,-1.2123437520858529,-0.17424191627182972
1,0,1,0.0663274190822359,1,0,0.4400613631572539,1,1,0,1,0,0,3,0.3170142642900877,-0.15797654582789145
0,0,0,1.369379058123207,0,0,-0.5901978918365564,0,1,0,0,1,0,1,0.42060523659292837,1.3625536141985166
0,0,0,0.3513699651224484,1,0,-1.45428629925072,0,0,1,1,0,0,1,-0.8132327444793406,1.2452202631631377
1,0,0,1.3286586944031769,1,1,1.3373839400873468,0,1,0,1,0,0,2,1.840726704912737,-0.041028347136411465
1,0,1,1.4508197855632678,1,0,1.3706181096032763,0,1,0,0,0,1,2,1.9333609711335273,0.1574676943117514
1,1,0,-0.3815965818380978,1,0,1.3706181096032763,1,1,0,0,0,1,3,0.6919203648346879,-1.3704317162679016
1,0,0,0.0256070553622056,1,0,-1.4875204687666492,0,1,0,0,0,1,0,-1.0930236919054002,0.9627125284097447
1,1,0,-0.3001558543980371,1,1,0.8388713973484064,1,0,1,1,0,0,3,0.40718125952771445,-0.8453020144149078
1,0,1,1.6137012404433893,1,0,1.6364914657307112,0,1,0,0,1,0,2,2.2219315189767608,0.10779583185252073
1,0,1,0.8400143297628127,1,0,-1.4875204687666492,1,1,0,0,1,0,1,-0.528444931581292,1.7087405441545458
0,0,0,0.8400143297628127,1,1,1.1712130925077,0,1,0,0,1,0,2,1.3513178610390746,-0.27999407790398145
1,0,0,-0.5851984004382496,1,1,0.5729980412209714,1,1,0,0,0,1,3,-0.06091812466774643,-0.8670414408738655
1,1,0,1.2064976032430856,1,1,0.805637227832477,0,0,1,0,0,1,2,1.428952356219895,0.21602599236119654
0,0,0,1.5322605130033284,1,1,0.0080171594501722,1,0,1,1,0,0,2,1.0573487415153358,1.0765864242096606
1,1,0,-0.2187151269579764,1,1,1.3373839400873468,0,0,1,1,0,0,3,0.8165001173814378,-1.1301135759165228
0,0,0,1.1657772395230557,1,0,1.270915601055488,0,1,0,1,0,0,2,1.672818162128285,-0.13519759600517026
1,1,0,0.8400143297628127,1,0,1.3041497705714176,1,0,1,1,0,0,2,1.5311063502026674,-0.37708195525857197
0,0,0,0.880734693482843,1,0,1.3041497705714176,1,1,0,0,0,1,2,1.480640284705976,-0.3705311226228469
1,1,1,1.2879383306831464,1,1,1.5700231266988525,0,1,0,0,0,1,2,2.0198723476027918,-0.17374255401411706
0,1,0,-0.0965540357978854,1,0,1.1712130925077,1,1,0,0,0,1,3,0.7523583258676244,-1.051674371417018
0,0,1,0.7178532386027215,1,1,-1.45428629925072,0,0,1,1,0,0,1,-0.5430890527678657,1.6686874292486094
1,0,0,0.2292088739623573,1,1,1.3373839400873468,0,0,1,1,0,0,2,1.0783801674157807,-0.7275001032086631
0,0,1,1.6137012404433893,1,0,1.1379789229917707,0,1,0,0,1,0,2,1.8705708467747773,0.43252183153834867
1,1,0,0.2699292376823877,1,0,1.3706181096032763,1,1,0,0,1,0,2,1.13663159573578,-0.8966640415016642
1,0,0,-0.0965540357978854,1,0,-0.0252170100657571,0,1,0,1,0,0,3,-0.13139218857071092,-0.11133561448714649
0,1,0,-0.2594354906780068,1,0,1.0050422449280532,1,1,0,0,1,0,3,0.5066055424085208,-1.0326971163703238
0,0,0,-1.0738427650786138,1,1,0.7059347192846889,0,1,0,1,0,0,3,-0.29523185058352647,-1.302804705439847
0,0,0,-0.6666391278783103,1,0,-0.3575587052250508,1,1,0,0,1,0,0,-0.7954492306996804,-0.2932764068383216
0,0,1,0.758573602322752,0,0,-0.291090366193192,0,0,1,1,0,0,1,0.24742291651546072,0.9655025994438774
0,0,1,-0.62591876415828,1,1,1.1379789229917707,1,1,0,0,0,1,3,0.3152526721279714,-1.1411432268977173
0,0,0,-1.2774445836787656,1,0,0.4732955326731833,1,0,1,1,0,0,3,-0.5984002879305002,-1.213309613255446
1,0,0,1.2064976032430856,1,0,-1.4875204687666492,0,1,0,1,0,0,1,-0.24693719550616333,1.8008194971072675
1,0,1,-0.7888002190384014,1,1,0.0080171594501722,0,1,0,1,0,0,3,-0.5828487208286782,-0.4499359613509959
1,0,1,1.2879383306831464,1,0,0.2738905155776072,0,1,0,0,0,1,2,1.0443220575465562,0.7954268042405477
1,0,0,0.4735310562825394,1,0,0.6727005497687596,0,0,1,1,0,0,2,0.773983462439032,-0.11035762995094672
0,0,1,-0.6666391278783103,1,0,1.6032572962147815,0,1,0,0,1,0,3,0.5943494534417948,-1.478693888314988
1,0,1,-0.7073594915983407,1,1,-1.3213496211870024,0,1,0,0,0,1,0,-1.4792683945520502,0.5045633457486997
0,0,1,0.1477681465222966,0,0,-0.7896029089321326,0,0,1,1,0,0,1,-0.5344295863029048,0.8806697356250929
1,0,1,-1.2774445836787656,1,0,0.8721055668643357,1,0,1,1,0,0,3,-0.3121990210972231,-1.311176031289575
1,1,0,-0.3408762181180675,1,0,0.174188007029819,0,1,0,1,0,0,3,-0.10918767170575738,-0.5084501282306003
0,0,0,1.125056875803025,1,0,-1.4875204687666492,0,1,0,0,0,1,1,-0.3186546505524259,1.7134816306716492
0,0,0,-1.1960038562387048,1,1,0.9053397363802652,1,0,1,0,0,1,3,-0.24407147463405227,-1.4570435162160476
1,0,1,-0.6666391278783103,1,0,0.8721055668643357,0,1,0,0,1,0,3,0.07742868512963787,-0.9606093825855013
1,0,0,1.369379058123207,1,0,0.7059347192846889,0,1,0,0,0,1,2,1.4014649909697778,0.39764897262984383
1,0,0,1.369379058123207,1,0,1.3041497705714176,0,1,0,0,1,0,2,1.8100804614992296,0.006453740832962275
1,0,0,0.5142514200025698,1,0,-1.4875204687666492,1,1,0,0,1,0,1,-0.7629381979165054,1.3227434569235517
1,1,1,0.4328106925625091,1,0,1.536788957182923,1,0,1,1,0,0,2,1.4140532621518835,-0.6623508623231699
1,1,1,1.5729808767233588,1,0,-1.4875204687666492,0,1,0,0,1,0,1,0.040711610997796785,2.130718481776808
1,0,0,-1.2774445836787656,1,0,-0.6566662308684151,1,1,0,0,1,0,0,-1.4371446549546367,-0.4978273095662357
1,0,1,-1.2774445836787656,1,1,0.2074221765457484,1,0,1,0,1,0,3,-0.8033879696793463,-0.8412617614386504
0,1,0,-0.5037576729981889,1,0,0.5397638717050421,0,0,1,1,0,0,3,0.04634682079632142,-0.8084548136871205
0,1,0,1.3286586944031769,0,0,-0.3575587052250508,0,0,1,1,0,0,1,0.6497777977518505,1.1607775207046205
1,0,1,-0.5444780367182193,1,0,-1.4875204687666492,0,1,0,1,0,0,0,-1.4739220748014683,0.7366730696197711
1,0,0,1.5729808767233588,1,0,1.4703206181510644,1,0,1,1,0,0,2,2.110916769632565,0.11067751184843141
0,1,0,-1.2774445836787656,0,0,-1.3213496211870024,1,0,1,1,0,0,0,-1.8647789056787178,0.0015707876128690512
1,0,0,0.0256070553622056,1,0,0.1077196679979603,1,1,0,0,0,1,3,0.03339547416699891,-0.13066326239931234
1,0,0,1.5729808767233588,1,0,-0.3575587052250508,0,0,1,1,0,0,1,0.8202281418412741,1.3635039388171428
0,0,0,-0.7888002190384014,1,1,0.1077196679979603,0,1,0,0,1,0,3,-0.5458856187978331,-0.6884443465555828
0,0,0,-0.1372743995179157,1,0,-1.5207546382825785,0,1,0,1,0,0,0,-1.2154212737959935,0.8683160678912344
0,0,0,-0.7888002190384014,1,1,0.2406563460616778,0,0,1,1,0,0,3,-0.41179854776458685,-0.7036128460471301
1,0,0,-0.4223169455581282,0,1,-0.2578561966772627,0,0,1,0,0,1,0,-0.5740896324821814,-0.02791679905492756
1,1,0,-1.0331224013585834,1,0,1.1379789229917707,1,1,0,1,0,0,3,0.08419785925281119,-1.652412506750569
1,0,0,0.5956921474426305,1,1,-1.3213496211870024,0,1,0,0,0,1,1,-0.5675042917652883,1.255933721042012
1,0,0,-0.2594354906780068,1,0,-1.4875204687666492,0,0,1,1,0,0,0,-1.267191641055564,0.8584400619670473
1,1,0,-0.7888002190384014,1,1,-0.1581536881294745,0,0,1,1,0,0,3,-0.6407079300041274,-0.5031523839165392
1,0,0,-0.2594354906780068,1,0,0.8388713973484064,1,1,0,1,0,0,3,0.36412578947297436,-0.8173175807611498
1,0,1,-1.2367242199587352,1,1,-1.4875204687666492,0,0,1,0,1,0,0,-1.971551899403221,0.34888420285908045
0,0,0,-1.1552834925186746,0,0,-1.3545837907029317,1,0,1,0,1,0,0,-1.8844590159621135,0.20479456151350384
0,0,0,0.7992939660427822,1,0,0.5397638717050421,0,1,0,1,0,0,2,0.8986348029593242,0.11002529571434497
1,1,0,-1.1960038562387048,1,0,0.8721055668643357,1,1,0,0,1,0,3,-0.2470060258716223,-1.5786148231457093
1,1,0,1.2064976032430856,1,0,1.536788957182923,0,0,1,0,1,0,2,1.9244420994405007,-0.275319780961143
0,0,1,1.5322605130033284,1,1,0.971808075412124,1,0,1,0,0,1,2,1.7280855430757571,0.5610132536212535
0,0,0,1.5729808767233588,1,1,1.3041497705714176,0,0,1,1,0,0,2,2.00122074817721,0.21665278074040908
1,0,0,1.4915401492832985,0,0,-0.9557737565117794,0,1,0,1,0,0,1,0.27663311705668037,1.7100702628344706
1,0,0,0.1070477828022663,1,1,-1.288115451671073,0,0,1,1,0,0,1,-0.8614873460958573,0.986711659475254
1,0,0,1.247217966963116,1,1,1.270915601055488,0,1,0,0,0,1,2,1.7214298007511502,-0.06585495401298352
0,1,0,1.4915401492832985,1,0,1.3373839400873468,0,1,0,1,0,0,2,2.002344494346563,-0.04311884863102889
0,0,1,1.6137012404433893,1,1,1.1712130925077,0,0,1,1,0,0,2,1.941250711076711,0.4947252112637377
0,0,0,0.1477681465222966,1,1,0.5065297021891128,0,0,1,0,1,0,3,0.40619434662577925,-0.226550722174716
1,0,0,0.0256070553622056,1,1,0.2738905155776072,0,1,0,0,0,1,3,0.1577247951144194,-0.23552068165055245
0,0,0,-0.1779947632379461,1,0,0.8388713973484064,0,1,0,0,1,0,3,0.3932423545912114,-0.7720980111878227
0,0,0,-0.2187151269579764,1,1,-1.4875204687666492,0,0,1,0,0,1,0,-1.245945802269466,0.8654406475121218
0,0,0,-1.2774445836787656,1,0,0.3071246850935365,0,1,0,0,0,1,3,-0.7421627081758903,-1.1941831412118917
1,0,1,1.6137012404433893,0,0,-0.8893054174799206,0,1,0,1,0,0,1,0.41477834417132986,1.908339092632882
0,0,0,1.247217966963116,1,1,1.1047447534758412,0,0,1,1,0,0,2,1.6311668785937645,0.12585126208668018
1,0,1,-0.8295205827584317,1,0,0.174188007029819,0,1,0,1,0,0,3,-0.5011638164057317,-0.6012993517480837
1,0,1,-0.8295205827584317,1,0,-1.3213496211870024,0,1,0,1,0,0,0,-1.5571817845986058,0.42374045213540745
0,1,0,1.5322605130033284,1,0,1.6032572962147815,0,0,1,1,0,0,2,2.2301146429137226,-0.11566267940444225
0,0,0,-1.2774445836787656,1,1,-0.6566662308684151,0,0,1,1,0,0,0,-1.389286539416904,-0.4297992024743271
0,0,0,-0.5037576729981889,1,0,0.805637227832477,0,0,1,0,1,0,3,0.15190100146735186,-0.8955415602525068
0,0,0,1.6137012404433893,1,1,-1.3213496211870024,0,1,0,0,1,0,1,0.13576016438388916,1.9686551399342158
0,0,0,-1.1145631287986442,1,0,0.3735930241253952,0,1,0,1,0,0,3,-0.5655529355582047,-1.1124881612091044
1,0,1,0.2699292376823877,0,0,-1.3213496211870024,0,0,1,0,1,0,1,-0.8534202767053665,1.352689958581885
1,0,0,-1.2774445836787656,1,0,-0.3575587052250508,0,1,0,0,0,1,0,-1.2121493445683642,-0.721655960099449
1,0,1,-0.7073594915983407,1,1,-0.3243245357091214,0,1,0,0,0,1,0,-0.7752564157568007,-0.17879652350696107
0,0,0,1.6137012404433893,1,0,-1.3213496211870024,0,1,0,0,1,0,1,0.12876617323567702,1.9596192476428458
1,0,1,-0.3408762181180675,0,0,-0.9557737565117794,0,0,1,0,0,1,0,-1.0113373478201513,0.6567911849850131
1,0,1,0.0663274190822359,1,0,1.3041497705714176,0,1,0,1,0,0,2,0.9271579792459707,-0.7502217658494642
0,0,0,-0.9516816739185228,1,1,0.5065297021891128,1,0,1,0,1,0,3,-0.3675293775315538,-0.9942737593786227
0,1,1,1.6137012404433893,1,1,0.7724030583165477,0,0,1,1,0,0,2,1.7129866460328105,0.6782317384523263
0,0,1,-0.9924020376385532,1,1,-1.45428629925072,0,0,1,1,0,0,0,-1.7466592903459397,0.4744515935980878
0,0,1,-1.0738427650786138,1,0,-1.5207546382825785,0,0,1,1,0,0,0,-1.8579002818699337,0.4541046527975464
0,0,0,0.1477681465222966,1,0,0.7724030583165477,1,1,0,1,0,0,3,0.6044013170294257,-0.5043723254550317
1,0,0,1.6137012404433893,1,0,-1.3213496211870024,0,1,0,1,0,0,1,0.1569624765735388,1.9712680511957341
0,0,0,-0.9924020376385532,1,0,-0.4904953832887682,1,1,0,0,0,1,0,-1.1047772516157441,-0.4484559398656098
1,0,0,0.4735310562825394,1,0,-1.4875204687666492,0,1,0,0,1,0,1,-0.7915946321445548,1.294309270360444
0,0,0,-0.5851984004382496,1,0,0.174188007029819,0,1,0,0,1,0,3,-0.36266330688611537,-0.6008666306484587
0,0,1,0.2699292376823877,1,0,1.1712130925077,0,1,0,0,1,0,2,0.9483755832089894,-0.528584987352726
1,0,1,1.125056875803025,1,1,1.0050422449280532,0,1,0,0,0,1,2,1.452965762899087,0.18959537949200253
1,0,0,-0.4630373092781585,1,1,-1.4875204687666492,0,1,0,1,0,0,0,-1.4148570077079756,0.6440537403112238
1,0,1,1.125056875803025,1,0,0.6727005497687596,0,0,1,1,0,0,2,1.23772820259864,0.5031129497849086
0,0,1,1.2064976032430856,1,1,0.2074221765457484,0,0,1,0,1,0,2,0.9452998354273064,0.8762696839689141
0,0,1,-0.9924020376385532,1,1,-1.4875204687666492,0,0,1,1,0,0,0,-1.7701263563057814,0.49723025590660974
1,0,0,1.3286586944031769,1,0,-1.3213496211870024,0,1,0,1,0,0,1,-0.04363256302280685,1.7722287452539804
0,0,1,-0.62591876415828,1,0,-1.45428629925072,0,0,1,1,0,0,0,-1.4957453734417074,0.7213233803746865
1,0,0,1.125056875803025,1,1,-0.1249195186135452,0,1,0,1,0,0,1,0.6648936315394578,0.8190618616230192
0,0,1,-0.8702409464784621,1,0,-1.5207546382825785,1,1,0,0,0,1,0,-1.7410452011758686,0.5015087461140287
0,0,0,-1.2367242199587352,1,0,-1.4875204687666492,0,1,0,0,1,0,0,-1.9945195525269874,0.0831194997679201
0,0,0,-0.4630373092781585,1,0,1.3041497705714176,1,1,0,0,0,1,3,0.5349779551803466,-1.3088592792053995
0,0,0,1.369379058123207,1,0,1.270915601055488,0,0,1,1,0,0,2,1.8274775199289086,0.0882246179420229
1,0,0,-0.6666391278783103,1,1,-1.5207546382825785,0,0,1,1,0,0,0,-1.5702290581476872,0.6059127509358627
1,0,1,1.369379058123207,1,1,0.3403588546094659,0,0,1,1,0,0,2,1.181990139516732,0.9105405845401447
0,0,0,0.5549717837226001,1,0,0.4732955326731833,0,1,0,0,1,0,2,0.650920445137842,-0.009717367658142621
0,0,0,1.5322605130033284,1,0,0.8388713973484064,0,0,1,0,1,0,2,1.6081897788296624,0.5033891055943539
1,0,1,1.6137012404433893,1,0,-1.4875204687666492,0,0,1,1,0,0,1,0.05624612594552576,2.324936238596132
1,0,0,-1.2774445836787656,1,0,-0.6566662308684151,0,1,0,0,0,1,0,-1.423352938206939,-0.5166479993227507
0,0,1,-1.2774445836787656,1,0,-1.3545837907029317,0,0,1,0,1,0,0,-1.912688743744475,0.20334553982851222
1,1,0,-0.9924020376385532,1,0,1.2044472620236295,1,1,0,0,1,0,3,0.13094680486704102,-1.6642305134153914
0,0,0,-1.2367242199587352,1,0,-0.5237295528046976,0,0,1,0,0,1,0,-1.288805736283505,-0.5150311158040785
1,0,1,-1.2774445836787656,1,1,-1.5207546382825785,0,0,1,1,0,0,0,-1.9948337790576092,0.33792354721538054
1,0,0,-0.62591876415828,1,0,-1.4875204687666492,0,1,0,1,0,0,0,-1.5364767357683855,0.521281101767423
1,0,1,1.0436161483629645,0,0,-0.4904953832887682,0,1,0,0,1,0,1,0.26635143596323585,1.2422216644362247
1,0,1,1.0843365120829946,1,1,0.7391688888006183,0,0,1,0,0,1,2,1.2479499876526814,0.4246417725287262
0,0,0,-0.8295205827584317,1,0,0.805637227832477,1,1,0,0,0,1,3,-0.07493594226972233,-1.223087023645538
0,0,0,-1.1960038562387048,1,0,-0.0252170100657571,1,1,0,0,1,0,3,-0.9333122160659056,-0.8907074552439412
1,0,1,-0.0151133083578247,0,0,-0.4572612137728389,0,0,1,1,0,0,1,-0.41502998081232667,0.5561003012294446
0,0,1,-1.0331224013585834,0,0,-1.3213496211870024,0,1,0,0,0,1,0,-1.767366324719985,0.32577008273226754
1,0,1,-0.9924020376385532,1,1,-1.4875204687666492,0,0,1,0,1,0,0,-1.7996132940349248,0.5194893222377263
1,0,0,-0.4223169455581282,1,1,0.6727005497687596,1,1,0,1,0,0,3,0.13915871390978085,-0.8081251231796003
1,0,0,1.369379058123207,1,1,1.071510583959912,0,1,0,1,0,0,2,1.6816466114620527,0.1696351378948723
0,1,0,-0.3815965818380978,1,1,0.3403588546094659,0,0,1,1,0,0,3,-0.001492281130368131,-0.5774443878552954
0,1,0,-1.2774445836787656,1,1,0.7059347192846889,1,0,1,1,0,0,3,-0.3737961085891963,-1.4535617776374057
1,0,0,-0.4630373092781585,1,1,0.0080171594501722,0,0,1,1,0,0,3,-0.34746185285472436,-0.29973478244061214
0,0,0,-0.9516816739185228,1,1,0.3403588546094659,1,1,0,0,1,0,3,-0.49624189399113916,-0.9616317289676677
0,0,1,0.4735310562825394,1,0,-0.291090366193192,0,1,0,0,1,0,1,0.059106852116203715,0.6158470870377812
1,1,0,-0.7073594915983407,1,1,0.4732955326731833,1,1,0,0,0,1,3,-0.16394789875721957,-0.9738454341512982
0,0,1,1.4100994218432374,1,0,0.3071246850935365,0,1,0,1,0,0,2,1.1694536471719916,0.8545123250467468
0,0,0,0.9621754209229036,1,0,1.1047447534758412,1,0,1,1,0,0,2,1.4235778478492065,-0.08222393614644341
0,0,0,-1.1552834925186746,0,1,-1.188412943123285,0,0,1,1,0,0,0,-1.731288074481191,0.09463201087314965
1,0,1,0.4328106925625091,1,0,0.4732955326731833,0,0,1,1,0,0,2,0.609766424962751,0.1564037520632106
1,1,0,1.1657772395230557,1,0,0.5729980412209714,0,1,0,0,1,0,2,1.203863565716667,0.2755759582912331
1,0,0,0.4735310562825394,1,1,0.0080171594501722,0,1,0,1,0,0,2,0.3002589477300341,0.27300022737920865
0,0,1,-0.9516816739185228,1,1,0.3735930241253952,0,1,0,0,1,0,3,-0.4675330355204792,-0.8258867965500568
0,0,1,1.6137012404433893,1,0,1.7029598047625698,0,1,0,0,0,1,2,2.2833026848397826,0.02646388253695938
0,0,0,-1.0331224013585834,1,0,1.0050422449280532,1,0,1,1,0,0,3,-0.05098862720473747,-1.4071630908131523
1,0,0,-0.9516816739185228,1,0,-0.6899004003843444,0,1,0,0,0,1,0,-1.2175685303423855,-0.26639584450936754
0,0,1,0.758573602322752,1,0,-1.4875204687666492,0,1,0,1,0,0,1,-0.5562708623082473,1.6296131046972138
1,0,0,1.369379058123207,0,0,-1.188412943123285,0,0,1,1,0,0,1,0.03777153931401746,1.8654696204364567
1,0,0,-0.748079855318371,1,1,-1.3213496211870024,0,0,1,0,0,1,0,-1.5017894346305407,0.3988568455911146
0,0,1,-0.9109613101984924,1,0,-1.4875204687666492,0,1,0,0,1,0,0,-1.7600262861917741,0.469116586998914
0,0,0,-0.62591876415828,1,0,-1.5207546382825785,0,1,0,1,0,0,0,-1.559298484532586,0.5271058291339425
1,0,0,0.6364125111626608,1,0,1.0050422449280532,0,0,1,0,1,0,2,1.094438238416143,-0.21910237539462207
1,0,0,-0.5444780367182193,1,1,-1.4875204687666492,0,0,1,0,1,0,0,-1.4896343100372,0.6737417797057779
1,0,1,1.247217966963116,1,1,-1.4875204687666492,0,1,0,1,0,0,1,-0.20604497761908336,1.9968131706878782
1,1,0,1.4100994218432374,1,1,1.3373839400873468,0,0,1,1,0,0,2,1.962757486503413,0.007253886607783311
0,0,1,1.247217966963116,1,0,-0.0252170100657571,0,1,0,1,0,0,1,0.8201572506613778,0.9685622018795365
0,1,1,1.5729808767233588,1,1,0.1409538375138897,0,1,0,0,1,0,2,1.1982371513738905,1.0066459860085961
1,0,1,0.1477681465222966,1,0,-0.3575587052250508,0,0,1,1,0,0,1,-0.1775052636296358,0.5268310038345075
1,1,0,-0.6666391278783103,1,0,0.9053397363802652,0,1,0,1,0,0,3,0.17783630558636387,-1.237054191522946
0,0,0,-1.2367242199587352,1,0,-1.45428629925072,0,1,0,1,0,0,0,-1.9422108660336435,0.055035706070283935
1,0,0,1.6137012404433893,1,0,1.3373839400873468,0,1,0,1,0,0,2,2.0343277533608704,0.14897506651397208
0,0,1,-0.3408762181180675,1,1,-0.3243245357091214,0,0,1,1,0,0,0,-0.4902761000625334,0.15492406011806134
1,0,0,0.3920903288424788,1,1,1.2376814315395588,1,0,1,1,0,0,2,1.1226047064484532,-0.5454273700306663
0,0,1,0.5142514200025698,1,0,-1.45428629925072,0,0,1,1,0,0,1,-0.6933652150563248,1.517480604141701
1,0,0,1.0843365120829946,1,0,1.1712130925077,1,1,0,1,0,0,2,1.54445877859702,-0.10677604726381734
0,0,0,1.247217966963116,1,1,1.0382764144439829,0,0,1,1,0,0,2,1.5842327466740815,0.17140858670372394
1,0,0,0.4328106925625091,1,0,-0.1581536881294745,0,1,0,0,0,1,1,0.13222328876875955,0.3359079016999403
0,0,1,1.5729808767233588,1,1,0.7391688888006183,0,0,1,0,0,1,2,1.5924725155849149,0.7488980763440155
0,0,0,-0.8295205827584317,1,1,-0.6899004003843444,0,1,0,0,0,1,0,-1.123959919314384,-0.18901132747067687
1,0,1,-0.3001558543980371,1,1,-1.5207546382825785,0,0,1,1,0,0,0,-1.3070793575844244,1.0203440247299644
1,0,1,1.6137012404433893,1,0,0.6394663802528302,0,1,0,0,0,1,2,1.5317112569292093,0.7723350113516666
0,0,0,-1.0738427650786138,1,0,-0.3243245357091214,0,1,0,0,1,0,0,-1.0585465070203326,-0.6003969347779202
1,0,1,-0.0965540357978854,1,0,-1.3213496211870024,0,0,1,0,0,1,0,-1.0450386856191447,1.0032915330355998
0,1,0,0.5549717837226001,1,1,1.1712130925077,0,0,1,1,0,0,2,1.2442823551108082,-0.4929246546168698
1,0,0,-1.2367242199587352,1,0,0.2738905155776072,1,1,0,0,0,1,3,-0.7376186571033234,-1.1260163573982598
0,0,0,0.5956921474426305,1,1,1.3706181096032763,0,1,0,0,0,1,2,1.333973368177526,-0.6060918608902747
0,0,1,0.758573602322752,0,0,-1.0222420955436382,0,1,0,1,0,0,1,-0.2802297212614327,1.385381889099707
0,0,0,0.3920903288424788,1,1,-1.45428629925072,0,0,1,1,0,0,1,-0.777582319103079,1.2826903420176154
0,0,0,1.2064976032430856,1,0,1.2044472620236295,0,1,0,1,0,0,2,1.6545404644366508,-0.06120608482501894
0,0,0,-1.1145631287986442,1,0,-1.45428629925072,0,1,0,0,0,1,0,-1.8712914671353,0.12682270739220608
1,0,1,0.8400143297628127,1,0,0.2406563460616778,0,1,0,0,0,1,2,0.7056342150781714,0.5054294143548854
0,0,0,-0.9109613101984924,1,0,1.1379789229917707,1,1,0,0,0,1,3,0.10242184887259533,-1.5077420198569735
1,0,1,-0.5851984004382496,1,1,-0.2578561966772627,1,0,1,1,0,0,0,-0.6159258907067873,-0.0442844489356262
0,0,1,0.758573602322752,1,0,0.7059347192846889,0,1,0,1,0,0,2,0.9925554910413014,0.12622139233476012
1,1,0,1.1657772395230557,1,0,0.7059347192846889,0,1,0,1,0,0,2,1.326573450089536,0.1791561776680308
1,0,0,-1.0331224013585834,1,1,-0.6566662308684151,0,0,1,0,1,0,0,-1.246834871777751,-0.23693501676456447
1,0,1,0.7178532386027215,1,0,1.3041497705714176,1,1,0,0,0,1,2,1.3706110231089559,-0.30879033920714233
1,0,0,-1.1552834925186746,1,0,0.5065297021891128,0,1,0,0,0,1,3,-0.5160363269283333,-1.2285986204316985
0,1,0,0.5956921474426305,1,0,0.6727005497687596,1,1,0,1,0,0,2,0.9025616221326439,-0.21309770684895707
0,0,1,-0.0151133083578247,1,0,-0.0916853490976158,0,1,0,0,1,0,3,-0.14396796286133884,0.13796487442935734
0,0,0,-1.2367242199587352,0,0,-0.6566662308684151,1,1,0,1,0,0,0,-1.4314990653884123,-0.41698213261244316
1,1,0,-0.2187151269579764,0,1,-0.9557737565117794,1,0,1,1,0,0,0,-0.8552252162386041,0.5162841800932984
0,0,1,-0.9109613101984924,1,0,-0.291090366193192,0,0,1,0,1,0,0,-0.9038347249770978,-0.2696639749762237
0,0,1,-0.4630373092781585,1,1,0.3071246850935365,1,0,1,0,0,1,3,-0.1454210532954951,-0.37668864180058076
1,0,1,-0.8295205827584317,1,1,-1.45428629925072,0,1,0,0,1,0,0,-1.6728976778232625,0.5291961250499798
0,1,0,0.758573602322752,1,0,-1.4875204687666492,0,1,0,0,1,0,1,-0.5370135488783682,1.3865572208465193
0,0,1,-1.1960038562387048,1,0,-0.1913878576454039,0,0,1,1,0,0,0,-1.005186946160416,-0.5423443992326574
0,0,1,1.6137012404433893,1,0,1.4038522791192056,0,1,0,1,0,0,2,2.087148994987013,0.24498740168105826
0,0,0,-1.2774445836787656,1,1,-0.6899004003843444,1,0,1,1,0,0,0,-1.4127536053767453,-0.4070205401658052
1,0,0,-1.1145631287986442,1,0,0.6727005497687596,1,1,0,1,0,0,3,-0.35499465911527084,-1.3005421870438003
0,1,0,-1.2774445836787656,1,1,0.6727005497687596,1,1,0,1,0,0,3,-0.40864036120941505,-1.512034396460539
1,0,0,1.369379058123207,1,0,-1.3213496211870024,0,1,0,0,0,1,1,-0.030026032580562606,1.7871473734496874
1,0,0,1.1657772395230557,1,1,0.3403588546094659,0,1,0,1,0,0,2,1.0220889892052902,0.5285947758668187
1,0,1,-0.0151133083578247,1,0,1.1712130925077,1,1,0,0,0,1,3,0.7609269431647006,-0.729491048108992
0,0,0,1.3286586944031769,1,0,-1.5207546382825785,0,0,1,1,0,0,1,-0.1724124549258387,1.9731980652947654
0,1,0,0.3513699651224484,1,1,1.2044472620236295,0,0,1,1,0,0,2,1.1244672499304034,-0.6578742497409303
0,0,0,-0.748079855318371,1,0,0.8388713973484064,1,1,0,1,0,0,3,0.02089389593202283,-1.175481754460444
1,0,1,-1.2367242199587352,1,0,0.8388713973484064,1,1,0,1,0,0,3,-0.31838683948939234,-1.3412144635496006
0,0,0,-0.1372743995179157,1,1,-0.2246220271613333,0,0,1,1,0,0,3,-0.28183452355357985,0.07023541128190083
0,0,0,-0.9109613101984924,1,1,-0.4572612137728389,0,0,1,1,0,0,0,-0.9905762356054095,-0.3105634972574904
1,0,1,-0.0151133083578247,1,0,0.174188007029819,1,0,1,1,0,0,3,0.08334205481563302,0.04863566064572469
1,0,0,-1.0331224013585834,1,0,-1.4875204687666492,0,1,0,0,0,1,0,-1.8380909818346838,0.22342367776894592
0,0,0,1.5729808767233588,1,0,0.4068271936413246,0,0,1,1,0,0,2,1.3606159761132728,0.8226407707791338
1,0,0,-0.8702409464784621,1,0,-1.4875204687666492,0,0,1,1,0,0,0,-1.6970381544763045,0.4319272635204324
1,0,0,-1.2367242199587352,1,0,-1.45428629925072,0,0,1,1,0,0,0,-1.9314789965689074,0.1532409221439415
1,0,1,-1.2774445836787656,1,0,-1.45428629925072,0,1,0,1,0,0,0,-1.9662708249465155,0.20207904917531136
0,0,1,1.2064976032430856,1,0,1.2044472620236295,0,1,0,1,0,0,2,1.6597822569474692,0.09731750990111382
0,0,0,-1.0331224013585834,1,1,0.4732955326731833,0,0,1,1,0,0,3,-0.4194676914139915,-1.03366860158543
0,0,1,1.5729808767233588,1,0,1.6364914657307112,0,1,0,1,0,0,2,2.222762022477855,0.05710257895829635
0,0,0,-1.2367242199587352,1,0,0.7391688888006183,1,1,0,1,0,0,3,-0.39338451268409463,-1.4483560062921697
0,0,1,1.6137012404433893,1,0,0.1409538375138897,0,1,0,0,0,1,2,1.1803505847272255,1.0970610110374945
1,1,0,-0.8295205827584317,1,0,0.5065297021891128,1,1,0,1,0,0,3,-0.2183942228439334,-1.0774469900731123
0,0,1,-1.1960038562387048,1,1,-0.6899004003843444,1,1,0,1,0,0,0,-1.3615761310702055,-0.27287985344511223
0,0,0,-0.4630373092781585,1,1,1.1379789229917707,0,1,0,1,0,0,3,0.43968652031515554,-1.1724145170040186
1,0,0,-0.9924020376385532,1,0,-1.4875204687666492,0,1,0,0,0,1,0,-1.8094345476066345,0.25185786433205337
1,0,0,-1.1960038562387048,1,0,-0.4904953832887682,1,1,0,0,1,0,0,-1.2624964566993295,-0.5548522479826306
1,0,0,0.7992939660427822,1,0,0.6394663802528302,1,1,0,1,0,0,2,0.9683906836432082,0.058643243730781454
1,0,0,1.0436161483629645,1,1,-1.5207546382825785,0,1,0,0,0,1,1,-0.3930859110157948,1.7053817470873283
0,0,0,0.1477681465222966,1,1,0.3735930241253952,0,0,1,1,0,0,3,0.34116770331991525,-0.14074120432974205
1,0,0,1.1657772395230557,1,0,0.5397638717050421,0,1,0,1,0,0,2,1.1558973938161279,0.38288690972431655
1,0,1,1.2064976032430856,1,1,-1.4875204687666492,0,0,1,0,0,1,1,-0.2383741289725605,2.036114706889025
0,1,0,1.6137012404433893,1,0,1.6697256352466403,0,1,0,0,0,1,2,2.3079345528433226,-0.19911847039432684
0,0,0,1.0843365120829946,1,0,0.9385739058961944,0,1,0,0,1,0,2,1.351993013540267,0.04102578534294861
1,0,1,0.0663274190822359,1,1,0.8388713973484064,0,1,0,0,0,1,3,0.590563143170595,-0.4358001596061865
0,0,1,-1.2774445836787656,1,1,-0.6234320613524857,1,1,0,0,1,0,0,-1.4007964881401236,-0.3700004197992574
1,0,0,-0.4223169455581282,1,0,-0.3575587052250508,1,1,0,1,0,0,0,-0.5953143219935225,-0.11102248390678751
1,1,0,0.6771328748826912,1,0,0.8388713973484064,1,1,0,1,0,0,2,1.07656450319231,-0.2531687103233494
0,1,0,-0.9516816739185228,1,0,0.8388713973484064,0,1,0,1,0,0,3,-0.06904754873402405,-1.407490107789658
1,0,0,-1.1552834925186746,1,1,0.4400613631572539,1,1,0,0,0,1,3,-0.5559764676998044,-1.1740054035232845
0,0,0,-0.3001558543980371,1,1,1.1712130925077,1,1,0,0,0,1,3,0.5627294194013898,-1.0949719914275107
1,1,0,-1.2774445836787656,0,0,-1.3213496211870024,1,1,0,0,1,0,0,-1.905643030068238,-0.057421427187669564
1,0,0,0.3920903288424788,1,0,-1.4875204687666492,0,1,0,1,0,0,1,-0.8200658800671509,1.2321357658451146
0,1,0,0.1070477828022663,1,0,1.1379789229917707,0,1,0,1,0,0,3,0.8872233348338345,-0.8732092179255573
0,0,1,-1.2774445836787656,0,0,-1.3213496211870024,0,0,1,0,1,0,0,-1.941719460175602,0.2552369342417917
0,0,0,-1.1960038562387048,1,0,-1.5207546382825785,0,1,0,1,0,0,0,-1.9604885637252771,0.12902721725043556
1,0,0,0.4735310562825394,1,0,-0.1581536881294745,0,1,0,0,0,1,1,0.16087972299680892,0.364342088263048
1,0,1,0.5142514200025698,1,0,1.0050422449280532,0,0,1,1,0,0,2,1.0425523487763158,-0.15118647174692645
1,0,1,-1.2774445836787656,0,1,-1.1551787736073555,1,0,1,1,0,0,0,-1.7891938358903199,0.1620283185434398
1,0,0,1.5729808767233588,1,1,0.8721055668643357,0,1,0,0,0,1,2,1.6690764830574452,0.4349624861941421
0,0,0,-0.5851984004382496,1,0,1.0382764144439829,0,1,0,1,0,0,3,0.2763220286032703,-1.1984169820591457
0,0,0,-1.2367242199587352,1,1,0.3403588546094659,0,0,1,0,1,0,3,-0.6854597469271075,-1.079419753777766
0,0,1,-1.2774445836787656,1,0,-0.4904953832887682,1,1,0,0,0,1,0,-1.3001304987012714,-0.4889716510812306
0,0,0,0.0256070553622056,1,0,1.1712130925077,0,1,0,1,0,0,3,0.8000368058633773,-0.8630188328466188
1,0,0,1.6137012404433893,1,0,0.805637227832477,0,1,0,1,0,0,2,1.658854698003404,0.5134336634503244
1,1,0,1.5729808767233588,0,0,-0.291090366193192,0,1,0,0,0,1,1,0.8415781273980071,1.2080124109091688
0,0,1,-1.2367242199587352,1,1,0.3071246850935365,1,0,1,1,0,0,3,-0.6748433998426283,-0.9034226281322254
0,0,1,1.002895784642934,1,1,-1.4875204687666492,0,0,1,1,0,0,1,-0.3659610791313615,1.890505397498885
0,0,1,0.7992939660427822,1,0,-0.4572612137728389,0,0,1,0,1,0,1,0.18240018280176762,1.038465172216908
1,0,0,0.6771328748826912,1,1,1.3041497705714176,1,1,0,1,0,0,2,1.3587566913041054,-0.47319666983761205
0,0,0,-1.2774445836787656,1,0,-1.45428629925072,1,1,0,0,0,1,0,-1.9859172040474975,0.013085961139775497
0,0,1,-1.0331224013585834,1,1,-1.45428629925072,0,0,1,0,1,0,0,-1.8041573451074915,0.4513225384240944
1,1,0,-0.5851984004382496,1,1,0.971808075412124,0,1,0,0,0,1,3,0.27402739332455345,-1.2302228090898055
1,0,0,-1.2367242199587352,1,1,0.174188007029819,0,0,1,1,0,0,3,-0.7745987733884542,-0.9538776386822677
1,0,0,0.188488510242327,1,0,-0.3243245357091214,0,1,0,1,0,0,1,-0.14200074261294013,0.2927116522313053
1,0,0,-1.2774445836787656,1,0,-1.3545837907029317,1,1,0,1,0,0,0,-1.9011114195778087,-0.02478053247638759
0,0,1,0.6364125111626608,0,0,-0.6566662308684151,0,1,0,1,0,0,1,-0.10806129838732273,1.0495140440166417
1,0,0,0.188488510242327,1,1,1.0382764144439829,0,1,0,1,0,0,2,0.8271429528887798,-0.6321776101267279
1,0,0,-1.1960038562387048,1,0,0.3071246850935365,0,1,0,1,0,0,3,-0.6704452531296275,-1.1068452747762734
1,0,0,0.1070477828022663,1,0,-0.3243245357091214,1,1,0,0,1,0,1,-0.22815523160254153,0.2411484104942042
0,0,0,-0.7073594915983407,1,0,-1.4875204687666492,0,1,0,0,0,1,0,-1.608194190814648,0.4339432353318046
1,0,1,1.6137012404433893,1,0,-1.45428629925072,0,1,0,0,0,1,1,0.05328610145918543,2.2073907367885544
1,0,0,-0.5851984004382496,1,1,-1.5207546382825785,0,0,1,0,1,0,0,-1.5417578102250906,0.6680862554511922
0,0,0,-1.2367242199587352,1,0,0.7059347192846889,1,0,1,0,0,1,3,-0.42052429576936395,-1.3578416212193931
1,0,0,0.1070477828022663,1,0,-0.3243245357091214,0,0,1,1,0,0,1,-0.18793642440866176,0.31709456023674515
0,0,0,-0.8702409464784621,1,1,-0.5237295528046976,1,1,0,0,0,1,0,-1.0352810237432253,-0.33133882557639466
0,1,0,-0.2594354906780068,1,0,0.4732955326731833,0,0,1,1,0,0,3,0.17135129424493423,-0.5922923696914305
1,1,0,0.188488510242327,1,0,0.2406563460616778,0,1,0,0,1,0,3,0.28143848464506516,-0.1790578961381306
0,1,0,0.9621754209229036,1,1,1.1712130925077,0,0,1,1,0,0,2,1.5308466973913022,-0.2085827889857932
1,0,1,1.4915401492832985,1,0,-0.1581536881294745,0,0,1,0,0,1,1,0.893909557869239,1.3149716281985278
1,0,1,1.2064976032430856,1,0,1.7029598047625698,0,0,1,1,0,0,2,2.0225201158098303,-0.14615720865305876
1,0,0,0.7178532386027215,0,0,-0.9890079260277088,0,0,1,1,0,0,1,-0.2799290125757226,1.2738506615756022
0,0,1,1.2064976032430856,1,1,1.536788957182923,0,0,1,1,0,0,2,1.912824094354475,-0.040181939761081066
0,0,0,0.880734693482843,1,0,1.1712130925077,0,1,0,1,0,0,2,1.4018219246524142,-0.265900915021358
1,0,0,1.247217966963116,1,0,0.7391688888006183,0,1,0,0,1,0,2,1.3251710374977737,0.30838844038851376
1,0,1,-0.4223169455581282,1,0,-0.2246220271613333,0,0,1,1,0,0,0,-0.48482707898296046,0.037637742716912385
0,0,0,-0.0965540357978854,1,1,-1.5207546382825785,0,0,1,1,0,0,0,-1.1683936617593547,0.9870374278773674
1,1,0,1.002895784642934,1,0,-0.3575587052250508,0,0,1,1,0,0,1,0.47237878912278297,0.87558790641996
0,1,0,1.0436161483629645,1,0,1.1047447534758412,0,1,0,0,1,0,2,1.494012635585626,-0.19113913327644472
1,1,0,0.9214550572028734,0,0,-0.6566662308684151,0,0,1,1,0,0,1,0.15136454463714083,1.0983975507922445
0,0,0,0.188488510242327,1,1,1.2376814315395588,1,0,1,1,0,0,2,0.9799678525038477,-0.7045522377882071
1,0,0,-1.2367242199587352,1,0,-0.3575587052250508,0,1,0,0,1,0,0,-1.1972846270880124,-0.6744010837798263
1,1,0,0.6771328748826912,1,0,0.7724030583165477,0,1,0,0,1,0,2,1.0007887507391242,-0.20230625431719113
1,1,0,-0.3408762181180675,1,1,0.4732955326731833,1,0,1,1,0,0,3,0.12038709974140681,-0.6231709155842734
0,0,0,-0.1372743995179157,1,0,-0.3243245357091214,0,0,1,1,0,0,3,-0.35922971258131703,0.12953550591609683
1,0,0,-1.2774445836787656,1,1,-0.6566662308684151,1,0,1,1,0,0,0,-1.389931856612545,-0.41284526753232476
1,0,0,1.6137012404433893,1,0,1.5035547876669937,0,1,0,1,0,0,2,2.1516630831600785,0.03508175497136194
0,0,0,-0.8702409464784621,1,1,-0.0252170100657571,0,0,1,1,0,0,3,-0.6568479438994186,-0.5782519207051692
0,0,1,-1.0331224013585834,1,0,0.1409538375138897,1,0,1,0,1,0,3,-0.6847321701833047,-0.6510891446763329
0,0,1,1.0843365120829946,1,0,-1.45428629925072,0,1,0,1,0,0,1,-0.3035523225240107,1.834307934893553
0,0,0,1.4508197855632678,1,1,-0.291090366193192,0,0,1,0,0,1,1,0.7737823756348577,1.2112104534927428
0,0,1,1.4100994218432374,1,1,0.971808075412124,0,0,1,1,0,0,2,1.657166144177414,0.4892262522993314
0,1,0,-1.2367242199587352,1,0,0.4732955326731833,1,1,0,1,0,0,3,-0.5277803138886279,-1.355964128337669
1,1,0,-0.055833672077855,1,1,0.8721055668643357,0,0,1,1,0,0,3,0.6025869308558522,-0.6974755573447838
1,0,1,-0.6666391278783103,1,0,-0.0252170100657571,0,1,0,0,1,0,3,-0.5561820957860866,-0.3455855002554067
1,0,0,-0.62591876415828,1,1,0.971808075412124,1,1,0,0,0,1,3,0.192030232622304,-1.1688195751392374
0,1,0,-1.0331224013585834,1,1,0.805637227832477,0,0,1,1,0,0,3,-0.13145630534137503,-1.351292645184326
0,0,0,-0.9109613101984924,0,1,-0.9557737565117794,0,0,1,1,0,0,0,-1.395080007394003,0.10578649409214153
0,0,0,-1.2367242199587352,1,0,0.8388713973484064,0,1,0,1,0,0,3,-0.3229833148045696,-1.5166919932177358
0,0,1,1.0843365120829946,1,1,0.8388713973484064,0,1,0,0,1,0,2,1.2938275993197728,0.27692125928601735
0,1,0,-1.1960038562387048,1,0,0.3403588546094659,1,1,0,1,0,0,3,-0.592992143499945,-1.2364152925404734
0,0,0,-0.4223169455581282,1,0,0.805637227832477,0,1,0,1,0,0,3,0.22667830379657616,-0.9252295996470609
1,0,0,-0.7888002190384014,1,1,-0.4572612137728389,0,1,0,0,1,0,0,-0.9454710573107822,-0.284253152368706
0,0,0,-0.9109613101984924,1,0,-0.6566662308684151,0,1,0,0,0,1,0,-1.1647997129588537,-0.2776942551967841
0,0,1,0.1070477828022663,0,0,-0.6234320613524857,0,1,0,1,0,0,1,-0.45712787739212296,0.65709095638772
1,1,0,-0.0151133083578247,1,1,0.3403588546094659,1,0,1,1,0,0,3,0.2557703097264353,-0.3045827738453239
1,0,0,-1.1145631287986442,1,0,-0.291090366193192,0,0,1,0,1,0,0,-1.0530040058238042,-0.5534045675758923
0,1,0,-0.055833672077855,1,0,0.6727005497687596,0,0,1,1,0,0,3,0.4554358611442312,-0.5867934107270244
1,0,0,0.5549717837226001,1,1,-0.6566662308684151,0,0,1,1,0,0,1,-0.1003923163503229,0.8666931278075197
0,1,0,-0.5037576729981889,1,0,0.4732955326731833,1,1,0,0,1,0,3,-0.040806118317241694,-0.8388436388126174
1,0,0,-0.9109613101984924,1,0,0.5065297021891128,0,1,0,0,1,0,3,-0.3578894383077347,-1.0391728112965377
1,0,1,0.5956921474426305,1,0,1.4038522791192056,1,0,1,1,0,0,2,1.3814700087505145,-0.36766204632297544
0,0,0,-0.3815965818380978,1,0,0.8388713973484064,0,0,1,0,1,0,3,0.2613373701113417,-0.8330176628717056
0,0,0,-0.4630373092781585,1,0,0.971808075412124,0,1,0,0,0,1,3,0.30030729558193026,-1.0810726561201793
0,0,0,1.247217966963116,1,1,0.8388713973484064,0,0,1,0,1,0,2,1.4145887303815288,0.3133856919439705
0,1,0,-1.2367242199587352,1,1,-0.4904953832887682,1,0,1,1,0,0,0,-1.1899540489154463,-0.6050957479675053
0,0,0,-1.1145631287986442,1,1,-1.4875204687666492,0,0,1,0,0,1,0,-1.8763873552865522,0.23988854312375327
0,1,0,-1.1552834925186746,1,0,0.5065297021891128,0,1,0,0,0,1,3,-0.46205028325849234,-1.3353899758873768
0,0,0,0.7992939660427822,0,0,0.0412513289661016,0,1,0,0,1,0,1,0.4652894106372284,0.5316804184530911
1,0,0,-0.2594354906780068,1,0,-1.4875204687666492,0,1,0,1,0,0,0,-1.278568827715941,0.777188780835392
0,1,0,-1.2367242199587352,1,0,0.174188007029819,1,1,0,0,1,0,3,-0.7678255280607054,-1.1456510361718568
1,0,0,0.4735310562825394,0,0,-0.3575587052250508,0,1,0,0,1,0,1,-0.04621217190090725,0.5945048085924967
1,0,0,-1.2367242199587352,0,0,-1.3213496211870024,1,1,0,1,0,0,0,-1.9014857017808862,0.05554504849999963
0,0,0,-1.2367242199587352,1,0,-1.4875204687666492,0,1,0,0,0,1,0,-1.9807278357792897,0.06429881001140517
0,0,0,0.0256070553622056,1,0,1.437086448635135,0,1,0,1,0,0,3,0.9877733335421105,-1.045248131314795
1,0,0,-0.0965540357978854,1,1,1.0050422449280532,0,0,1,1,0,0,3,0.6144580339929694,-0.7271869726283039
0,1,0,-0.748079855318371,1,0,1.1712130925077,1,1,0,1,0,0,3,0.3089052820046391,-1.4931057980593399
1,0,0,-0.8295205827584317,1,1,1.0050422449280532,0,1,0,0,0,1,3,0.07221512744189883,-1.3337691702632974
1,0,0,0.3513699651224484,1,1,0.805637227832477,0,0,1,0,1,0,2,0.76003479420896,-0.2724338151938735
1,0,1,-0.9516816739185228,1,0,1.270915601055488,0,1,0,0,1,0,3,0.15843843705139193,-1.4329926362295191
0,1,0,1.4915401492832985,1,1,1.5035547876669937,0,1,0,0,0,1,2,2.1116239115081785,-0.16149182624966973
0,0,0,-1.2367242199587352,1,0,-0.5237295528046976,1,1,0,1,0,0,0,-1.2851330191580772,-0.5827668385683329
1,0,0,-0.0965540357978854,1,0,-0.291090366193192,0,0,1,1,0,0,3,-0.307751529589067,0.1521449651126849
0,0,0,0.758573602322752,1,1,0.971808075412124,0,0,1,1,0,0,2,1.1934214040178055,-0.12424432743652378
0,1,0,0.7178532386027215,1,1,1.2044472620236295,0,0,1,0,0,1,2,1.3673252541970429,-0.415482129040362
0,0,0,1.4915401492832985,1,0,-1.3545837907029317,0,0,1,0,1,0,1,0.030706991252064567,1.9783466313937004
0,0,0,1.5322605130033284,1,0,1.5035547876669937,0,1,0,0,0,1,2,2.0799456281138156,-0.052256111464256676
1,0,0,0.7992939660427822,1,0,-0.1249195186135452,0,0,1,0,1,0,1,0.4111837326937249,0.6691088893475574
1,0,0,-0.5851984004382496,1,0,-0.5237295528046976,1,1,0,1,0,0,0,-0.8272753887049281,-0.110865918616608
1,0,0,0.5549717837226001,1,0,0.805637227832477,0,1,0,1,0,0,2,0.9137874080741203,-0.22585518719047465
1,0,1,0.9214550572028734,1,0,-1.5207546382825785,0,1,0,1,0,0,1,-0.46575750855153225,1.7830824482001688
0,1,0,-1.1145631287986442,1,0,0.3735930241253952,1,1,0,0,0,1,3,-0.5272621128698096,-1.215841140090181
0,1,0,-1.1960038562387048,1,1,0.7391688888006183,1,0,1,1,0,0,3,-0.2930161741732558,-1.4194720668197125
1,0,0,-1.0738427650786138,1,0,-1.5207546382825785,0,0,1,1,0,0,0,-1.8637873915763932,0.3125349930134161
1,0,1,1.5322605130033284,1,0,0.6394663802528302,0,1,0,1,0,0,2,1.4894482922589154,0.7289821965928519
0,0,1,1.0843365120829946,1,1,0.2406563460616778,0,0,1,0,0,1,2,0.896589315450698,0.7493677722145541
0,0,0,0.3106496014024181,0,1,-0.3243245357091214,0,0,1,1,0,0,1,-0.0895127273155301,0.5260175071234526
1,0,0,1.5729808767233588,1,0,-1.4875204687666492,0,1,0,0,0,1,1,-0.004079191239523827,2.043211617807836
1,0,0,-1.1145631287986442,1,0,0.5065297021891128,0,0,1,1,0,0,3,-0.46095280225410196,-1.1053975943695349
0,0,1,-0.9109613101984924,1,0,0.7059347192846889,0,1,0,0,0,1,3,-0.19740821609452783,-1.0530958151200545
0,1,1,1.3286586944031769,1,1,1.4038522791192056,0,0,1,1,0,0,2,1.9582658596734568,0.04639784864865432
1,0,0,-1.1145631287986442,0,0,-1.3545837907029317,0,0,1,1,0,0,0,-1.8276062783962026,0.24487755162949978
1,0,1,-1.2774445836787656,1,0,-0.4904953832887682,0,1,0,0,1,0,0,-1.3145675326446102,-0.45319702638271325
1,0,1,1.002895784642934,1,1,-1.5207546382825785,0,1,0,0,1,0,1,-0.43029226948072385,1.8542918450068682
0,0,0,1.2064976032430856,1,0,0.5397638717050421,0,1,0,1,0,0,2,1.1851991452398178,0.39436716134542155
1,1,0,-0.0965540357978854,1,0,0.1409538375138897,0,0,1,1,0,0,3,0.0506610543630744,-0.23381506541177716
1,0,0,-0.1372743995179157,0,0,-1.0222420955436382,0,1,0,0,0,1,0,-0.931608287770783,0.6047445665598075
0,0,1,0.9621754209229036,1,1,-1.3213496211870024,0,0,1,1,0,0,1,-0.2772821835602027,1.7481778993931671
1,0,0,1.0436161483629645,0,1,-0.6566662308684151,0,0,1,1,0,0,1,0.19098711199530133,1.2825734232866133
1,1,0,0.1070477828022663,1,1,0.2738905155776072,0,0,1,0,1,0,3,0.26596385995739746,-0.16841775814984272
1,0,1,1.4100994218432374,1,1,1.3373839400873468,0,0,1,1,0,0,2,1.9146585525400313,0.2556149018475918
0,0,0,1.5322605130033284,1,0,0.6727005497687596,0,0,1,1,0,0,2,1.5196960695639563,0.6119772857478497
1,0,1,-0.3408762181180675,1,0,-0.291090366193192,0,1,0,1,0,0,0,-0.48582552910692206,0.0588121593285165
1,0,0,0.0663274190822359,1,1,-0.2578561966772627,0,0,1,1,0,0,3,-0.16266473556881567,0.2521389413479635
0,1,0,1.5729808767233588,1,1,1.1712130925077,0,1,0,0,1,0,2,1.920474403618163,0.14198385971828065
0,1,0,-1.1552834925186746,1,1,0.6062322107369008,0,0,1,1,0,0,3,-0.3582280037845732,-1.2999232310225168
1,0,0,-0.8295205827584317,1,1,0.5397638717050421,1,0,1,1,0,0,3,-0.2298967055497022,-0.9201010584449335
1,0,0,-0.7073594915983407,1,0,-0.4240270442569095,1,1,0,1,0,0,0,-0.8428434935095513,-0.26450446523149695
1,0,1,0.5549717837226001,1,1,-1.3213496211870024,0,0,1,1,0,0,1,-0.5644918430363376,1.4807899687040929
1,0,1,0.4735310562825394,1,1,-0.0916853490976158,0,0,1,1,0,0,1,0.2464767290217046,0.5811110901625626
1,0,0,0.3106496014024181,1,1,1.270915601055488,0,0,1,0,0,1,2,1.0737090001663916,-0.6385899638328042
0,1,0,-0.748079855318371,1,1,1.3373839400873468,1,1,0,0,0,1,3,0.4181846991662549,-1.6114787756779807
0,1,0,1.4508197855632678,1,0,-0.1249195186135452,0,0,1,1,0,0,2,0.9525143445458587,1.0119593875124875
1,0,0,0.0256070553622056,1,0,-0.1249195186135452,0,1,0,1,0,0,3,-0.11582408376608776,0.04230293212774252
0,0,1,-0.1372743995179157,1,1,-1.4875204687666492,0,0,1,0,1,0,0,-1.1971828580502466,1.0996533051209847
0,0,0,1.0843365120829946,1,0,1.4038522791192056,0,1,0,0,1,0,2,1.68053193697805,-0.27787548697635983
1,0,0,-0.3001558543980371,1,0,0.3071246850935365,0,1,0,1,0,0,3,-0.04000370011254134,-0.4812931703879049
0,0,0,-1.0331224013585834,1,1,0.1409538375138897,0,1,0,0,1,0,3,-0.6943571582062877,-0.8818281282427508
1,1,0,-0.6666391278783103,1,1,0.174188007029819,0,0,1,1,0,0,3,-0.32006796772156304,-0.6456364473124362
1,0,1,0.2292088739623573,1,0,0.3071246850935365,0,1,0,1,0,0,3,0.3377717373629187,0.04687484965862723
0,0,0,-0.9109613101984924,1,1,0.1077196679979603,0,0,1,0,0,1,3,-0.6066860180739063,-0.7113163148697655
1,0,0,1.4915401492832985,1,0,-1.4875204687666492,0,1,0,0,0,1,1,-0.06139205969562224,1.9863432446816207
1,1,0,0.880734693482843,0,0,-0.3243245357091214,0,1,0,1,0,0,1,0.3460015833471308,0.7609254600122611
0,0,1,0.8400143297628127,1,0,0.6727005497687596,0,1,0,1,0,0,2,1.0264012935375584,0.20586842776949738
1,0,1,-1.2774445836787656,1,1,-1.4875204687666492,1,1,0,0,0,1,0,-1.9977938035439495,0.22037804540780262
0,0,0,0.3513699651224484,1,0,0.3403588546094659,0,0,1,1,0,0,2,0.4539888173521084,0.01517249850294819
0,0,1,-0.055833672077855,1,1,-1.4875204687666492,0,0,1,1,0,0,0,-1.1110283690606455,1.151216546858086
1,1,0,-0.5037576729981889,1,0,1.4038522791192056,0,0,1,0,1,0,3,0.6270035980230605,-1.3784409673775764
1,0,1,-0.5444780367182193,0,0,-1.3213496211870024,0,1,0,0,1,0,0,-1.4379261479267311,0.7027549461880768
0,0,0,0.7178532386027215,1,0,0.3735930241253952,0,1,0,0,0,1,2,0.7089367009182125,0.15353467576333915
1,0,1,-0.2187151269579764,1,1,-1.4875204687666492,0,1,0,0,0,1,0,-1.2527265136146657,0.9596668960486017
1,0,0,0.880734693482843,1,1,1.5035547876669937,1,0,1,1,0,0,2,1.6542184448637791,-0.38644642974155063
0,1,0,0.3920903288424788,1,0,1.0050422449280532,0,0,1,1,0,0,2,1.0053272972511904,-0.5018039816180603
1,0,1,-0.8295205827584317,1,0,-1.5207546382825785,0,1,0,1,0,0,0,-1.6979841803576554,0.5604124259865395
1,0,1,0.6771328748826912,1,0,1.2044472620236295,1,1,0,1,0,0,2,1.2866032947871864,-0.25537298047728313
1,0,0,-0.2187151269579764,1,1,0.1409538375138897,0,1,0,1,0,0,3,-0.09303217030743856,-0.3014955934277095
0,0,0,-0.3408762181180675,1,0,-1.4875204687666492,0,0,1,1,0,0,0,-1.3238591923160217,0.7846177538988294
1,0,1,1.4100994218432374,1,1,1.3373839400873468,0,0,1,0,1,0,2,1.8858169320065286,0.260920033236706
0,0,0,-1.2367242199587352,1,0,-0.6566662308684151,0,1,0,0,0,1,0,-1.3940511867832486,-0.5051677477016454
1,0,0,1.6137012404433893,1,0,1.6364914657307112,0,0,1,1,0,0,2,2.2569085336598227,0.025218386868928973
0,1,0,0.7992939660427822,1,0,1.3706181096032763,0,1,0,0,1,0,2,1.5098105578960628,-0.5439735511232672
1,0,0,-0.9109613101984924,1,0,0.3071246850935365,1,1,0,1,0,0,3,-0.469850213533282,-0.9078059688345198
1,1,0,1.6137012404433893,1,0,0.3071246850935365,0,1,0,1,0,0,2,1.3601894350799792,0.7652761775644792
1,1,1,1.6137012404433893,1,0,1.7029598047625698,0,1,0,1,0,0,2,2.3510479979041468,-0.03290404466731301
0,0,1,0.758573602322752,1,0,0.5397638717050421,0,0,1,1,0,0,2,0.8865973479024704,0.3213659850090254
0,1,0,-0.2594354906780068,1,0,1.1047447534758412,0,1,0,0,1,0,3,0.5770067402880457,-1.1010331032958898
0,1,0,0.7992939660427822,1,0,1.4703206181510644,0,1,0,1,0,0,2,1.6090533763090902,-0.6176146694379474
1,0,1,0.5956921474426305,1,1,-1.45428629925072,0,0,1,1,0,0,1,-0.6297036726476547,1.600338804501289
1,0,0,0.1477681465222966,1,1,-1.5207546382825785,0,0,1,0,1,0,1,-1.0259419941202021,1.1799016135871299
0,0,0,-1.1960038562387048,1,0,-1.4875204687666492,1,1,0,1,0,0,0,-1.9370214977654356,0.1062485549419136
0,1,0,-1.2774445836787656,1,0,0.2074221765457484,0,1,0,0,0,1,3,-0.7592231795812152,-1.2156845748000014
1,1,0,-0.8295205827584317,0,1,-0.6899004003843444,1,1,0,0,0,1,0,-1.1237622924267936,-0.18722475632054872
1,0,0,1.6137012404433893,1,1,1.5700231266988525,0,1,0,0,1,0,2,2.176749585694471,0.003865454034802096
1,0,0,-0.8295205827584317,1,1,-1.4875204687666492,0,0,1,1,0,0,0,-1.6613877291000427,0.46939734237491015
1,1,0,-1.2774445836787656,1,1,1.0050422449280532,1,0,1,0,0,1,3,-0.17828773593206731,-1.6551313618395025
1,0,0,-0.0965540357978854,1,0,0.174188007029819,0,1,0,0,1,0,3,-0.01943141334516378,-0.24270245694916437
0,0,0,0.3920903288424788,1,0,-0.4904953832887682,0,1,0,1,0,0,1,-0.11540858407626048,0.5318219616474512
1,0,0,-1.1960038562387048,1,1,0.1409538375138897,1,0,1,1,0,0,3,-0.7694094051202464,-0.902664789810638
1,1,0,-0.7888002190384014,1,1,0.805637227832477,1,0,1,1,0,0,3,0.03983698283128019,-1.1637335908636777
0,0,0,-0.8295205827584317,1,1,1.1712130925077,1,1,0,1,0,0,3,0.2052456782225528,-1.4511008583805094
1,1,0,1.002895784642934,1,1,1.2044472620236295,1,0,1,1,0,0,2,1.5823248803835523,-0.18597332978920522
1,1,0,-0.0151133083578247,1,1,0.6727005497687596,1,1,0,0,0,1,3,0.46401387887866985,-0.6271362364296001
1,0,0,1.4508197855632678,1,0,0.4068271936413246,0,1,0,0,0,1,2,1.2475742657873021,0.6595253065327574
0,0,1,-0.9924020376385532,1,1,-1.4875204687666492,0,1,0,0,0,1,0,-1.796553446751963,0.40246341640755384
0,0,0,-1.2774445836787656,1,0,-1.4875204687666492,1,0,1,1,0,0,0,-1.9829571795611576,0.1306314629473534
1,0,1,0.5549717837226001,1,0,-1.4875204687666492,0,1,0,0,0,1,1,-0.71524825442994,1.490880548456277
1,0,0,-0.9109613101984924,1,1,1.0050422449280532,0,0,1,0,1,0,3,0.012487728898479364,-1.2905655725013427
1,1,0,-1.1552834925186746,0,1,-1.1551787736073555,0,0,1,0,0,1,0,-1.6701755030285945,-0.014545695374446437
1,1,0,-1.2774445836787656,1,1,-0.6234320613524857,0,0,1,1,0,0,0,-1.3131240641785034,-0.5254613503545228
0,1,0,-1.1552834925186746,1,1,0.6727005497687596,1,0,1,0,1,0,3,-0.3401354923983925,-1.3401754242504467
0,0,0,1.4508197855632678,1,1,-1.4875204687666492,0,0,1,0,1,0,1,-0.08482371566713941,2.0500629863560507
1,0,1,1.0436161483629645,1,0,0.971808075412124,0,1,0,0,1,0,2,1.3514001205872368,0.16529046613945408
1,0,0,-1.2774445836787656,0,1,-1.3545837907029317,0,0,1,0,0,1,0,-1.9502879279459926,0.1266611393010384
1,1,0,-0.8295205827584317,1,0,0.2738905155776072,0,1,0,1,0,0,3,-0.38266368456282496,-0.9179963539134582
0,0,0,-1.1145631287986442,1,1,1.1712130925077,1,0,1,1,0,0,3,0.016027825286584238,-1.5688888831906078
0,0,1,-0.5037576729981889,1,0,-1.4875204687666492,0,1,0,0,0,1,0,-1.4596702271635826,0.7346377628734756
1,0,1,-0.2187151269579764,1,0,-1.5207546382825785,0,1,0,1,0,0,0,-1.2681376669369149,0.9869252244331543
0,0,0,-0.055833672077855,1,0,0.6727005497687596,0,1,0,1,0,0,3,0.390717948009654,-0.5782072713450038
0,0,0,1.5322605130033284,1,1,1.1047447534758412,0,0,1,0,0,1,2,1.8167120144043054,0.3113750096610329
1,0,1,1.4100994218432374,1,0,0.1409538375138897,0,1,0,0,1,0,2,1.02263137964364,0.9906647029204736
1,0,0,-1.1960038562387048,1,1,-0.4904953832887682,0,0,1,1,0,0,0,-1.2152836583572377,-0.4698702059487195
1,0,1,-0.1779947632379461,1,1,-0.3575587052250508,0,0,1,1,0,0,0,-0.39976274630581854,0.30839340362101647
1,0,1,-0.1372743995179157,1,0,-1.4875204687666492,0,0,1,1,0,0,0,-1.1759805458605974,1.102266216382503
0,0,0,-1.1552834925186746,1,0,0.3403588546094659,1,1,0,1,0,0,3,-0.6176764357460957,-1.1181436854636901
0,0,0,0.7178532386027215,1,0,0.5065297021891128,0,1,0,0,1,0,2,0.7890132480098813,0.08124071628576593
0,1,0,0.0663274190822359,1,1,-0.0252170100657571,0,1,0,1,0,0,3,0.04421358315953973,-0.09535433139902405
1,0,1,1.4100994218432374,1,0,0.8388713973484064,0,1,0,0,1,0,2,1.5154397648003146,0.5123127944415111
1,0,1,1.6137012404433893,1,0,1.3041497705714176,0,1,0,1,0,0,2,2.0161024799118468,0.33027732354862677
0,1,0,-1.1552834925186746,1,0,1.1712130925077,1,1,0,0,1,0,3,-0.0065006808093572704,-1.7721425323013023
0,1,0,-1.0331224013585834,1,1,0.6394663802528302,0,0,1,0,1,0,3,-0.2776332556740859,-1.2320942022526016
0,0,0,0.5956921474426305,1,1,1.3041497705714176,0,1,0,1,0,0,2,1.3020891400436474,-0.5470189779058299
0,0,1,-0.8702409464784621,1,1,-0.4572612137728389,0,1,0,0,0,1,0,-0.9831050993127238,-0.21837255546730594
1,0,0,0.3106496014024181,1,1,1.3373839400873468,1,0,1,0,1,0,2,1.1068514153383768,-0.6653265986933334
1,1,0,0.3106496014024181,1,1,1.2376814315395588,1,0,1,0,1,0,2,1.089790943933052,-0.6868280322814431
1,0,0,-0.055833672077855,1,1,0.971808075412124,0,0,1,1,0,0,3,0.6196474022611773,-0.6759741237566744
1,0,0,1.2064976032430856,1,0,-1.3878179602188612,0,1,0,1,0,0,1,-0.17653599762663846,1.7324835101817015
0,0,0,1.1657772395230557,1,1,1.3041497705714176,0,0,1,0,1,0,2,1.6858147853632133,-0.06238395350155292
0,0,1,1.4100994218432374,0,1,-0.9557737565117794,0,0,1,0,0,1,1,0.22852863232982507,1.8715431645480098
0,1,0,1.6137012404433893,1,1,-1.3545837907029317,0,0,1,1,0,0,1,0.2058526320921274,1.9775425314716033
1,0,0,1.2064976032430856,0,0,-0.8560712479639913,0,1,0,1,0,0,1,0.14643927533985945,1.4426949699671505
0,1,0,-1.2367242199587352,1,0,0.174188007029819,1,0,1,1,0,0,3,-0.7276067208668255,-1.0697048864293157
0,0,0,1.0843365120829946,1,1,1.1712130925077,0,0,1,0,1,0,2,1.5346336530677478,-0.028137677393680387
1,0,0,-1.1552834925186746,1,1,-0.291090366193192,0,0,1,1,0,0,0,-1.0458248283701386,-0.5781079932367442
1,0,0,1.6137012404433893,1,0,0.8388713973484064,0,0,1,0,1,0,2,1.6648573300901202,0.5772114136625718
1,0,1,1.5322605130033284,1,0,0.0080171594501722,0,1,0,1,0,0,2,1.043574039021924,1.1617767804547705
1,0,1,0.2292088739623573,1,0,1.1379789229917707,1,0,1,0,1,0,2,0.9069839524858346,-0.436035295533654
1,1,0,-0.5444780367182193,1,0,0.8721055668643357,1,0,1,0,0,1,3,0.2366658251852426,-1.0612372467608464
1,0,0,-1.1960038562387048,1,0,0.174188007029819,1,1,0,0,1,0,3,-0.7931551375024969,-1.010425494153071
0,0,1,-1.1552834925186746,1,1,-0.2246220271613333,0,0,1,1,0,0,0,-0.993003586743996,-0.4820956580696579
0,0,0,-1.1552834925186746,1,0,-0.6234320613524857,1,0,1,0,1,0,0,-1.3156857824546289,-0.3710060659957821
1,0,1,-0.5851984004382496,1,1,1.0050422449280532,1,0,1,1,0,0,3,0.2758226157671952,-0.9098736166594631
1,0,0,0.758573602322752,1,0,-1.3213496211870024,0,1,0,0,0,1,1,-0.459872546001303,1.3606345750030726
0,0,0,-0.7888002190384014,1,0,0.6727005497687596,1,0,1,1,0,0,3,-0.11372068143485767,-1.0087713483492862
1,0,0,-1.1960038562387048,1,1,0.5065297021891128,0,0,1,1,0,0,3,-0.5112716795619883,-1.1532300752043803
0,1,0,-0.9109613101984924,1,0,0.6727005497687596,1,1,0,0,0,1,3,-0.17277634809098769,-1.2786781680513408
1,0,0,1.1657772395230557,1,0,1.1379789229917707,0,1,0,0,0,1,2,1.5632546773074727,-0.04064457019648061
1,0,1,-0.055833672077855,0,0,-0.9890079260277088,1,0,1,1,0,0,0,-0.8191594703978423,0.8921247116026895
1,0,0,1.6137012404433893,0,0,0.0412513289661016,0,1,0,0,1,0,1,1.0377727780025752,1.1173180846572468
1,1,0,-0.748079855318371,1,1,0.8388713973484064,1,0,1,0,0,1,3,0.0769105792333664,-1.1715936249764927
1,0,0,-0.8702409464784621,1,1,0.5065297021891128,1,0,1,1,0,0,3,-0.2820202057375933,-0.925756582699519
1,1,1,0.9621754209229036,1,1,1.0050422449280532,0,0,1,0,0,1,2,1.4030579391214666,0.06727249385755144
1,0,0,-0.055833672077855,1,1,0.5397638717050421,0,0,1,1,0,0,3,0.31457554478323585,-0.379851513745888
1,0,0,-1.1552834925186746,1,1,-1.4875204687666492,0,0,1,0,1,0,0,-1.9194808234579406,0.24722898125916298
1,1,0,-0.4630373092781585,1,1,0.0080171594501722,0,0,1,1,0,0,3,-0.29412112638052434,-0.38957220295428785
0,0,1,-0.4223169455581282,1,1,-1.45428629925072,0,0,1,1,0,0,0,-1.3454692111532485,0.872530205481595
1,1,0,-0.3815965818380978,1,1,0.8388713973484064,0,1,0,0,1,0,3,0.3096495838777359,-0.9781165372836643
0,0,0,-0.1372743995179157,0,0,-0.8228370784480619,0,1,0,1,0,0,0,-0.7751106710302872,0.4646342161340735
1,1,0,0.5956921474426305,1,0,-0.1581536881294745,0,1,0,0,1,0,1,0.28639803540745934,0.3786279171952102
0,1,0,1.3286586944031769,1,1,1.4703206181510644,0,0,1,0,1,0,2,1.971116578548819,-0.15237793930540827
0,0,0,-1.2774445836787656,0,0,-1.1551787736073555,0,1,0,0,1,0,0,-1.841003109547589,-0.09843125315860635
1,0,1,-0.9924020376385532,1,0,-0.3575587052250508,0,1,0,0,1,0,0,-1.0201042292088982,-0.34527236967504776
0,0,1,-0.3408762181180675,1,1,0.6062322107369008,0,1,0,0,0,1,3,0.14037465636685076,-0.5776453240196112
1,1,0,-1.1145631287986442,1,0,-0.4904953832887682,1,1,0,1,0,0,0,-1.1230012412355284,-0.5931264267592052
0,1,0,-0.3001558543980371,1,0,0.8388713973484064,1,1,0,1,0,0,3,0.38945539891476594,-0.9525431227799356
0,0,0,-1.2367242199587352,1,1,0.1409538375138897,1,0,1,1,0,0,3,-0.7974205221526548,-0.948052911315748
0,0,1,-1.0738427650786138,1,0,-1.4875204687666492,0,1,0,0,0,1,0,-1.860860306356274,0.3365591509899685
1,0,1,0.3513699651224484,1,1,-1.4875204687666492,0,0,1,0,1,0,1,-0.8539509645092953,1.4578174788202791
0,0,0,-0.8702409464784621,1,1,-0.6566662308684151,0,1,0,1,0,0,0,-1.1140993837967872,-0.22670861797490577
0,1,0,-0.1372743995179157,1,0,1.1379789229917707,1,1,0,0,1,0,3,0.6864431089320356,-1.0385092059150889
0,0,1,-0.0965540357978854,1,0,-1.4875204687666492,0,0,1,1,0,0,0,-1.1466787944369072,1.1137464680036082
1,0,1,1.5322605130033284,1,1,1.1047447534758412,0,1,0,0,0,1,2,1.8099313030591058,0.40560125819751297
0,0,0,-0.3001558543980371,1,1,-0.3575587052250508,0,1,0,0,1,0,0,-0.5305473314990237,-0.028332835478982653
0,0,1,-0.8295205827584317,0,1,-1.188412943123285,1,1,0,0,0,1,0,-1.523221898592159,0.38586225860508777
0,0,0,-0.8295205827584317,1,1,-1.4875204687666492,0,0,1,1,0,0,0,-1.6607424119044019,0.4524434074329077
0,0,0,1.247217966963116,1,0,1.437086448635135,1,1,0,1,0,0,2,1.8474663603835917,-0.1922225344215653
0,0,0,0.5956921474426305,1,0,1.1379789229917707,1,1,0,1,0,0,2,1.1777598190962268,-0.44216155865458967
1,0,0,1.6137012404433893,1,0,1.1379789229917707,0,1,0,0,0,1,2,1.8784754538160158,0.27213148199770343
0,0,0,-0.5851984004382496,1,0,-0.4904953832887682,0,0,1,1,0,0,0,-0.7917858188890684,-0.06934723473547727
0,0,0,1.5729808767233588,1,0,0.6727005497687596,0,1,0,1,0,0,2,1.536975317131629,0.5591601911793023
1,0,0,-1.2774445836787656,1,0,0.3403588546094659,1,0,1,1,0,0,3,-0.6929138689655076,-1.1052410290793555
1,0,1,0.3920903288424788,1,1,-0.3575587052250508,0,0,1,0,1,0,1,-0.027414287646629912,0.7117771468936378
0,0,0,-0.5444780367182193,1,0,0.805637227832477,0,1,0,0,0,1,3,0.12565909732662317,-1.0240477177037846
1,0,1,1.6137012404433893,1,1,1.3373839400873468,0,0,1,0,1,0,2,2.029099103146775,0.40309096605224426
0,0,0,1.5322605130033284,1,0,1.6364914657307112,0,1,0,0,1,0,2,2.1600221752054845,-0.1245500709418299
0,1,1,0.9621754209229036,1,1,0.2738905155776072,0,0,1,0,1,0,2,0.8736360884528936,0.5702698194595484
0,0,0,0.5549717837226001,0,1,-0.6234320613524857,0,0,1,0,0,1,1,-0.14382761937161354,0.888115028911396
0,0,1,1.6137012404433893,1,0,1.437086448635135,0,1,0,0,1,0,2,2.081774440413352,0.22751387076165053
1,1,0,1.4915401492832985,1,0,0.6727005497687596,0,1,0,0,0,1,2,1.5173079541682846,0.4158927741140133
0,0,0,0.8400143297628127,1,1,-1.45428629925072,1,0,1,1,0,0,1,-0.4623615425945357,1.5954663942117997
1,0,0,0.1070477828022663,0,1,-0.5237295528046976,0,0,1,1,0,0,1,-0.37424261141046783,0.5374724831010488
1,0,0,-0.9516816739185228,1,0,0.7724030583165477,0,1,0,1,0,0,3,-0.16996772432354829,-1.2551414277169357
1,0,0,-0.5444780367182193,1,0,0.805637227832477,0,1,0,1,0,0,3,0.14006368391678709,-0.9935782243943813
0,0,0,1.1657772395230557,1,0,1.6697256352466403,0,0,1,1,0,0,2,1.965800140306762,-0.32729026257577926
1,0,0,-0.9924020376385532,1,0,-0.3243245357091214,0,1,0,0,0,1,0,-0.9880872390121769,-0.5453953164662175
0,0,0,-0.1372743995179157,1,1,1.2044472620236295,0,0,1,1,0,0,3,0.727249312719611,-0.9092470679845462
1,0,0,1.6137012404433893,1,0,1.437086448635135,0,0,1,1,0,0,2,2.1161061379007724,0.16189036072006122
1,0,1,-1.2774445836787656,1,0,1.1712130925077,1,1,0,0,0,1,3,-0.1274225179048302,-1.6109508315653291
0,0,0,-1.0331224013585834,1,0,0.0744854984820309,0,1,0,0,0,1,3,-0.7344935645264855,-0.8641273856735917
1,0,0,-0.6666391278783103,1,1,-0.5237295528046976,0,1,0,1,0,0,0,-0.8775942660128145,-0.1586983994514532
1,0,1,-0.4630373092781585,0,0,-1.288115451671073,0,1,0,1,0,0,0,-1.328304592977288,0.7315395256166559
0,0,0,-1.0331224013585834,0,0,-0.8228370784480619,1,1,0,1,0,0,0,-1.4055522240473737,-0.16091788825429484
1,1,0,-1.0331224013585834,1,0,0.8388713973484064,1,0,1,1,0,0,3,-0.11562854772538654,-1.3661532648422154
1,0,1,-0.0151133083578247,1,0,0.8721055668643357,0,1,0,0,0,1,3,0.5497233495261257,-0.5244830873322938
1,0,0,1.4100994218432374,1,0,1.7029598047625698,1,1,0,1,0,0,2,2.1491833077788813,-0.24376115169530843
0,0,1,1.4100994218432374,1,1,1.4703206181510644,0,0,1,0,1,0,2,1.9803305130415358,0.15285144906061535
1,0,0,-0.3408762181180675,1,0,-0.3243245357091214,0,1,0,1,0,0,3,-0.5145343875775821,-0.07693277308909421
1,0,0,-0.62591876415828,1,0,-1.45428629925072,0,1,0,0,0,1,0,-1.5280595735943485,0.4849868810915004
1,0,0,-0.3408762181180675,1,1,-0.4904953832887682,0,0,1,0,0,1,0,-0.6285484433540056,0.11373215350914037
1,0,0,-0.1779947632379461,1,0,1.071510583959912,0,1,0,0,0,1,3,0.5706582158621598,-0.9334154021619894
0,1,0,0.2292088739623573,1,0,1.0050422449280532,0,0,1,0,1,0,2,0.8618599398054904,-0.6102355964813768
0,0,1,0.2292088739623573,1,0,0.5065297021891128,1,1,0,1,0,0,2,0.4792194503176096,-0.10675105913450741
1,0,0,-1.2774445836787656,1,1,0.4732955326731833,1,0,1,0,1,0,3,-0.6208932345114314,-1.1820146546329593
1,0,1,1.6137012404433893,1,1,1.270915601055488,1,1,0,0,1,0,2,1.9707877845667148,0.36739700953763316
0,0,0,-0.9924020376385532,1,0,1.2044472620236295,1,1,0,0,1,0,3,0.07825139558848197,-1.591347027843718
1,1,0,1.2064976032430856,1,0,0.8388713973484064,0,1,0,1,0,0,2,1.4490981481569518,0.11647571499705
1,0,0,1.4100994218432374,1,0,0.7724030583165477,0,1,0,0,0,1,2,1.4770555571175106,0.38052583457590744
0,0,1,-0.5851984004382496,1,1,-1.4875204687666492,0,1,0,0,1,0,0,-1.523780821219167,0.7056259717951453
1,0,0,-1.2367242199587352,1,0,-0.0252170100657571,0,1,0,1,0,0,3,-0.9337723469560933,-0.9074928382541608
1,0,1,0.0256070553622056,0,0,-1.0222420955436382,0,0,1,1,0,0,1,-0.7853136679015853,0.9717717470374266
0,0,0,1.5729808767233588,1,0,-1.3545837907029317,0,1,0,0,0,1,1,0.09043438979548392,1.9351430336317452
0,0,0,-1.0331224013585834,1,0,-1.45428629925072,0,1,0,0,1,0,0,-1.827770315426899,0.20251177027493644
0,0,1,-0.62591876415828,1,1,0.9385739058961944,0,0,1,0,0,1,3,0.18582746302929853,-0.9232199719149298
1,0,0,-0.8295205827584317,1,0,-1.4875204687666492,0,0,1,0,1,0,0,-1.6972233407817576,0.46566658147265433
0,1,0,0.7178532386027215,1,0,1.4703206181510644,0,1,0,1,0,0,2,1.5517405078529916,-0.6744830425641628
1,0,0,0.5142514200025698,1,0,-0.4572612137728389,0,1,0,1,0,0,1,-0.006617532627911718,0.6112997939702546
1,0,0,0.9621754209229036,1,0,1.1379789229917707,0,1,0,0,0,1,2,1.4199725061672257,-0.182815503012019
0,0,1,1.0843365120829946,1,1,0.3735930241253952,0,0,1,1,0,0,2,1.005507483075869,0.6717686813478668
1,0,0,-1.2774445836787656,1,1,0.7391688888006183,1,1,0,0,1,0,3,-0.44453389349307537,-1.445495234232791
1,0,0,-1.2774445836787656,1,1,0.5397638717050421,1,0,1,1,0,0,3,-0.5451174820582455,-1.2328771106391176
1,0,1,1.4100994218432374,1,0,0.8388713973484064,0,1,0,1,0,0,2,1.544281385333817,0.5070076630523969
1,0,1,0.2699292376823877,0,0,-0.6566662308684151,0,1,0,0,0,1,1,-0.38166442742121287,0.7970447415232744
0,0,1,0.1477681465222966,1,0,0.9385739058961944,0,1,0,0,0,1,2,0.7119285355536473,-0.4732576006389097
0,0,1,1.6137012404433893,1,0,0.174188007029819,0,0,1,1,0,0,2,1.230244741133249,1.1690491882280285
1,1,0,1.369379058123207,1,1,1.1712130925077,1,1,0,0,0,1,2,1.790338632029973,-0.002053827911770202
0,0,0,-0.9516816739185228,1,1,-1.4875204687666492,0,0,1,0,0,1,0,-1.761761618374355,0.3536252893761839
0,0,0,1.4508197855632678,1,0,-1.288115451671073,0,1,0,0,1,0,1,0.03760750228332112,1.8231038390818932
1,0,0,-1.0331224013585834,1,1,-1.3545837907029317,0,0,1,0,0,1,0,-1.7258515401867276,0.222596201957883
1,0,0,-1.1552834925186746,1,0,-0.4904953832887682,1,0,1,0,1,0,0,-1.2224628358109033,-0.44516678028786777
1,0,0,0.2699292376823877,1,0,0.2738905155776072,0,0,1,1,0,0,3,0.3490964997806853,0.02081538493577937
0,0,1,-1.0331224013585834,1,0,-1.45428629925072,0,1,0,1,0,0,0,-1.7936869023825783,0.355730233611955
1,1,0,0.5549717837226001,1,1,1.2044472620236295,1,0,1,1,0,0,2,1.267104103875009,-0.49874938198338953
1,0,1,1.1657772395230557,1,0,1.1047447534758412,0,1,0,0,1,0,2,1.5312376871107516,0.15947837659468922
1,0,0,-0.5037576729981889,1,0,-1.4875204687666492,0,1,0,0,0,1,0,-1.4655573368700419,0.5930681030893453
1,0,0,0.4328106925625091,1,0,1.1712130925077,1,1,0,1,0,0,2,1.08595583094823,-0.5617230322735399
1,0,1,1.2064976032430856,1,0,-1.45428629925072,0,1,0,1,0,0,1,-0.21822833703550354,1.9365644295248785
0,0,1,1.4915401492832985,0,1,-0.6234320613524857,0,0,1,1,0,0,1,0.5355620641701455,1.714140472956406
1,0,1,-1.2367242199587352,1,0,-0.1249195186135452,0,1,0,0,1,0,0,-1.0277733728583027,-0.6753281252133478
1,1,0,-0.0151133083578247,1,1,0.5397638717050421,0,1,0,0,0,1,3,0.37014561503930327,-0.5360215871955121
1,0,0,-0.9109613101984924,1,1,1.3041497705714176,1,1,0,0,0,1,3,0.226105852624375,-1.5956455041662112
1,0,1,1.4508197855632678,1,1,1.1712130925077,0,0,1,1,0,0,2,1.8259796569688718,0.3979423999533096
1,0,0,-0.7888002190384014,1,0,0.3403588546094659,1,1,0,0,0,1,3,-0.3754637486750971,-0.8587976298211196
1,0,0,-1.2367242199587352,1,0,-0.3575587052250508,1,1,0,0,0,1,0,-1.1834929103403147,-0.6932217735363413
1,0,0,0.0663274190822359,1,1,-1.288115451671073,0,1,0,0,0,1,0,-0.9165708707700887,0.8635106334130903
0,0,1,1.6137012404433893,1,0,0.8388713973484064,0,0,1,1,0,0,2,1.699586060330082,0.7134759420575879
1,0,0,1.2879383306831464,1,0,1.3373839400873468,0,1,0,1,0,0,2,1.8050762795364752,-0.07849842599088919
1,0,1,1.125056875803025,1,1,-1.45428629925072,0,0,1,1,0,0,1,-0.2571700276830127,1.9699832298216884
0,0,0,-1.1960038562387048,1,1,0.0080171594501722,0,0,1,0,1,0,3,-0.8914739722974746,-0.8231989441294381
0,0,0,1.3286586944031769,1,0,1.0382764144439829,0,0,1,0,0,1,2,1.6195017201961635,0.20572550917116858
1,0,1,0.7178532386027215,1,1,-1.3213496211870024,0,0,1,1,0,0,1,-0.44986610612413985,1.5945267149565236
0,0,0,1.247217966963116,1,0,0.5397638717050421,0,1,0,1,0,0,2,1.2138555794678674,0.42280134790852925
0,1,0,1.125056875803025,1,1,0.805637227832477,0,1,0,0,1,0,2,1.3471159015513623,0.07977309291783863
0,0,0,-0.4223169455581282,1,0,-1.288115451671073,0,1,0,1,0,0,0,-1.2517468516734478,0.5098261257898268
0,1,0,-0.9924020376385532,1,1,0.5397638717050421,1,1,0,0,0,1,3,-0.31696348923824075,-1.235395999652098
0,0,0,-0.3815965818380978,1,1,0.3071246850935365,0,0,1,0,1,0,3,-0.10714169409791241,-0.4595231736439833
1,0,0,-1.1552834925186746,1,0,0.3071246850935365,1,0,1,1,0,0,3,-0.6304116322412012,-0.9971598070815105
1,1,0,-1.2367242199587352,1,1,-1.5207546382825785,0,0,1,1,0,0,0,-1.9180784108661781,0.11799671853867963
0,0,1,-1.318164947398796,1,1,0.5397638717050421,0,0,1,1,0,0,3,-0.5678868065798357,-1.1197416374180948
0,0,1,-1.2367242199587352,1,1,-1.4875204687666492,1,1,0,1,0,0,0,-1.9534421483344544,0.24537385539630868
0,0,0,1.2064976032430856,1,1,-1.288115451671073,0,0,1,1,0,0,1,-0.08711830474288326,1.7374807617371584
0,1,0,-0.748079855318371,1,0,0.5065297021891128,0,1,0,1,0,0,3,-0.16043603719219368,-1.0375325518888994
0,0,0,0.9621754209229036,1,0,-1.4875204687666492,0,1,0,1,0,0,1,-0.4182304836788186,1.6132604427866193
0,1,0,0.0663274190822359,1,0,0.971808075412124,1,1,0,1,0,0,3,0.741231570806577,-0.787750092946055
1,0,0,1.247217966963116,1,0,0.8388713973484064,0,0,1,1,0,0,2,1.4357910425711784,0.3159986032054886
0,0,1,0.6771328748826912,0,1,-0.9557737565117794,0,0,1,1,0,0,1,-0.27223727998925873,1.3732433647794728
1,0,0,0.0663274190822359,1,0,1.2044472620236295,0,1,0,0,1,0,3,0.8226733683221248,-0.8351042422609167
1,0,0,-1.2774445836787656,1,0,-0.6899004003843444,0,1,0,0,0,1,0,-1.4468200041667805,-0.4938693370142287
1,0,1,1.6137012404433893,1,0,0.8721055668643357,0,0,1,1,0,0,2,1.7224078090942825,0.7076512146910684
1,0,1,-0.7888002190384014,1,1,-0.4904953832887682,0,0,1,1,0,0,0,-0.9234775235659256,-0.027004745591510393
0,0,1,1.4508197855632678,1,0,0.6062322107369008,1,0,1,1,0,0,2,1.4206908616989928,0.7591898319648115
1,0,0,-0.5851984004382496,1,0,-0.3243245357091214,0,0,1,1,0,0,0,-0.6750958062855011,-0.16628661133608494
1,0,0,-0.5444780367182193,1,0,1.1712130925077,1,1,0,1,0,0,3,0.3982014094750451,-1.2441435097881235
0,1,0,0.3106496014024181,1,0,0.4732955326731833,1,1,0,0,1,0,2,0.5323225662437457,-0.2701599075504642
0,0,1,-0.748079855318371,1,0,-1.4875204687666492,0,0,1,1,0,0,0,-1.605181742085697,0.6587994829938856
0,0,0,0.5549717837226001,1,0,-0.6566662308684151,0,1,0,0,0,1,1,-0.13316808074907616,0.7459364610750913
1,0,0,-1.2774445836787656,1,0,0.6727005497687596,1,1,0,0,0,1,3,-0.4846702998132731,-1.4277944916636316
0,0,0,-0.9924020376385532,1,1,0.0080171594501722,0,1,0,1,0,0,3,-0.7307273672841024,-0.7675844238346693
1,0,1,-0.3815965818380978,1,0,-0.1581536881294745,0,0,1,0,1,0,0,-0.43807813336873025,0.02581973605209017
0,1,0,0.9621754209229036,1,1,0.2738905155776072,0,0,1,0,1,0,2,0.8683942959420754,0.41174622473341566
1,0,0,-1.1960038562387048,1,1,0.6394663802528302,0,0,1,0,0,1,3,-0.43245331950842647,-1.257860282805869
0,0,0,0.9214550572028734,1,0,0.0080171594501722,0,1,0,0,0,1,2,0.5940811465002013,0.5462708939726199
1,0,0,-1.1552834925186746,1,1,-0.5237295528046976,0,1,0,0,0,1,0,-1.236521380535212,-0.5134241965761459
0,0,1,1.6137012404433893,0,1,0.0080171594501722,0,0,1,1,0,0,1,1.0674056200912843,1.3666484487838102
0,0,0,-0.62591876415828,1,0,-1.5207546382825785,0,0,1,0,0,1,0,-1.5629712016580137,0.594841551898197
0,0,1,1.3286586944031769,1,0,1.1379789229917707,0,1,0,1,0,0,2,1.6988174277119341,0.22817739420748098
1,0,0,-1.2774445836787656,1,1,-1.4875204687666492,1,0,1,0,1,0,0,-2.0054501261420885,0.16192642156984
0,0,0,0.7992939660427822,1,0,0.5065297021891128,0,0,1,1,0,0,2,0.8865449236598598,0.2140552391545222
1,0,0,-0.3001558543980371,1,1,-1.4875204687666492,0,0,1,0,1,0,0,-1.3176957046689037,0.8443468990844238
0,0,0,1.0436161483629645,1,1,0.971808075412124,0,1,0,1,0,0,2,1.3826392569537742,-0.006456302626425249
0,0,0,1.5729808767233588,0,0,-0.556963722320627,0,0,1,0,1,0,1,0.5987316603533942,1.5631971658371882
1,0,0,-1.1960038562387048,1,0,0.3071246850935365,0,1,0,0,0,1,3,-0.6854951569154324,-1.120360833143674
1,0,1,-0.62591876415828,1,1,0.0744854984820309,0,0,1,1,0,0,3,-0.40991166533642037,-0.3005052585839541
1,0,0,-1.2774445836787656,1,1,0.174188007029819,0,0,1,0,0,1,3,-0.8183051114023084,-0.9958273836127761
1,0,0,-0.62591876415828,1,1,0.5065297021891128,0,0,1,0,0,1,3,-0.125131504155102,-0.7686670216882739
0,0,1,-0.7888002190384014,1,0,-0.3575587052250508,0,1,0,0,0,1,0,-0.8623850241253125,-0.23887606155802682
0,1,0,-1.2774445836787656,1,0,0.174188007029819,1,1,0,0,0,1,3,-0.7826902455410569,-1.1929059124914794
1,0,0,-0.1372743995179157,1,0,-0.1913878576454039,0,0,1,1,0,0,3,-0.26600676593759137,0.05537479162401119
0,0,0,1.002895784642934,1,1,1.6032572962147815,1,0,1,0,0,1,2,1.7961843588372883,-0.39994935028719664
0,0,0,-0.8295205827584317,1,1,-0.4572612137728389,0,0,1,1,0,0,0,-0.9332633671493107,-0.2536951241312751
1,1,0,-0.7888002190384014,1,1,0.8388713973484064,1,1,0,0,0,1,3,0.03687695834493994,-1.2812790926712556
1,0,0,0.8400143297628127,1,1,-1.3213496211870024,0,0,1,1,0,0,1,-0.36913859595081006,1.521305679919714
1,0,0,1.002895784642934,1,0,-0.1581536881294745,0,0,1,1,0,0,1,0.559840458407633,0.8287533530825034
0,1,0,1.3286586944031769,1,1,1.3706181096032763,1,1,0,0,0,1,2,1.9031299107566144,-0.1841139232680124
0,0,0,-1.1552834925186746,1,1,-0.1581536881294745,1,1,0,1,0,0,3,-0.962688433995508,-0.76742785854449
0,1,0,-0.7888002190384014,1,0,-0.3243245357091214,0,1,0,0,1,0,3,-0.8046107409497869,-0.4911950493498422
0,0,1,-0.9924020376385532,1,0,-1.5207546382825785,0,1,0,1,0,0,0,-1.811964600074212,0.4297217447921065
0,0,0,1.125056875803025,1,0,1.3706181096032763,0,0,1,0,1,0,2,1.697098491906635,-0.14541135697307495
0,0,0,-0.7073594915983407,1,1,0.7724030583165477,1,0,1,1,0,0,3,0.02098737604897817,-1.011203069857267
0,0,0,-1.2774445836787656,1,0,0.174188007029819,1,0,1,0,1,0,3,-0.8384455021025776,-1.0029965210896334
1,0,1,0.0663274190822359,0,1,-1.1551787736073555,0,1,0,1,0,0,1,-0.8549086930250673,1.0191051939943374
1,0,1,-1.2774445836787656,1,0,-0.6566662308684151,0,0,1,1,0,0,0,-1.3916840552499388,-0.26335756509756203
0,1,0,0.1070477828022663,1,1,1.437086448635135,0,0,1,1,0,0,2,1.1167981062809986,-0.9879300052792303
1,0,1,-1.2367242199587352,1,0,-0.3243245357091214,0,1,0,1,0,0,0,-1.13973414808385,-0.5439612827513299
0,0,1,0.0663274190822359,1,1,-1.45428629925072,0,1,0,0,0,1,1,-1.0280190908628377,1.1189736047398309
1,0,0,-0.7073594915983407,1,1,-1.4875204687666492,0,1,0,0,0,1,0,-1.6018455168620767,0.45993306256517713
0,0,0,0.3920903288424788,1,0,0.0412513289661016,0,1,0,1,0,0,2,0.26006447128120574,0.16736336471109886
0,0,0,1.5322605130033284,1,1,-1.4875204687666492,0,0,1,1,0,0,1,0.0013307733224618562,2.1016262280931515
1,0,1,0.0663274190822359,1,1,0.4732955326731833,0,0,1,0,0,1,3,0.343802604272714,-0.10398359308078897
1,1,0,0.3920903288424788,1,0,0.4732955326731833,0,1,0,1,0,0,2,0.6178317380377062,-0.20164273087136064
0,0,0,-1.2774445836787656,1,1,-1.5207546382825785,0,0,1,0,1,0,0,-2.028271874906289,0.16775114893635962
0,0,1,1.002895784642934,1,0,-0.3907928747409802,0,0,1,0,0,1,1,0.3864082026093957,1.1162580906588875
0,0,0,-0.748079855318371,1,1,0.0080171594501722,1,0,1,1,0,0,3,-0.547411575255429,-0.5157280233243681
1,0,0,-0.9109613101984924,1,1,-0.2578561966772627,0,0,1,0,1,0,0,-0.8792607775755031,-0.4249764047775059
0,0,0,-0.4223169455581282,1,0,0.0080171594501722,0,1,0,0,1,0,3,-0.36537289977312604,-0.373236572853418
0,0,0,-0.7073594915983407,1,0,-1.4875204687666492,1,1,0,0,0,1,0,-1.608194190814648,0.4339432353318046
1,0,0,1.125056875803025,1,0,-1.3545837907029317,0,0,1,1,0,0,1,-0.19900461346251833,1.7340877558786194
1,1,0,-0.9516816739185228,1,0,1.1379789229917707,1,1,0,1,0,0,3,0.14151072770890982,-1.5955441336243539
1,0,0,1.0843365120829946,1,0,-0.1249195186135452,0,1,0,1,0,0,1,0.6292432061631961,0.7815917827685415
1,0,0,0.0663274190822359,1,0,1.3706181096032763,1,1,0,1,0,0,3,0.9688503186548357,-0.954302685192641
0,0,0,-1.2774445836787656,1,0,1.1712130925077,1,1,0,1,0,0,3,-0.11696908943420264,-1.7729128028660637
0,0,0,0.6364125111626608,1,0,1.071510583959912,0,0,1,1,0,0,2,1.1708593080649699,-0.2869187663427828
1,0,1,1.5729808767233588,1,0,0.8388713973484064,0,1,0,0,0,1,2,1.6438572184602098,0.6072288509374267
0,0,1,1.5729808767233588,0,0,-0.1581536881294745,0,1,0,0,0,1,1,0.8879927744696328,1.3483048419728865
0,0,0,-0.9516816739185228,1,1,-0.6899004003843444,1,1,0,0,1,0,0,-1.22372093874623,-0.2554931974034849
0,0,0,-0.9109613101984924,1,0,-1.3545837907029317,0,1,0,1,0,0,0,-1.6425581943297234,0.214173211649579
0,0,0,1.6137012404433893,1,0,1.6697256352466403,0,1,0,0,0,1,2,2.2545938263691223,-0.10928104988065127
1,0,0,-1.1960038562387048,0,0,-1.1551787736073555,0,1,0,0,1,0,0,-1.784335558287131,-0.024608945090388586
1,0,0,1.002895784642934,0,0,-0.3575587052250508,0,1,0,0,1,0,1,0.3263214730637347,0.9641492339128962
0,0,0,0.1070477828022663,1,1,-0.2578561966772627,0,0,1,0,1,0,1,-0.16220460467862796,0.268924324358183
1,0,0,0.7178532386027215,1,0,0.174188007029819,0,0,1,1,0,0,2,0.5939160784097035,0.4019274240555297
1,0,0,-0.9516816739185228,1,0,0.7059347192846889,0,0,1,1,0,0,3,-0.20552466958285454,-1.1283328219682365
1,0,1,-0.8295205827584317,1,0,-0.5237295528046976,0,0,1,0,0,1,0,-0.9976449186878338,-0.0552117205048667
1,1,0,1.125056875803025,1,1,1.1047447534758412,0,0,1,1,0,0,2,1.5978929851881756,-0.03233478317431605
1,0,0,0.5549717837226001,0,1,-1.1551787736073555,1,1,0,1,0,0,1,-0.5162732747992931,1.2017918380254964
0,0,0,-0.8295205827584317,0,0,-1.0222420955436382,0,1,0,1,0,0,0,-1.4030724486661768,0.11792501841237568
0,0,0,-0.8702409464784621,1,1,-0.3575587052250508,0,0,1,1,0,0,0,-0.8915186034978351,-0.3504652976199489
1,0,0,0.2699292376823877,0,1,-0.7896029089321326,0,1,0,1,0,0,1,-0.4587305888373807,0.7521872466900005
1,0,1,0.7178532386027215,1,0,1.3041497705714176,1,0,1,1,0,0,2,1.3970381135551377,-0.21402349970808643
0,0,0,-0.5444780367182193,1,1,0.7391688888006183,0,1,0,0,0,1,3,0.08571895655515212,-0.9694545007953704
1,0,1,1.6137012404433893,1,0,1.3373839400873468,0,0,1,0,0,1,2,2.0358968287462607,0.3752343840043593
1,1,0,-1.0331224013585834,1,0,1.0382764144439829,1,0,1,1,0,0,3,0.0251738480336635,-1.5028252386933478
1,0,0,0.188488510242327,1,0,0.0744854984820309,0,1,0,1,0,0,3,0.1396040489051596,0.019367704529041057
1,0,1,-0.055833672077855,1,1,-1.288115451671073,0,0,1,1,0,0,0,-0.9708712904972364,1.0314985079489563
0,0,0,-1.2774445836787656,1,0,0.174188007029819,1,1,0,0,1,0,3,-0.8498226887629547,-1.0842478022212887
0,1,0,1.6137012404433893,1,1,1.5700231266988525,0,0,1,1,0,0,2,2.2709544365581924,-0.026979751678334996
0,0,1,-0.0151133083578247,1,1,-0.1249195186135452,0,0,1,0,0,1,3,-0.13527213426489335,0.2322100204043897
1,0,0,0.5549717837226001,1,0,0.2738905155776072,0,1,0,1,0,0,2,0.5383143527166538,0.13860340974587773
0,0,0,-0.2187151269579764,1,1,1.0382764144439829,0,1,0,0,0,1,3,0.5261740240181222,-0.9469889690672075
1,0,1,1.4915401492832985,1,0,-1.45428629925072,0,1,0,0,1,0,1,-0.04647491797266033,2.1409088668557463
1,0,0,-0.748079855318371,1,0,0.9385739058961944,0,1,0,1,0,0,3,0.09064977661590669,-1.2268638064440074
0,0,0,-0.0151133083578247,1,0,-1.4875204687666492,0,1,0,1,0,0,0,-1.1059849051520034,0.9308399652720354
1,0,0,1.4100994218432374,1,0,-1.5207546382825785,0,1,0,1,0,0,1,-0.12712209032575805,1.9657690922313278
0,0,0,-1.2774445836787656,1,1,-1.4875204687666492,0,1,0,0,0,1,0,-2.0023902788591266,0.04490051573966749
1,0,0,0.4328106925625091,1,1,0.8721055668643357,0,0,1,1,0,0,2,0.8931234151182447,-0.2664278980738164
1,0,0,-1.2367242199587352,1,0,-0.5237295528046976,0,0,1,1,0,0,0,-1.2744011496933412,-0.4845616224946752
0,0,0,-0.8295205827584317,0,1,-0.4904953832887682,0,1,0,0,0,1,0,-1.0356553059463027,-0.25101324460000757
0,0,0,-0.1779947632379461,0,0,-0.9557737565117794,0,1,0,0,1,0,0,-0.926476989631206,0.5326198101941683
0,1,0,-0.0965540357978854,1,0,1.3041497705714176,0,1,0,1,0,0,3,0.8612764934927959,-1.1292734622837055
1,0,0,-0.6666391278783103,1,0,0.805637227832477,1,0,1,1,0,0,3,0.06547156789301607,-0.9976295029520491
1,0,1,-0.055833672077855,1,0,0.4732955326731833,1,1,0,0,0,1,3,0.2394621237799766,-0.2795733261931371
0,0,1,-0.748079855318371,1,0,-0.1913878576454039,0,1,0,1,0,0,3,-0.7013433563122499,-0.31081962817012854
0,1,0,1.6137012404433893,1,0,1.5035547876669937,0,0,1,1,0,0,2,2.217026313490297,0.009541680647339054
0,0,1,0.8400143297628127,1,0,-1.45428629925072,0,1,0,0,1,0,1,-0.5043325484258095,1.6690079469040213
1,0,0,1.4508197855632678,0,1,-0.8228370784480619,0,0,1,0,1,0,1,0.3313745039430842,1.686113731849414
0,0,0,0.7178532386027215,1,0,0.8388713973484064,0,1,0,0,1,0,2,1.0236839076082977,-0.14654590679945434
0,1,0,1.5322605130033284,1,0,1.3706181096032763,0,1,0,1,0,0,2,2.054467994534454,-0.03746332437644354
0,0,0,0.1477681465222966,1,0,1.0050422449280532,0,1,0,1,0,0,3,0.7686707787483172,-0.6638229616146858
0,0,0,1.002895784642934,0,0,-0.1913878576454039,0,0,1,1,0,0,1,0.48452092725246365,0.9092481371708246
0,0,0,-0.9516816739185228,1,1,0.7724030583165477,0,1,0,0,0,1,3,-0.17737831976549995,-1.2765750287349689
1,0,1,-1.1960038562387048,1,1,-0.3243245357091214,1,1,0,1,0,0,0,-1.1040837227075881,-0.5064912038968522
0,0,1,-0.5444780367182193,1,0,-1.3213496211870024,0,0,1,0,0,1,0,-1.3596141449320467,0.673561545899413
0,0,0,1.4508197855632678,1,0,1.802662313310358,0,1,0,1,0,0,2,2.2488862570820967,-0.3006168869997694
1,1,0,-0.1372743995179157,1,0,1.0382764144439829,1,1,0,0,0,1,3,0.6291883106045678,-0.9720399738040356
0,1,0,-0.62591876415828,1,1,0.6062322107369008,0,1,0,1,0,0,3,0.0029284545196915784,-1.0115300868337724
1,1,0,1.5729808767233588,1,0,1.6697256352466403,0,0,1,0,1,0,2,2.276218271332312,-0.1105267511272619
1,0,1,-1.2774445836787656,1,1,0.805637227832477,1,0,1,1,0,0,3,-0.35213916186869404,-1.256582814381161
0,0,1,0.6771328748826912,1,0,0.4732955326731833,0,1,0,1,0,0,2,0.7709731608663112,0.22880365536819902
0,0,0,-0.7888002190384014,1,1,0.6394663802528302,1,0,1,0,1,0,3,-0.15903537677998972,-0.9716516623602801
1,0,0,0.2699292376823877,1,0,1.1712130925077,0,1,0,1,0,0,2,0.9713300940360327,-0.6754597785259705
0,0,1,0.6771328748826912,1,0,-1.4875204687666492,0,0,1,1,0,0,1,-0.6022065441039689,1.6539960127026538
0,0,1,-0.4223169455581282,1,0,0.6727005497687596,0,0,1,1,0,0,3,0.14942901912840495,-0.5943400745551849
1,0,1,1.1657772395230557,1,0,0.1077196679979603,0,1,0,0,0,1,2,0.8410174250632,0.824017556093835
1,0,0,-1.2774445836787656,1,1,-1.45428629925072,1,1,0,0,1,0,0,-1.993360246842624,0.057896478129662844
0,0,0,-1.2367242199587352,1,1,1.3041497705714176,1,1,0,0,1,0,3,-0.016292020752076905,-1.82125224185656
0,0,1,-1.0331224013585834,1,1,-1.4875204687666492,0,0,1,0,1,0,0,-1.8276244110673332,0.47410120073261636
1,1,0,1.5729808767233588,1,0,-1.3213496211870024,0,1,0,0,1,0,1,0.15280514828618663,1.858301575508065
0,0,0,-1.1960038562387048,1,1,0.3735930241253952,1,0,1,0,1,0,3,-0.6333362467392165,-1.0737642295231802
1,0,0,1.6137012404433893,1,0,-1.3213496211870024,0,1,0,0,1,0,1,0.12812085604003615,1.9765731825848483
1,1,0,0.3106496014024181,1,0,-0.291090366193192,0,1,0,0,0,1,1,0.00572644871944486,0.25188257073102976
1,0,0,-0.748079855318371,1,1,-1.4875204687666492,0,0,1,1,0,0,0,-1.6040748606439441,0.5262657155011254
0,0,0,1.3286586944031769,1,1,1.437086448635135,0,0,1,1,0,0,2,1.92315040664828,-0.045066987872324694
0,0,0,0.5956921474426305,1,1,1.1712130925077,0,1,0,0,0,1,2,1.193170972418476,-0.46941988703914234
1,0,0,-0.3001558543980371,1,0,-1.4875204687666492,0,1,0,1,0,0,0,-1.3072252619439904,0.7487545942722843
1,1,0,-1.2367242199587352,1,1,0.2738905155776072,0,0,1,0,0,1,3,-0.665906752820534,-1.1255666044889103
1,1,0,0.5549717837226001,0,0,-0.1581536881294745,1,0,1,1,0,0,1,0.24546262598232116,0.5008099370964451
0,0,1,0.9214550572028734,1,0,-1.45428629925072,0,1,0,0,1,0,1,-0.4470196799697107,1.7258763200302367
0,0,0,1.247217966963116,1,0,1.5035547876669937,0,1,0,1,0,0,2,1.8944004923032751,-0.23777985903860938
1,0,1,1.2064976032430856,1,1,0.7059347192846889,0,0,1,0,0,1,2,1.310452224376988,0.5327229945265712
0,0,0,0.6364125111626608,0,1,-0.6566662308684151,1,1,0,0,0,1,1,-0.12135900353573359,0.8865107832144782
1,0,0,-0.5851984004382496,1,0,0.4400613631572539,0,0,1,1,0,0,3,-0.13535328920914338,-0.6901958444320916
1,0,0,1.5729808767233588,1,1,0.7059347192846889,0,0,1,1,0,0,2,1.5781682437044189,0.6436226372358079
1,0,1,0.1070477828022663,1,0,0.8388713973484064,0,0,1,1,0,0,2,0.6386526766966142,-0.32163502583539294
0,0,0,-0.2187151269579764,1,0,-0.2578561966772627,0,1,0,1,0,0,3,-0.3809856357781096,-0.054141472958817695
1,0,1,1.4508197855632678,1,0,0.9053397363802652,0,0,1,1,0,0,2,1.6312491381419265,0.5711358061301156
0,0,0,-1.1960038562387048,1,1,-1.4875204687666492,0,1,0,0,0,1,0,-1.945077410403028,0.1017688888658829
0,0,0,0.2699292376823877,1,0,-1.45428629925072,0,0,1,1,0,0,1,-0.8705456129354393,1.1883518900369223
0,0,0,0.8400143297628127,1,0,0.971808075412124,0,1,0,0,1,0,2,1.2035214741318125,-0.15235799634421943
0,0,1,-0.1779947632379461,1,0,0.8388713973484064,1,1,0,1,0,0,3,0.4273257676355324,-0.6188795478508042
1,0,0,-1.1145631287986442,1,0,0.3403588546094659,0,1,0,0,1,0,3,-0.6185069392471899,-1.0674504325694658
1,0,0,0.7178532386027215,0,0,-0.9890079260277088,0,1,0,0,0,1,1,-0.3063561030219045,1.1790838220765463
1,0,0,-0.5444780367182193,1,0,0.4732955326731833,0,1,0,0,0,1,3,-0.10965687946743427,-0.7793071596765618
1,0,1,-0.62591876415828,1,0,0.174188007029819,0,0,1,1,0,0,3,-0.3465044586051077,-0.37787713780089016
1,0,0,-0.5037576729981889,1,0,-0.4240270442569095,0,0,1,1,0,0,0,-0.6881841357089272,-0.04108225128430352
0,0,1,1.247217966963116,1,1,-1.4875204687666492,0,0,1,0,0,1,1,-0.20907237754887012,2.04759495851013
1,0,0,1.6137012404433893,1,0,0.7391688888006183,0,1,0,1,0,0,2,1.6119205660837206,0.5589909880673685
1,0,0,0.7992939660427822,1,0,0.9053397363802652,0,0,1,1,0,0,2,1.1675043979823185,-0.042334773605739597
0,0,1,1.0843365120829946,1,0,-1.4875204687666492,0,1,0,1,0,0,1,-0.32701938848385226,1.857086597202075
1,0,1,-0.0965540357978854,1,1,-0.0252170100657571,0,0,1,1,0,0,3,-0.10777921825130328,0.13747515366201152
0,1,0,-0.5444780367182193,1,0,1.0050422449280532,0,1,0,1,0,0,3,0.3348521233456778,-1.2370415537011916
1,0,1,0.5956921474426305,1,1,1.6032572962147815,0,1,0,0,0,1,2,1.5028393052115947,-0.5900649673817933
1,0,0,0.4328106925625091,0,0,-0.6899004003843444,0,1,0,1,0,0,1,-0.2806976451938704,0.7885521137254949
1,0,0,1.002895784642934,0,1,-0.2246220271613333,0,1,0,0,0,1,1,0.4409754447990114,0.8632497872136631
1,0,0,1.0843365120829946,1,1,-0.3575587052250508,0,0,1,0,1,0,1,0.45450330171939124,1.0366347237403353
0,0,0,-0.8295205827584317,1,1,0.6727005497687596,0,0,1,1,0,0,3,-0.13538312451469467,-1.0281696426210238
1,0,0,0.4328106925625091,1,0,-0.291090366193192,0,0,1,1,0,0,1,0.06478211537557486,0.5217893904330844
1,0,0,1.2879383306831464,1,1,0.7391688888006183,0,0,1,1,0,0,2,1.401040270067915,0.4218046689855325
1,0,1,-1.0738427650786138,1,1,-1.4875204687666492,0,1,0,0,1,0,0,-1.8683033491514003,0.38136966797985594
1,1,0,-1.2774445836787656,1,1,0.174188007029819,1,1,0,0,0,1,3,-0.7763415715884856,-1.166916085258107
1,0,1,-0.62591876415828,1,0,-1.3213496211870024,0,0,1,1,0,0,0,-1.402522426797982,0.6471626660826008
0,1,0,1.125056875803025,1,0,1.3706181096032763,1,1,0,1,0,0,2,1.7679036522539604,-0.32180519000752006
1,0,1,1.6137012404433893,1,1,1.6364914657307112,0,1,0,0,1,0,2,2.2289255101249728,0.11683172414389076
1,0,0,-1.1145631287986442,0,0,-0.7231345699002738,1,1,0,1,0,0,0,-1.3931092118195885,-0.2691683133640738
0,0,1,1.3286586944031769,1,0,1.4703206181510644,0,1,0,0,1,0,2,1.904646466776848,0.005695902511374938
1,0,0,-1.0738427650786138,1,0,-0.1913878576454039,0,1,0,0,0,1,3,-0.951531843628909,-0.6933783388265208
1,0,0,-1.1552834925186746,1,1,0.3071246850935365,1,0,1,0,0,1,3,-0.6384675448787938,-1.001639473157541
0,0,1,-0.5037576729981889,1,0,1.3706181096032763,1,1,0,0,1,0,3,0.544705728635101,-1.2055065059029035
0,0,0,1.1657772395230557,1,1,-1.3545837907029317,0,0,1,0,0,1,1,-0.17775877467642032,1.7410883414236942
0,1,0,1.3286586944031769,1,1,1.3373839400873468,1,1,0,0,0,1,2,1.8796628447967731,-0.16133526095949027
0,0,0,1.6137012404433893,1,0,1.7029598047625698,0,0,1,1,0,0,2,2.3044879827751465,-0.03729287269011745
0,1,0,-0.9924020376385532,1,1,1.3706181096032763,1,0,1,1,0,0,3,0.2961402502039823,-1.7100957178660927
0,0,0,-0.8295205827584317,1,0,0.3071246850935365,1,1,0,1,0,0,3,-0.4118920278815423,-0.8678915306503069
0,1,0,0.4328106925625091,1,0,1.437086448635135,1,1,0,0,1,0,2,1.2988367817633018,-0.84543855480828
0,1,0,-0.0965540357978854,0,0,-0.8228370784480619,1,0,1,0,1,0,0,-0.7105779442011635,0.48978739470427485
1,0,0,1.0436161483629645,1,0,0.5397638717050421,0,1,0,1,0,0,2,1.0699280911319797,0.29758435003499345
0,0,0,0.5549717837226001,1,0,0.2074221765457484,0,1,0,0,0,1,2,0.47697563420680666,0.1536912410535186
1,0,0,-0.3408762181180675,1,0,0.971808075412124,0,1,0,1,0,0,3,0.40068118485624227,-0.9653006031214534
1,0,1,0.6771328748826912,0,0,-0.4240270442569095,1,0,1,1,0,0,1,0.09559646702435444,1.0167028104937528
1,1,0,-1.1552834925186746,1,0,0.2074221765457484,0,1,0,0,0,1,3,-0.673899194092708,-1.113428080168676
1,0,1,-0.9109613101984924,1,0,-0.4904953832887682,0,1,0,0,1,0,0,-1.0566596245921658,-0.1972893473147443
1,0,1,0.880734693482843,1,1,-0.3243245357091214,1,0,1,1,0,0,1,0.368771609583307,1.0249035919532934
0,0,0,0.7178532386027215,0,0,-0.8228370784480619,0,1,0,1,0,0,1,-0.1733255522412504,1.0617521339593343
0,0,1,0.6364125111626608,1,1,0.5729980412209714,1,1,0,0,0,1,2,0.8046620118801942,0.12755381580349454
0,0,0,-0.0965540357978854,1,1,0.6727005497687596,1,0,1,1,0,0,3,0.38043269159019394,-0.5163542844850862
0,0,1,-1.1960038562387048,1,0,-0.0252170100657571,0,1,0,0,1,0,3,-0.9280704235550874,-0.7321838605178085
0,0,1,-1.2774445836787656,1,0,-1.4875204687666492,1,0,1,1,0,0,0,-1.977715387050339,0.28915505767348615
0,0,1,0.6364125111626608,0,0,-0.6234320613524857,0,0,1,1,0,0,1,-0.07321704576710396,1.107986662839775
0,0,0,-0.1372743995179157,1,0,0.0412513289661016,0,1,0,0,1,0,3,-0.1413107942169387,-0.19697592922018642
0,0,0,-0.748079855318371,1,0,-0.1913878576454039,0,1,0,1,0,0,3,-0.7065851488230681,-0.46934322289626124
0,1,0,0.6771328748826912,1,0,1.2376814315395588,0,0,1,1,0,0,2,1.3701917985664276,-0.4622153118359609
0,0,1,1.4915401492832985,1,0,-1.5207546382825785,0,1,0,1,0,0,1,-0.06392211216319978,2.164207125141674
0,0,1,1.6137012404433893,0,0,-0.3575587052250508,0,1,0,0,1,0,1,0.7620550961909346,1.5322316921436412
0,0,1,1.369379058123207,1,0,-0.2246220271613333,0,1,0,1,0,0,1,0.7653241575864758,1.1905367354199916
1,0,1,0.8400143297628127,1,0,1.0382764144439829,0,1,0,0,1,0,2,1.2550520813666735,-0.022437791293128374
1,1,0,-0.7073594915983407,1,1,0.7059347192846889,1,0,1,1,0,0,3,0.02674865340785386,-1.038529230811896
1,0,0,-0.2187151269579764,1,1,-0.4904953832887682,0,0,1,1,0,0,0,-0.5275292368840527,0.21255027156586412
0,0,0,1.6137012404433893,1,0,0.2738905155776072,0,1,0,0,1,0,2,1.255185339308076,0.8662434568337886
1,0,0,-0.4630373092781585,1,1,-0.3243245357091214,0,1,0,0,0,1,0,-0.6085596028993226,-0.16671499885444785
1,0,0,0.9214550572028734,1,0,-0.1913878576454039,0,1,0,1,0,0,1,0.4676833373313154,0.713412361133155
0,1,0,-1.0738427650786138,1,0,0.3071246850935365,1,1,0,1,0,0,3,-0.5304899067756387,-1.1283340705426286
0,0,0,-0.5851984004382496,0,0,-0.8228370784480619,0,0,1,0,1,0,0,-1.107795881411956,0.23841457646065878
1,0,0,-1.1960038562387048,1,1,0.174188007029819,0,0,1,0,0,1,3,-0.7609922429462096,-0.9389590104865607
1,0,1,0.9214550572028734,1,1,-0.1913878576454039,0,0,1,1,0,0,1,0.4912963076507231,0.962223129282313
1,0,0,-1.1552834925186746,1,1,0.3403588546094659,1,0,1,1,0,0,3,-0.5999505751331473,-1.0109025770986624
0,1,0,-0.9109613101984924,0,0,-0.9890079260277088,1,1,0,1,0,0,0,-1.3835775246882338,-0.051559437536037374
0,1,0,1.5322605130033284,1,1,0.8721055668643357,0,0,1,1,0,0,2,1.7208331829454184,0.3945037836744122
0,0,0,0.7178532386027215,1,0,-1.4875204687666492,0,1,0,1,0,0,1,-0.590169089047115,1.4426553234079733
1,0,1,1.6137012404433893,1,0,-1.3545837907029317,0,1,0,1,0,0,1,0.13873720312451532,2.1525703082303886
0,0,1,0.4735310562825394,1,0,0.4400613631572539,0,1,0,1,0,0,2,0.6042239237662225,0.10941138486118263
1,0,0,-1.0738427650786138,1,0,-0.4904953832887682,0,1,0,1,0,0,0,-1.1476855334816791,-0.4748548196824219
1,0,0,-0.3001558543980371,1,0,-1.45428629925072,0,1,0,0,0,1,0,-1.2988080997699534,0.7124603735963616
1,0,0,-1.0738427650786138,1,1,-1.45428629925072,0,1,0,1,0,0,0,-1.8212364551688747,0.19476227955608702
1,0,0,-1.2774445836787656,1,0,-0.6566662308684151,1,1,0,1,0,0,0,-1.4083030344211342,-0.50313244095535
0,0,0,0.8400143297628127,1,0,1.3706181096032763,1,1,0,1,0,0,2,1.5139678861834147,-0.4310070754355979
0,0,0,-0.748079855318371,1,0,1.3706181096032763,1,1,0,1,0,0,3,0.3963669512894892,-1.5399403513967964
1,0,1,1.369379058123207,0,1,-0.3243245357091214,0,0,1,0,1,0,1,0.6313094173954283,1.446089018821501
1,0,0,1.4508197855632678,1,0,1.1712130925077,0,1,0,1,0,0,2,1.8023666866494645,0.14913163180415162
0,0,0,-0.1779947632379461,1,0,-0.3243245357091214,0,1,0,1,0,0,3,-0.3992633334697436,0.01985003822133397
0,0,1,-1.1960038562387048,0,0,-1.1551787736073555,1,0,1,1,0,0,0,-1.7382296413867924,0.1929068644362828
0,0,0,-0.3408762181180675,1,1,1.0050422449280532,0,1,0,0,1,0,3,0.40294593862643435,-0.9906921766914935
0,0,0,-0.9516816739185228,0,0,-0.7896029089321326,0,1,0,0,1,0,0,-1.3536139101649358,-0.12152304604748732
0,0,0,0.9621754209229036,1,0,1.3373839400873468,0,0,1,1,0,0,2,1.587847309568098,-0.24167457230609762
1,0,1,-0.4630373092781585,1,1,-0.6234320613524857,0,1,0,0,1,0,0,-0.828313120774777,0.21563724640489812
1,1,0,-0.6666391278783103,1,0,0.7391688888006183,1,1,0,1,0,0,3,0.06050097578715562,-1.1231608799803359
1,0,1,1.6137012404433893,1,0,-1.3213496211870024,0,1,0,1,0,0,1,0.16220426908435687,2.129791645921867
1,0,0,-1.2774445836787656,1,0,-0.6566662308684151,0,1,0,0,1,0,0,-1.4371446549546367,-0.4978273095662357
0,0,1,-0.0151133083578247,1,0,1.1379789229917707,0,1,0,1,0,0,3,0.7531550981863047,-0.7101507623750718
0,0,0,-1.2774445836787656,1,0,-1.4875204687666492,0,1,0,0,1,0,0,-2.023175986755037,0.05468531320481241
0,0,0,-0.3001558543980371,1,1,-1.5207546382825785,0,0,1,1,0,0,0,-1.3116758328996017,0.8448664950618291
0,0,1,-0.62591876415828,1,0,-0.0916853490976158,0,1,0,1,0,0,3,-0.544972855748577,-0.2938530554063717
1,0,0,0.0256070553622056,1,0,1.0382764144439829,1,0,1,1,0,0,3,0.7169004114887472,-0.6736989675388735
1,0,1,-0.748079855318371,1,0,0.1409538375138897,0,0,1,0,0,1,3,-0.4709907310349021,-0.4539165935490919
0,0,0,1.6137012404433893,0,1,0.0412513289661016,0,1,0,0,0,1,2,1.059203803094126,1.0905793522500995
1,0,0,0.5956921474426305,1,0,1.270915601055488,0,1,0,1,0,0,2,1.2709827657399526,-0.5163222729466753
0,0,0,0.2699292376823877,1,1,1.3373839400873468,1,0,1,1,0,0,2,1.1076819188394709,-0.7160198515875579
0,0,0,-1.0738427650786138,1,1,-1.45428629925072,0,0,1,1,0,0,0,-1.8092139513128564,0.2590596257457397
0,0,1,-0.8702409464784621,1,1,-1.45428629925072,0,1,0,0,0,1,0,-1.6871170781079732,0.46498731378835484
0,1,0,-0.5037576729981889,1,1,0.8721055668643357,0,1,0,0,1,0,3,0.24779266434907032,-1.1031516942235116
1,0,1,1.2064976032430856,1,0,1.3706181096032763,0,1,0,1,0,0,2,1.7764722695510364,0.0003781333005061574
1,0,0,-1.2774445836787656,0,0,-1.3545837907029317,1,0,1,1,0,0,0,-1.9422320153084003,0.1311408053770691
1,0,1,0.0663274190822359,0,1,-0.7896029089321326,0,0,1,1,0,0,1,-0.5853937808064322,0.8497911897322502
1,0,1,-0.1779947632379461,1,0,0.6727005497687596,0,0,1,1,0,0,3,0.32072230730106027,-0.4067810202345364
1,0,1,0.3920903288424788,0,0,-0.6566662308684151,0,1,0,1,0,0,1,-0.2806452209512599,0.8958628595799981
0,1,0,-0.3408762181180675,0,0,-0.7896029089321326,1,1,0,0,1,0,0,-0.8704266702699953,0.21515233188545174
0,0,0,0.9214550572028734,1,0,0.2738905155776072,0,1,0,1,0,0,2,0.7968675779647393,0.37755715387184435
1,0,0,0.1477681465222966,1,1,0.6727005497687596,1,0,1,1,0,0,3,0.5517259797628492,-0.3287952301644379
1,0,0,-0.3408762181180675,1,0,-0.291090366193192,1,0,1,0,1,0,0,-0.5085317554908658,-0.01315502287684684
0,0,0,-0.3001558543980371,1,1,0.0412513289661016,0,1,0,1,0,0,3,-0.22010091944742127,-0.30698191457036117
0,0,1,0.0256070553622056,1,1,-1.4875204687666492,0,1,0,0,0,1,1,-1.0801425910507287,1.1133180804852452
0,1,0,-1.2774445836787656,1,1,0.4400613631572539,1,1,0,0,1,0,3,-0.6017514434618093,-1.3472786289117706
1,0,1,0.2699292376823877,1,0,1.2044472620236295,0,1,0,0,0,1,2,0.984989048720888,-0.5532304044757607
1,0,0,0.9214550572028734,0,0,-0.3243245357091214,1,0,1,1,0,0,1,0.3326944777613574,0.9604483482206997
0,0,1,1.5322605130033284,1,0,0.3071246850935365,0,0,1,0,1,0,2,1.2379585159830144,1.026371297256839
0,0,0,-1.1552834925186746,1,0,0.1409538375138897,1,1,0,1,0,0,3,-0.7584788315051456,-0.9814717116125583
1,0,0,-1.0331224013585834,1,1,0.6727005497687596,1,0,1,1,0,0,3,-0.27931061285058256,-1.1533866404945596
0,0,1,0.880734693482843,1,0,-1.4875204687666492,0,1,0,1,0,0,1,-0.4703015596240991,1.7149156643865369
0,0,1,-0.055833672077855,1,0,1.3041497705714176,1,1,0,0,1,0,3,0.8129923732239609,-0.8471731290916753
0,1,1,1.125056875803025,1,0,0.3403588546094659,0,1,0,1,0,0,2,1.0456664000096876,0.5428569362827954
1,1,0,1.3286586944031769,1,0,0.2074221765457484,0,0,1,0,1,0,2,1.0717287637309831,0.7211292710690611
0,0,0,-0.8295205827584317,1,0,-1.4875204687666492,0,1,0,0,0,1,0,-1.694163493498796,0.34864067564248175
0,0,0,-1.0331224013585834,1,0,-1.5207546382825785,0,0,1,0,1,0,0,-1.863327260686205,0.3293203760236355
0,1,0,0.4735310562825394,1,0,0.6727005497687596,0,1,0,0,0,1,2,0.8015424156626909,-0.31191582490568087
1,1,0,-1.0331224013585834,1,0,0.805637227832477,0,0,1,1,0,0,3,-0.13909561368522821,-1.3433746025336935
1,0,0,-0.8295205827584317,1,0,-1.3213496211870024,0,1,0,0,0,1,0,-1.5774734808952287,0.25170129904187405
1,0,0,1.2064976032430856,1,0,-0.1581536881294745,0,1,0,0,1,0,1,0.6629038223539999,0.8949781361555006
1,0,1,-1.1552834925186746,1,0,-1.4875204687666492,0,1,0,1,0,0,0,-1.903768588222209,0.3101602711731563
0,0,0,-1.1145631287986442,1,1,-0.0252170100657571,0,1,0,0,0,1,3,-0.8552136397138969,-0.843623879582871
0,0,0,-1.2367242199587352,1,0,0.3735930241253952,1,1,0,0,1,0,3,-0.6803638587758554,-1.1924855895093132
1,0,0,-1.2774445836787656,1,1,0.174188007029819,1,0,1,0,0,1,3,-0.8183051114023084,-0.9958273836127761
0,0,1,0.3106496014024181,1,0,0.2074221765457484,0,1,0,1,0,0,2,0.3253287251351335,0.15512527476840623
0,0,0,-1.2774445836787656,0,1,-0.9557737565117794,0,0,1,0,1,0,0,-1.6818295359799498,-0.14481605358671323
1,0,1,-0.3001558543980371,1,1,-1.4875204687666492,0,0,1,1,0,0,0,-1.2836122916245827,0.9975653624214423
1,0,0,-1.0738427650786138,1,0,-0.291090366193192,0,0,1,1,0,0,0,-0.9955059510622519,-0.5302755124018989
1,0,0,0.3513699651224484,1,1,0.3071246850935365,0,0,1,1,0,0,2,0.436870425344838,0.06394098804484272
1,0,1,-0.9516816739185228,1,0,-0.4904953832887682,0,1,0,1,0,0,0,-1.0564744382867126,-0.2310286652669662
1,1,0,-1.2774445836787656,1,1,0.3403588546094659,1,0,1,1,0,0,3,-0.6325791513430953,-1.1860425573016613
0,0,0,-0.4223169455581282,1,1,0.3735930241253952,0,1,0,0,0,1,3,-0.08644946631895786,-0.6335866557123051
0,0,0,0.2292088739623573,1,1,0.805637227832477,0,0,1,1,0,0,2,0.7035524292539556,-0.3799954412143131
1,0,0,-0.3815965818380978,1,0,1.1379789229917707,1,1,0,1,0,0,3,0.4893600804274011,-1.107628101227171
1,0,1,1.125056875803025,1,0,0.4068271936413246,0,0,1,1,0,0,2,1.0499916749199072,0.6853422482530848
0,0,0,0.5956921474426305,1,0,0.0412513289661016,0,1,0,1,0,0,2,0.4033466424214527,0.30953429752663714
0,0,1,1.6137012404433893,1,1,0.9385739058961944,0,0,1,1,0,0,2,1.7769812493578188,0.654175847423392
1,0,1,1.5322605130033284,1,0,1.3706181096032763,0,1,0,0,1,0,2,1.9768821228419289,0.23315675719448153
1,0,0,-1.2774445836787656,1,1,0.2074221765457484,0,0,1,0,0,1,3,-0.7948380454424667,-1.018606045921298
0,0,1,-1.1552834925186746,1,1,0.7059347192846889,1,0,1,1,0,0,3,-0.33592573986843,-1.1198982027082744
0,0,0,-0.9924020376385532,1,0,0.3735930241253952,0,1,0,1,0,0,3,-0.4795836328740567,-1.0271856015197816
1,0,1,1.5729808767233588,1,1,1.6364914657307112,0,1,0,0,0,1,2,2.214060792644621,0.06957684782426812
0,0,0,-1.2367242199587352,1,1,0.5065297021891128,1,0,1,1,0,0,3,-0.5392827965943967,-1.1986181967094902
1,0,1,0.0663274190822359,1,1,-1.4875204687666492,0,0,1,1,0,0,1,-1.0257043835721382,1.2534730414894113
1,0,0,0.3106496014024181,1,0,0.5065297021891128,0,1,0,1,0,0,2,0.5306452090672492,-0.1914523457924223
1,0,0,-0.5037576729981889,1,0,-1.5207546382825785,0,1,0,0,0,1,0,-1.4890244028298836,0.6158467653978673
0,0,0,-0.2187151269579764,1,0,0.805637227832477,0,0,1,1,0,0,3,0.3813376615972002,-0.7018073856998673
1,0,0,-0.0965540357978854,1,0,1.071510583959912,0,1,0,0,0,1,3,0.6279710843182585,-0.8765470290357741
0,0,0,-0.9516816739185228,1,1,0.1409538375138897,0,0,1,0,1,0,3,-0.625667103089812,-0.7437084739848803
0,0,0,-1.1960038562387048,1,0,1.0050422449280532,0,1,0,0,0,1,3,-0.19204145456311686,-1.6156666765646388
1,0,0,-0.8295205827584317,1,1,-1.3213496211870024,0,0,1,1,0,0,0,-1.5440523993008346,0.35550403083230003
0,0,0,1.5729808767233588,1,1,0.7059347192846889,0,0,1,1,0,0,2,1.5788135609000598,0.6266687022938054
0,0,1,-0.2187151269579764,1,0,-1.3545837907029317,0,0,1,1,0,0,0,-1.1387798332816887,0.937329259080197
0,0,1,0.3106496014024181,1,1,-0.0252170100657571,0,1,0,0,0,1,1,0.15300335077864946,0.31009624485202963
1,0,0,0.7992939660427822,0,0,-1.1551787736073555,0,1,0,0,0,1,1,-0.3663785643650139,1.3498455067453716
0,0,0,1.5322605130033284,1,1,1.0050422449280532,0,0,1,0,0,1,2,1.7463108165247803,0.37971099658659896
1,0,1,-1.1960038562387048,1,1,0.2074221765457484,0,0,1,1,0,0,3,-0.7172334806897448,-0.7896985197015493
1,0,1,-0.9109613101984924,1,0,-1.3545837907029317,0,1,0,1,0,0,0,-1.637961719014546,0.3896507413177141
1,0,0,-1.0331224013585834,1,0,-1.5207546382825785,1,1,0,0,0,1,0,-1.8615580477945253,0.2462023400774679
1,0,0,1.1657772395230557,1,0,1.0382764144439829,0,1,0,1,0,0,2,1.5079033832137527,0.041206975096486034
0,0,0,-1.0331224013585834,1,0,-0.0584511795816865,0,0,1,1,0,0,3,-0.8019347379196701,-0.6782458969404478
1,0,1,1.6137012404433893,1,0,1.3373839400873468,0,1,0,0,0,1,2,2.0245196420858833,0.29398310287270407
1,0,0,-1.2774445836787656,1,0,-0.1581536881294745,1,1,0,0,0,1,3,-1.0713469488093141,-0.8583279339505813
1,1,0,-1.1960038562387048,1,0,0.4068271936413246,1,1,0,1,0,0,3,-0.5467033287759028,-1.265018682215515
1,0,1,-0.3001558543980371,1,0,-1.288115451671073,0,1,0,1,0,0,0,-1.1611810736741222,0.770606215147285
0,0,1,-1.2774445836787656,0,0,-1.1551787736073555,1,1,0,1,0,0,0,-1.8069196965032681,0.05478721017841219
0,0,1,0.0256070553622056,1,1,0.4732955326731833,0,0,1,0,0,1,3,0.3157914872403056,-0.14937171458589907
0,1,0,-0.0151133083578247,1,0,0.5065297021891128,0,1,0,0,0,1,3,0.3403298751268903,-0.5392327521203625
1,0,1,0.7992939660427822,1,1,-1.3213496211870024,0,0,1,1,0,0,1,-0.3925532376680411,1.651395088082739
0,1,0,-0.1779947632379461,1,1,1.2044472620236295,1,0,1,0,0,1,3,0.7368837011799567,-1.0410342334287304
0,1,0,-0.6666391278783103,1,0,0.6727005497687596,1,1,0,0,0,1,3,-0.0008377427226914924,-1.1080730486726948
1,0,1,-0.2594354906780068,1,0,0.4732955326731833,0,1,0,0,1,0,3,0.08238823589203186,-0.4029235692521605
1,0,0,-1.2774445836787656,1,1,0.4732955326731833,1,1,0,0,0,1,3,-0.6184787044241107,-1.2820866255211294
1,0,1,1.0436161483629645,1,1,0.5729980412209714,0,0,1,1,0,0,2,1.1170081274112287,0.5236164558756294
0,1,0,1.125056875803025,1,1,1.3706181096032763,0,1,0,0,1,0,2,1.7460560228686701,-0.3074641663270358
1,0,0,-0.0151133083578247,1,1,0.8721055668643357,0,0,1,1,0,0,3,0.5779026386097016,-0.5792039502680005
0,0,0,-0.5851984004382496,1,1,-1.4875204687666492,0,0,1,0,1,0,0,-1.5176454270696085,0.6283536582006677
1,0,0,-1.2774445836787656,1,0,1.0050422449280532,1,0,1,1,0,0,3,-0.22357254976867474,-1.560814275249796
0,1,1,0.6364125111626608,0,0,-1.1551787736073555,0,1,0,0,0,1,1,-0.4217764650965522,1.2878409997633955
1,1,1,0.758573602322752,1,1,0.6394663802528302,1,1,0,0,0,1,2,0.9902608557625848,0.0944155653041002
0,0,0,1.6137012404433893,0,0,-0.3575587052250508,1,1,0,1,0,0,1,0.7856549242136189,1.3684029660283943
1,0,0,-0.3815965818380978,1,0,0.5397638717050421,1,1,0,1,0,0,3,0.06695289315025148,-0.6976121796737745
1,1,0,-0.8702409464784621,1,0,-1.4875204687666492,1,1,0,0,0,1,0,-1.6701245184482865,0.24732300350770078
1,1,0,0.7992939660427822,1,1,1.3041497705714176,1,1,0,1,0,0,2,1.4980667204624534,-0.4777315306619648
0,0,0,0.3513699651224484,1,0,-0.4904953832887682,0,1,0,0,1,0,1,-0.17290663883781254,0.5086929064734578
0,0,0,1.247217966963116,1,0,0.5729980412209714,0,0,1,1,0,0,2,1.248699832088086,0.4812739667316625
1,0,0,1.1657772395230557,1,0,1.3706181096032763,0,0,1,1,0,0,2,1.753951229472546,-0.10532836685707889
0,0,0,-0.8295205827584317,1,0,0.805637227832477,0,1,0,0,0,1,3,-0.07493594226972233,-1.223087023645538
0,0,0,-1.2774445836787656,1,1,0.8721055668643357,1,0,1,1,0,0,3,-0.30980150526418804,-1.4776176686663403
0,0,0,-0.748079855318371,1,1,0.5065297021891128,0,0,1,0,0,1,3,-0.2104554896436091,-0.8709235163195993
1,0,0,1.4915401492832985,1,1,-1.3545837907029317,0,0,1,0,1,0,1,0.03705566520463589,2.0043364586270727
0,1,0,-0.7888002190384014,1,0,1.2044472620236295,1,1,0,0,0,1,3,0.2886660099506267,-1.5578342052983705
1,0,1,-0.9516816739185228,1,0,1.2376814315395588,0,0,1,0,1,0,3,0.14634855775192745,-1.3289626927893419
1,0,1,-0.4223169455581282,1,1,-1.4875204687666492,0,0,1,0,0,1,0,-1.3846314980945358,0.8987472443647185
0,0,1,-1.2774445836787656,1,1,-1.4875204687666492,1,1,0,0,1,0,0,-2.0109402030960064,0.2222448002223152
1,1,0,-1.2774445836787656,0,0,-0.7231345699002738,1,1,0,1,0,0,0,-1.454394222257586,-0.4727424801301802
0,0,0,1.5729808767233588,1,1,0.971808075412124,1,1,0,0,0,1,2,1.7401229981326114,0.3496725643265733
0,0,1,0.3920903288424788,1,0,-1.3878179602188612,0,1,0,1,0,0,1,-0.7437775724811667,1.3053694387036787
1,0,0,-1.2774445836787656,1,1,0.3403588546094659,1,0,1,0,0,1,3,-0.7009697816031001,-1.1097206951553862
0,1,0,0.3920903288424788,1,1,0.6727005497687596,1,1,0,0,0,1,2,0.7512235383548045,-0.359748305740526
0,0,1,-0.9924020376385532,1,1,-0.291090366193192,0,1,0,0,0,1,0,-0.9517390721976636,-0.41756842669923905
1,1,0,1.3286586944031769,1,0,1.2044472620236295,0,1,0,1,0,0,2,1.793205176399358,-0.04878701070736919
1,0,0,-0.5037576729981889,1,0,0.1409538375138897,0,0,1,0,1,0,3,-0.318085634925122,-0.42301437914006373
0,0,0,-1.2774445836787656,1,0,0.5729980412209714,1,1,0,0,1,0,3,-0.5682178972448549,-1.357591749923553
1,0,1,0.3920903288424788,1,0,0.1409538375138897,0,0,1,1,0,0,2,0.34643933113628517,0.3557561885853232
1,0,1,0.758573602322752,1,0,-1.3545837907029317,0,0,1,1,0,0,1,-0.45167072900414434,1.6367036715367833
1,0,0,0.4328106925625091,1,0,0.5065297021891128,0,0,1,1,0,0,2,0.6279916984117744,-0.02489850497144422
0,0,0,0.5549717837226001,1,0,0.971808075412124,0,0,1,1,0,0,2,1.0431452417293465,-0.27545115254343217
1,0,0,0.7992939660427822,1,0,0.805637227832477,0,1,0,0,0,1,2,1.0706761096566118,-0.0687656261792294
0,0,0,-0.9109613101984924,1,1,-1.4875204687666492,0,1,0,0,0,1,0,-1.7444823708066826,0.3008081948076365
1,1,0,0.1070477828022663,1,0,0.8721055668643357,0,0,1,1,0,0,3,0.7102186766198375,-0.5927747033837235
1,0,1,1.369379058123207,1,0,0.0412513289661016,0,1,0,1,0,0,2,0.9524153680695681,1.025261371893818
0,0,1,0.7992939660427822,1,0,1.0382764144439829,0,1,0,0,0,1,2,1.2408326810819625,-0.08664660255475351
1,0,0,0.5549717837226001,1,0,1.4703206181510644,0,1,0,1,0,0,2,1.3831287272709532,-0.6814284333609152
1,0,1,0.7178532386027215,1,1,0.174188007029819,0,0,1,1,0,0,2,0.6061518620687342,0.5694869110730325
1,0,0,-0.7888002190384014,1,0,1.2376814315395588,1,0,1,1,0,0,3,0.2845741226868093,-1.3790546726521582
0,1,0,-0.2187151269579764,1,1,0.4400613631572539,1,1,0,1,0,0,3,0.17215746700097712,-0.6132949096600859
1,0,0,-0.4223169455581282,1,1,1.2044472620236295,0,0,1,0,0,1,3,0.5109590521418196,-1.104847997351698
1,0,0,-0.2594354906780068,1,0,-0.6566662308684151,0,1,0,0,0,1,0,-0.7069420825057046,0.1942066647549407
1,1,0,0.5142514200025698,1,1,0.971808075412124,0,0,1,1,0,0,2,1.0741782079280682,-0.36773293238684296
0,0,0,-0.6666391278783103,1,1,-1.5207546382825785,0,0,1,1,0,0,0,-1.569583740952046,0.5889588159938602
1,0,0,0.6771328748826912,1,0,1.4038522791192056,0,1,0,1,0,0,2,1.4221638980354179,-0.5505685490545481
0,0,1,-0.748079855318371,1,1,-1.288115451671073,0,0,1,1,0,0,0,-1.4573853551784353,0.5311634014341235
1,1,0,-0.62591876415828,1,1,-0.6566662308684151,1,0,1,1,0,0,0,-0.8780881824895548,-0.04773570303627798
0,0,1,1.6137012404433893,1,0,-1.3545837907029317,0,1,0,1,0,0,1,0.1393825203201564,2.1356163732883866
1,0,0,0.6771328748826912,1,1,1.0050422449280532,0,0,1,1,0,0,2,1.1589302843259073,-0.18693742792925855
0,0,0,1.4100994218432374,1,1,-1.45428629925072,0,1,0,0,0,1,1,-0.08759855384802664,1.8987781665962509
0,0,0,-0.1372743995179157,0,0,-1.1219446040914265,0,1,0,1,0,0,0,-0.9863142646688623,0.6696421769107719
1,0,1,-0.7888002190384014,1,0,1.071510583959912,0,1,0,1,0,0,3,0.16110339873804225,-1.1878890475150707
0,0,1,1.6137012404433893,1,0,1.5035547876669937,0,1,0,0,0,1,2,2.1425002890807328,0.16313585638809147
1,0,0,1.0436161483629645,1,1,-0.4904953832887682,0,0,1,0,0,1,1,0.3457703203996733,1.080494496654801
0,1,0,-1.2774445836787656,1,1,0.2406563460616778,0,0,1,1,0,0,3,-0.7023350320269793,-1.1346605053180974
1,1,0,-1.1145631287986442,1,1,-1.4875204687666492,0,1,0,0,0,1,0,-1.8350691326683704,0.08575377642042484
0,0,1,0.0663274190822359,1,0,1.7029598047625698,0,0,1,1,0,0,2,1.220785274620088,-0.9592683673620755
0,0,1,1.6137012404433893,1,1,1.7694281437944286,0,0,1,0,0,1,2,2.3486079945680554,0.07119373134294052
1,1,0,0.758573602322752,1,0,0.971808075412124,0,1,0,1,0,0,2,1.2277456354877754,-0.28741498643122226
0,0,1,-1.1552834925186746,1,1,-0.291090366193192,1,0,1,1,0,0,0,-1.0399377186636793,-0.43653833345261384
1,0,0,-1.1552834925186746,1,0,0.7059347192846889,1,1,0,1,0,0,3,-0.36018402738347866,-1.35175503591543
0,1,0,-0.3408762181180675,1,0,0.971808075412124,1,1,0,1,0,0,3,0.4546672285260832,-1.0720919585771314
0,1,0,-0.055833672077855,0,1,-0.4904953832887682,0,0,1,0,0,1,0,-0.4264651424787875,0.28065016071701737
1,0,0,-1.2774445836787656,1,1,-0.3575587052250508,1,0,1,0,0,1,0,-1.1937781667597747,-0.6313687866764238
1,1,0,-1.2774445836787656,1,0,-0.6566662308684151,1,1,0,0,1,0,0,-1.3838039284804367,-0.5876647300799116
0,0,1,0.0663274190822359,1,1,0.1077196679979603,0,1,0,0,1,0,3,0.061141292502021896,0.0671971659958106
0,1,0,-0.4223169455581282,1,0,0.3071246850935365,1,0,1,1,0,0,3,-0.06060977246647148,-0.5921358044012509
0,1,0,-1.1552834925186746,1,0,-1.4875204687666492,0,1,0,1,0,0,0,-1.8550243370631865,0.04484532099134536
1,0,0,1.6137012404433893,1,1,1.2044472620236295,0,1,0,0,0,1,2,1.9324035768839107,0.2356100496720294
1,0,0,-0.9924020376385532,1,0,-1.4875204687666492,0,0,1,1,0,0,0,-1.7830074571604528,0.3466247038311093
0,0,0,-1.2774445836787656,1,1,0.5065297021891128,1,0,1,1,0,0,3,-0.5679392308224461,-1.227052383272598
0,0,0,-1.2774445836787656,1,1,-1.288115451671073,0,1,0,0,0,1,0,-1.861587883100077,-0.09177145811146459
0,0,0,-0.9516816739185228,1,0,0.8721055668643357,1,1,0,0,1,0,3,-0.12776282978188516,-1.33512621819539
1,1,0,0.0256070553622056,1,1,1.2044472620236295,0,1,0,0,1,0,3,0.8543516517164876,-0.94433995704633
1,0,1,0.8400143297628127,1,0,1.3373839400873468,0,0,1,1,0,0,2,1.5064744821991274,-0.15149960232728538
1,0,0,1.002895784642934,1,0,0.7391688888006183,0,0,1,1,0,0,2,1.193451239323357,0.2137294707524089
0,0,0,1.125056875803025,1,0,0.4732955326731833,0,1,0,1,0,0,2,1.0809521448640358,0.3830561128362504
1,0,0,1.6137012404433893,0,1,0.0080171594501722,0,0,1,1,0,0,1,1.0615185103848253,1.22507878899968
1,1,0,-0.0151133083578247,1,0,0.971808075412124,0,1,0,0,0,1,3,0.6682234813690324,-0.8411800894976684
1,1,0,0.6364125111626608,1,0,1.1379789229917707,0,1,0,0,1,0,2,1.2302700420693329,-0.48130572627404106
0,0,1,-0.4223169455581282,1,0,-1.5207546382825785,0,1,0,1,0,0,0,-1.4107745208815208,0.8278003566756136
0,0,1,1.3286586944031769,0,1,-0.6566662308684151,0,1,0,1,0,0,1,0.38609207463772904,1.541931107880842
0,0,0,1.3286586944031769,1,1,-0.1913878576454039,0,0,1,1,0,0,1,0.7732641746160395,1.0710874652452544
0,1,0,1.369379058123207,1,0,1.2044472620236295,0,1,0,0,1,0,2,1.7936653072895459,-0.03200162769714988
1,0,0,1.5729808767233588,1,1,1.3373839400873468,0,1,0,1,0,0,2,2.012665310281033,0.1295767722422344
1,0,0,-0.62591876415828,1,1,0.174188007029819,1,0,1,0,1,0,3,-0.37359388050121634,-0.5220597088465386
1,1,0,-1.2367242199587352,1,0,-0.6566662308684151,1,0,1,1,0,0,0,-1.3149286870585077,-0.48328439377426285
1,0,0,0.758573602322752,1,1,1.0382764144439829,0,0,1,1,0,0,2,1.239710218741848,-0.15284771711156547
1,0,0,-0.5037576729981889,1,1,0.2074221765457484,0,0,1,1,0,0,3,-0.23531589132372382,-0.46484094285485195
1,0,0,1.5729808767233588,1,1,1.5035547876669937,0,0,1,0,1,0,2,2.112536206207116,0.10223987322039368
1,0,1,1.4100994218432374,1,1,1.536788957182923,1,0,1,0,0,1,2,2.040411044513276,0.10542736962905894
0,1,0,-1.2774445836787656,1,0,0.3403588546094659,1,1,0,0,0,1,3,-0.6653549157418486,-1.3067992240340895
1,0,0,-0.6666391278783103,1,0,0.3403588546094659,0,0,1,1,0,0,3,-0.26306735554476696,-0.6787282306327408
0,1,0,0.9214550572028734,1,1,0.805637227832477,0,0,1,0,1,0,2,1.2152109170714924,0.01885344123395561
0,0,1,-1.0331224013585834,1,0,0.3735930241253952,0,0,1,1,0,0,3,-0.4916210879309105,-0.8158449122251011
0,0,1,0.4328106925625091,1,1,-0.0252170100657571,0,0,1,0,1,0,1,0.23655812337547688,0.4954707754295227
0,0,0,-1.2774445836787656,1,1,-0.3243245357091214,1,1,0,1,0,0,0,-1.1659930664788645,-0.7388371066912027
0,0,0,-1.1552834925186746,0,0,-1.3213496211870024,0,1,0,1,0,0,0,-1.8435275161291467,0.09545948668421245
1,1,0,1.6137012404433893,1,0,1.6364914657307112,0,1,0,1,0,0,2,2.298872073473645,-0.14587031477640183
0,1,0,0.6771328748826912,1,1,1.270915601055488,0,0,1,1,0,0,2,1.4006528556744817,-0.4759580818531129
1,0,0,0.8400143297628127,1,0,0.971808075412124,1,1,0,0,1,0,2,1.2028761569361717,-0.13540406140221695
0,0,0,1.125056875803025,0,1,-0.4904953832887682,0,1,0,0,0,1,1,0.3398535370000673,1.1138277104291598
0,1,0,1.4508197855632678,1,0,1.071510583959912,1,0,1,1,0,0,2,1.7973287191001577,0.19192754440569468
1,1,0,1.002895784642934,1,0,0.5065297021891128,0,1,0,0,0,1,2,1.0560954136324838,0.18857584689933138
0,0,0,-1.0331224013585834,1,0,0.5397638717050421,1,0,1,1,0,0,3,-0.3795275506425205,-1.088261818493844
0,0,1,-1.0331224013585834,1,0,0.1409538375138897,0,1,0,0,0,1,3,-0.682317640095984,-0.751161115564503
1,0,0,1.4508197855632678,1,0,-1.3545837907029317,0,1,0,1,0,0,1,0.01886967370149971,1.8803099672518255
1,0,1,-0.5444780367182193,1,0,1.1712130925077,1,1,0,1,0,0,3,0.40344320198586336,-1.0856199150619907
0,0,1,1.4100994218432374,1,0,1.3706181096032763,0,1,0,1,0,0,2,1.920399757886924,0.12559513117404195
1,0,1,1.4100994218432374,1,1,-0.1581536881294745,0,0,1,0,1,0,1,0.8297989638136545,1.285959837120197
1,0,0,0.1070477828022663,1,1,0.1409538375138897,0,1,0,1,0,0,3,0.13621930351695644,-0.07402210092284828
0,0,1,1.4100994218432374,1,1,1.4038522791192056,0,1,0,1,0,0,2,1.9508608149949782,0.11185236115689001
0,0,0,-0.8702409464784621,1,0,0.8388713973484064,1,0,1,1,0,0,3,-0.05369822009174817,-1.1795330330181117
1,1,0,0.9621754209229036,1,0,0.7059347192846889,0,0,1,1,0,0,2,1.1946684656096658,0.1182365259841476
1,0,0,-0.9924020376385532,0,1,-1.188412943123285,0,0,1,1,0,0,0,-1.6173076547646341,0.2253226920675827
0,0,1,-0.4223169455581282,1,0,-1.3213496211870024,0,1,0,0,0,1,0,-1.2850220289082757,0.6776128244570807
1,0,0,1.5729808767233588,1,0,0.6394663802528302,0,0,1,1,0,0,2,1.5242401206365235,0.6801440695614821
0,0,1,0.5549717837226001,0,1,-0.9890079260277088,0,0,1,0,1,0,1,-0.4105152691667512,1.316024598787786
0,0,0,1.369379058123207,1,0,1.3373839400873468,0,1,0,0,1,0,2,1.8341928446547124,-0.03327885641756217
1,0,0,-0.7073594915983407,1,0,-0.5237295528046976,0,1,0,0,0,1,0,-0.9282945951748811,-0.20968403667333166
1,0,0,-0.3001558543980371,1,0,1.0382764144439829,0,1,0,1,0,0,3,0.4762717510039751,-0.9824237411753899
1,0,0,-0.0151133083578247,1,0,-1.4875204687666492,0,1,0,0,1,0,0,-1.1354718428811472,0.9530990316031521
1,0,0,-0.9924020376385532,1,0,0.0744854984820309,0,1,0,0,0,1,3,-0.7064824474940772,-0.8187392641684818
1,0,0,-1.0738427650786138,1,0,-1.3213496211870024,0,1,0,1,0,0,0,-1.7343621824777202,0.09461173803062883
0,0,0,-1.1960038562387048,1,0,-0.6234320613524857,0,1,0,0,1,0,0,-1.3557194033430553,-0.4806915336905448
1,0,1,-0.8702409464784621,1,1,-0.1581536881294745,0,1,0,0,1,0,0,-0.7863385396174877,-0.3876058915454869
1,0,1,-0.7073594915983407,1,0,0.8721055668643357,0,1,0,0,0,1,3,0.06256396764928628,-1.0078642589051239
0,0,0,-0.3815965818380978,1,0,0.8388713973484064,1,1,0,1,0,0,3,0.27880180398446724,-0.9195740753924752
0,0,0,-1.2774445836787656,1,1,-0.6899004003843444,0,0,1,1,0,0,0,-1.4127536053767453,-0.4070205401658052
1,0,1,0.188488510242327,0,0,-0.8228370784480619,0,1,0,1,0,0,1,-0.541262721890715,0.8675852383070699
1,0,1,1.4915401492832985,1,1,0.5397638717050421,0,1,0,0,0,1,2,1.3823347475137486,0.76440433087928
0,0,1,-0.9924020376385532,1,0,-0.3243245357091214,0,1,0,1,0,0,0,-0.9671502255199128,-0.3903100983146863
0,0,0,-1.0738427650786138,0,1,-0.0584511795816865,0,1,0,0,0,1,3,-0.9025220538366576,-0.7177409739894398
0,0,0,1.0436161483629645,1,1,0.6394663802528302,0,0,1,1,0,0,2,1.1593457840157348,0.3025816015904503
0,0,1,0.2699292376823877,1,0,0.8388713973484064,1,1,0,1,0,0,2,0.7425465441440755,-0.30610349565662
1,1,0,-0.3815965818380978,1,1,0.8388713973484064,0,1,0,0,0,1,3,0.32344130062543375,-0.9969372270401792
1,0,1,1.369379058123207,1,1,-1.4875204687666492,0,1,0,0,0,1,1,-0.13512557872074027,2.0686001720098006
1,0,0,0.758573602322752,1,1,0.6062322107369008,0,1,0,0,1,0,2,0.8944195540700272,0.06732874315668008
1,0,1,-0.7073594915983407,1,0,-1.4875204687666492,0,1,0,1,0,0,0,-1.5885478117136658,0.6229363233673405
1,0,0,0.758573602322752,1,1,0.5065297021891128,1,0,1,1,0,0,2,0.8642371633843818,0.21161087982478713
1,0,0,-1.1552834925186746,1,0,-1.5207546382825785,0,1,0,1,0,0,0,-1.932477446692869,0.17441533875554552
0,0,0,-0.5851984004382496,1,1,-0.4904953832887682,0,0,1,0,0,1,0,-0.7998417315266609,-0.07382690081150797
1,0,0,0.5549717837226001,1,1,0.971808075412124,1,0,1,0,1,0,2,1.0206522951484152,-0.24415619392094545
1,1,0,-1.1960038562387048,1,0,1.3706181096032763,1,0,1,1,0,0,3,0.14521877071988226,-1.8443486080309985
1,0,0,1.247217966963116,1,1,-1.3213496211870024,0,0,1,1,0,0,1,-0.08257425367031629,1.8056475455507903
1,0,1,0.7992939660427822,1,0,1.0382764144439829,1,1,0,1,0,0,2,1.2552372676721264,-0.05617710924535028
0,0,0,-0.62591876415828,1,0,0.1409538375138897,0,1,0,1,0,0,3,-0.3859451865405037,-0.6118272862921587
0,0,0,0.4328106925625091,1,1,0.6727005497687596,0,0,1,0,1,0,2,0.7241247160213331,-0.1414047277755725
1,0,0,1.4915401492832985,1,0,-1.4875204687666492,0,1,0,1,0,0,1,-0.04634215590981741,1.9998588030490214
0,0,1,1.5322605130033284,1,0,0.5065297021891128,0,1,0,1,0,0,2,1.3962253456151896,0.8031429108849375
0,0,0,-1.1552834925186746,1,1,-1.3545837907029317,0,0,1,1,0,0,0,-1.7961256218894304,0.13385526569395814
1,0,1,1.125056875803025,1,0,-1.45428629925072,0,0,1,0,1,0,1,-0.2930056393647277,1.9662524689194325
0,0,0,-0.5037576729981889,0,0,-1.3545837907029317,1,1,0,1,0,0,0,-1.408491634440198,0.573185134002457
1,0,1,1.4915401492832985,1,0,1.0382764144439829,0,1,0,0,0,1,2,1.7273467457631613,0.41368850396007945
0,0,1,0.6364125111626608,1,1,1.3373839400873468,0,0,1,0,0,1,2,1.355781715616929,-0.3151041361608568
0,0,0,-1.2774445836787656,0,0,-1.1219446040914265,0,1,0,1,0,0,0,-1.788694423054245,-0.12651504685624237
1,0,1,-0.9924020376385532,1,0,-0.4572612137728389,1,1,0,0,0,1,0,-1.0767137103407254,-0.29575707250599664
1,1,0,-1.2774445836787656,1,0,-0.6234320613524857,0,1,0,0,0,1,0,-1.3465451457728974,-0.6292640821449487
1,0,0,-0.4223169455581282,1,0,-1.4875204687666492,0,1,0,0,1,0,0,-1.422036185161641,0.6687571659720756
1,1,0,-0.6666391278783103,0,1,-0.8560712479639913,1,0,1,0,0,1,0,-1.1150946986534274,0.12165658260614728
1,0,0,1.6137012404433893,1,0,1.7694281437944286,0,0,1,1,0,0,2,2.350776797499189,-0.06589626236515905
1,0,0,-0.8702409464784621,1,0,-0.1249195186135452,0,1,0,0,0,1,3,-0.7613155405689788,-0.5967647306280266
1,0,0,-1.1552834925186746,1,1,0.8721055668643357,0,1,0,0,1,0,3,-0.26469632696956075,-1.451307323777556
0,0,0,-0.9924020376385532,1,0,-1.4875204687666492,0,1,0,1,0,0,0,-1.7937393266251889,0.24841948775745176
0,1,0,0.880734693482843,1,1,0.5729980412209714,1,1,0,0,0,1,2,1.0246995512118722,0.04979791994233198
1,0,0,1.4915401492832985,1,0,0.5729980412209714,0,1,0,0,0,1,2,1.3935660298145598,0.5740661815532552
1,1,0,0.5549717837226001,1,1,0.5065297021891128,1,0,1,1,0,0,2,0.7742957187183348,-0.02039747350442689
0,0,1,1.4100994218432374,1,1,-0.4572612137728389,0,0,1,0,0,1,1,0.6330324041184182,1.455193173198378
1,1,0,-0.5037576729981889,1,0,0.8388713973484064,0,0,1,1,0,0,3,0.25690509723925525,-0.9965088395218161
0,0,0,0.3513699651224484,1,1,1.6364914657307112,1,0,1,1,0,0,2,1.3761983809341445,-0.8641594392380408
1,1,0,-1.1960038562387048,0,1,-0.7896029089321326,1,0,1,1,0,0,0,-1.4256443079125811,-0.2800296089638955
1,0,0,-0.7073594915983407,0,0,-0.4572612137728389,0,1,0,1,0,0,0,-0.9188083418603614,-0.16705574620117344
1,0,0,-0.4223169455581282,1,0,0.4732955326731833,1,1,0,0,0,1,3,-0.023687576783286146,-0.6940045999872388
1,0,0,-0.5851984004382496,1,1,0.5397638717050421,1,0,1,1,0,0,3,-0.0579581001814061,-0.7494959390662875
0,0,0,-0.9516816739185228,1,1,1.1047447534758412,1,0,1,1,0,0,3,0.08371943027909838,-1.409594812321133
1,0,0,-0.2594354906780068,1,0,0.3735930241253952,0,1,0,1,0,0,3,0.03558686603519125,-0.4984163084418413
1,1,0,1.5729808767233588,1,0,1.3706181096032763,0,0,1,0,1,0,2,2.0650146776937373,0.09448120964943606
0,0,0,-0.6666391278783103,1,0,-1.5207546382825785,0,1,0,1,0,0,0,-1.5879549187606354,0.498671642570835
0,1,0,1.6137012404433893,1,0,0.805637227832477,0,1,0,1,0,0,2,1.712840741673245,0.40664230799464635
1,0,0,0.3920903288424788,1,0,-1.3213496211870024,0,0,1,1,0,0,1,-0.6913533636075655,1.1994937354341597
1,0,1,0.5956921474426305,1,0,1.0382764144439829,0,1,0,1,0,0,2,1.1119550965318794,-0.19834804206088857
1,0,0,1.369379058123207,1,0,0.0412513289661016,0,0,1,1,0,0,2,0.9585507622191266,0.9479890582993401
1,0,0,-1.1145631287986442,1,0,-0.5237295528046976,1,1,0,0,1,0,0,-1.2286506542030726,-0.4752052125478932
1,0,0,-1.1552834925186746,0,1,-1.1551787736073555,1,1,0,0,0,1,0,-1.7348934161631717,-0.0059595559924259175
0,0,1,0.3920903288424788,1,0,-1.5207546382825785,0,0,1,0,0,1,1,-0.8413185534459608,1.4642198107020212
1,0,0,1.4915401492832985,0,0,-0.1249195186135452,0,1,0,1,0,0,1,0.8633097660527217,1.14060370512142
1,0,0,1.125056875803025,1,0,1.7361939742784993,0,1,0,1,0,0,2,1.9720553341423774,-0.46557911994558415
0,0,0,-0.8295205827584317,1,1,-1.5207546382825785,0,0,1,1,0,0,0,-1.6842094778642436,0.47522206974142966
1,0,0,-1.1960038562387048,1,1,-0.6566662308684151,1,1,0,1,0,0,0,-1.343996174816823,-0.43722817553776455
1,0,0,0.880734693482843,1,0,1.3373839400873468,1,1,0,1,0,0,2,1.5185119372559814,-0.36284029162196574
1,0,0,-1.2367242199587352,1,0,-1.4875204687666492,0,1,0,0,0,1,0,-1.9813731529749308,0.08125274495340754
1,1,0,1.002895784642934,1,1,0.971808075412124,0,0,1,1,0,0,2,1.4180554186646608,-0.026522693629551092
0,0,0,1.247217966963116,1,0,-1.45428629925072,0,0,1,1,0,0,1,-0.18279119146225437,1.8707723675515062
0,0,1,0.3513699651224484,1,0,0.971808075412124,0,1,0,1,0,0,2,0.8937276764395409,-0.3403497717644929
1,0,0,-0.3001558543980371,1,0,1.1379789229917707,0,1,0,0,0,1,3,0.531623045097695,-1.0642752864683562
0,0,0,1.3286586944031769,1,1,0.6727005497687596,0,0,1,0,1,0,2,1.3545662690384197,0.484147376612796
0,0,0,0.880734693482843,1,0,-1.4875204687666492,0,1,0,1,0,0,1,-0.47554335213491744,1.556392069660404
1,0,0,1.1657772395230557,1,0,0.971808075412124,0,0,1,1,0,0,2,1.4723464379544462,0.1680155808451854
1,0,1,-0.5444780367182193,1,1,-1.4875204687666492,0,1,0,0,1,0,0,-1.4957697041867586,0.7510140933002554
0,0,1,-0.5851984004382496,1,0,-1.3213496211870024,0,1,0,0,1,0,0,-1.413439482568171,0.5826967679611651
1,0,1,1.4508197855632678,1,1,1.0050422449280532,0,0,1,1,0,0,2,1.7086443271696636,0.5118357114959197
0,0,1,-0.9109613101984924,1,0,1.1712130925077,1,1,0,1,0,0,3,0.14618061112906006,-1.358481529071962
1,1,0,-0.5037576729981889,1,1,1.0050422449280532,1,1,0,0,1,0,3,0.34101561099279587,-1.1773124085155973
1,0,0,0.3920903288424788,1,0,1.1379789229917707,1,0,1,1,0,0,2,1.045209517420716,-0.4861272753964703
1,0,0,0.5142514200025698,0,1,-0.7563687394162032,0,0,1,1,0,0,1,-0.2519477308488656,0.9812649848917795
1,0,0,1.6137012404433893,1,0,1.6697256352466403,0,1,0,0,0,1,2,2.2539485091734814,-0.09232711493864876
0,1,0,0.1070477828022663,1,1,1.536788957182923,0,1,0,1,0,0,2,1.1758221175001462,-1.1375172733364514
1,0,1,1.6137012404433893,1,1,0.8388713973484064,0,0,1,0,0,1,2,1.6908848304968485,0.7259502109235597
0,0,0,-0.9924020376385532,1,0,1.1712130925077,1,1,0,1,0,0,3,0.08362595016214287,-1.57387349692431
0,0,0,0.188488510242327,1,0,0.0080171594501722,1,0,1,1,0,0,3,0.10469242084149431,0.12922237533573783
0,0,0,-0.4630373092781585,1,0,1.3373839400873468,0,1,0,1,0,0,3,0.5734949249259931,-1.3181223831465207
0,0,0,1.5729808767233588,1,0,0.5065297021891128,0,1,0,0,0,1,2,1.404590083546616,0.6595379443545117
1,0,0,0.3106496014024181,1,1,0.0744854984820309,0,0,1,1,0,0,3,0.24394452939789701,0.19495743764138934
1,0,0,-0.9109613101984924,1,0,-0.0916853490976158,0,1,0,0,0,1,3,-0.7665049088371865,-0.6479775794996563
0,1,0,-0.3001558543980371,1,0,0.7724030583165477,0,1,0,0,1,0,3,0.31367964646158,-0.9016806667737773
0,0,1,0.3513699651224484,1,0,0.3403588546094659,0,1,0,0,0,1,2,0.43280351941674466,0.07892925373002496
1,1,0,-0.5444780367182193,1,0,1.0382764144439829,1,1,0,0,1,0,3,0.3288322515763761,-1.2375611496785972
0,1,0,-0.3815965818380978,1,0,1.0050422449280532,0,1,0,1,0,0,3,0.4494778602578754,-1.1233048074487608
1,0,0,1.002895784642934,1,1,1.437086448635135,0,0,1,1,0,0,2,1.693253615628244,-0.25558654543518355
0,0,0,-1.2367242199587352,1,1,0.6394663802528302,0,1,0,0,1,0,3,-0.4856333399489099,-1.3656789956861195
0,0,0,1.5322605130033284,1,0,0.5065297021891128,0,0,1,1,0,0,2,1.4023607397647482,0.7258705972904599
1,0,0,-1.2774445836787656,1,0,0.7724030583165477,1,1,0,0,0,1,3,-0.41426910193374816,-1.4961304785891978
1,0,0,1.5322605130033284,1,0,1.5035547876669937,1,1,0,0,0,1,2,2.0793003109181747,-0.035302176522254196
0,0,0,1.6137012404433893,1,1,1.071510583959912,0,0,1,1,0,0,2,1.865607720686367,0.40453760346317097
1,1,0,-0.3001558543980371,1,0,1.3706181096032763,1,0,1,1,0,0,3,0.7756603237369686,-1.2187965036426303
1,0,0,-0.3815965818380978,1,0,1.3041497705714176,1,0,1,1,0,0,3,0.6180725968869865,-1.1402701316381256
1,0,0,1.3286586944031769,1,1,-1.4875204687666492,0,1,0,0,1,0,1,-0.18281552220730543,1.9004630804770748
1,0,1,-0.3001558543980371,1,0,-1.45428629925072,0,0,1,1,0,0,0,-1.2671392168129534,0.9657508078215503
0,1,0,-0.7073594915983407,1,1,0.6062322107369008,1,0,1,1,0,0,3,-0.043007227276030055,-0.9871471788283327
1,1,0,0.3513699651224484,0,0,-0.3575587052250508,0,0,1,0,0,1,1,-0.05367184470278047,0.4817954197646382
0,0,0,-1.2774445836787656,1,0,-0.3243245357091214,0,1,0,0,0,1,0,-1.1880369614128814,-0.7613885573499735
1,0,0,0.6364125111626608,1,1,0.2074221765457484,0,0,1,1,0,0,2,0.5670642670616587,0.33131628091216236
1,0,1,-1.1552834925186746,1,0,-0.1249195186135452,1,1,0,0,0,1,0,-0.9566687876545061,-0.6372804418436475
1,0,0,-0.62591876415828,1,1,-1.4875204687666492,0,0,1,0,0,1,0,-1.533155461745601,0.5980527168230475
0,1,0,0.3920903288424788,1,0,1.3373839400873468,1,1,0,0,1,0,2,1.1997791496557273,-0.8055367544458215
1,0,1,0.6771328748826912,0,0,-0.8560712479639913,0,1,0,1,0,0,1,-0.22085257711396405,1.231574139372884
1,0,0,-0.4630373092781585,1,1,-1.4875204687666492,0,0,1,1,0,0,0,-1.4034798210475985,0.725305021442879
1,0,1,1.125056875803025,1,1,1.536788957182923,0,1,0,0,0,1,2,1.8284388182565534,-0.17486321744434982
1,0,0,1.0436161483629645,1,0,-1.3545837907029317,0,0,1,0,1,0,1,-0.2851591024521196,1.6825245141415184
1,0,0,-0.055833672077855,1,1,-1.4875204687666492,0,1,0,0,1,0,0,-1.1571342859609843,0.9337007373314146
0,0,0,1.1657772395230557,1,0,1.2044472620236295,0,1,0,1,0,0,2,1.6258840302086017,-0.0896402713881263
1,0,1,1.2879383306831464,1,0,0.8388713973484064,0,1,0,0,1,0,2,1.4294704621161665,0.4270102347521882
0,0,1,1.1657772395230557,0,0,-0.1249195186135452,0,1,0,0,1,0,1,0.6111037814012832,1.0600050037898032
1,0,0,1.4100994218432374,1,1,0.2074221765457484,0,0,1,1,0,0,2,1.1115365173945964,0.8715658256112079
1,0,0,0.9214550572028734,1,1,-1.288115451671073,0,1,0,0,0,1,1,-0.3147857519810515,1.4606285512383512
0,0,0,-0.5037576729981889,1,0,-1.4875204687666492,0,1,0,1,0,0,0,-1.4498621158885963,0.5896297265147435
1,0,0,-0.8702409464784621,1,0,0.5065297021891128,0,0,1,1,0,0,3,-0.2890141968858056,-0.934792474990889
0,0,1,1.6137012404433893,1,1,1.7361939742784993,0,0,1,0,1,0,2,2.311349211860516,0.11279308340797745
0,0,1,1.002895784642934,1,0,0.6394663802528302,0,0,1,0,1,0,2,1.1000955306167888,0.4289402488512195
1,1,0,1.5322605130033284,0,0,-0.6899004003843444,0,0,1,1,0,0,1,0.5577439920980397,1.5476890115473811
0,0,0,1.4508197855632678,1,1,1.5035547876669937,0,0,1,0,1,0,2,2.0272122207186087,-1.662141093167896e-05
1,0,0,-1.2774445836787656,1,0,0.6727005497687596,1,1,0,1,0,0,3,-0.4696203960274683,-1.414278933296231
1,0,0,0.5956921474426305,1,0,0.4732955326731833,0,1,0,0,0,1,2,0.6927232789179483,0.01685006409045261
0,0,0,-0.7073594915983407,1,1,0.0080171594501722,1,1,0,0,1,0,3,-0.5589739482212595,-0.5632399865038015
0,0,1,1.4915401492832985,1,0,-1.4875204687666492,0,1,0,0,1,0,1,-0.06929666673686083,2.146733594222266
0,0,0,-1.1960038562387048,1,0,-0.3243245357091214,1,1,0,1,0,0,0,-1.1156741891709778,-0.6910046258563574
0,0,1,-1.2774445836787656,1,0,-1.5207546382825785,1,1,0,1,0,0,0,-2.0125596396705574,0.23068243885035292
1,0,0,0.0256070553622056,1,0,0.805637227832477,0,1,0,0,0,1,3,0.5262038593236735,-0.609015170878275
1,0,1,0.8400143297628127,1,1,0.174188007029819,0,0,1,1,0,0,2,0.6921211647528823,0.6547894707623555
0,1,0,-0.5037576729981889,1,0,0.5397638717050421,0,1,0,1,0,0,3,0.034969634135944325,-0.8897060948187757
1,1,0,-1.2774445836787656,1,0,0.971808075412124,1,1,0,1,0,0,3,-0.2050760759146934,-1.709124314586605
1,0,0,-0.9109613101984924,1,1,1.1379789229917707,0,1,0,0,0,1,3,0.10877052282516676,-1.481752192623601
0,0,0,-0.0151133083578247,1,0,-1.4875204687666492,0,0,1,1,0,0,0,-1.0946077184916265,1.0120912464036906
1,1,0,0.9621754209229036,1,0,1.2044472620236295,0,0,1,1,0,0,2,1.5466744550072906,-0.22344340864368284
0,0,0,1.5729808767233588,1,0,-1.5207546382825785,0,1,0,1,0,0,1,-0.011851036217919511,2.062551903541756
0,1,0,-0.7888002190384014,1,0,0.174188007029819,1,1,0,1,0,0,3,-0.4237631310186597,-0.8381801153667869
1,0,0,-0.62591876415828,1,1,1.0382764144439829,0,0,1,1,0,0,3,0.26539145498816935,-1.1196100602572256
1,0,0,-1.2367242199587352,1,0,-0.3243245357091214,1,1,0,0,1,0,0,-1.1738175611281707,-0.6971797460883484
0,0,0,1.6137012404433893,1,1,1.2044472620236295,0,0,1,0,1,0,2,1.9306343639922314,0.31872808561819704
1,0,0,-0.2594354906780068,0,0,-0.3243245357091214,0,0,1,0,1,0,0,-0.5271837353855772,0.14116206927969205
1,0,1,-1.1145631287986442,1,1,-1.288115451671073,1,0,1,1,0,0,0,-1.7159385804265204,0.2922096573081571
1,0,0,-1.1960038562387048,1,1,1.2044472620236295,1,0,1,0,0,1,3,-0.03351319819111845,-1.6450975420507434
0,0,0,-0.2594354906780068,1,0,0.5397638717050421,0,1,0,1,0,0,3,0.15356751303004051,-0.629263554926454
0,0,1,1.0843365120829946,1,0,0.0412513289661016,0,0,1,1,0,0,2,0.7638428323292406,0.8905194121417169
0,0,1,-0.2187151269579764,1,0,-0.4904953832887682,0,1,0,1,0,0,0,-0.5400133049861828,0.2638327579269692
1,0,0,1.002895784642934,1,0,1.270915601055488,0,1,0,0,1,0,2,1.528705487486944,-0.2266752759264845
0,0,0,0.188488510242327,1,1,-1.4875204687666492,0,0,1,1,0,0,1,-0.9443315562031674,1.1632980715105992
0,0,0,-1.0738427650786138,1,0,-0.5237295528046976,0,1,0,0,1,0,0,-1.1993489027793822,-0.46372496092678805
1,0,0,-0.5851984004382496,1,0,0.3735930241253952,0,0,1,1,0,0,3,-0.18228742112882668,-0.6446385198150474
1,0,1,-0.5444780367182193,1,1,1.2044472620236295,1,1,0,1,0,0,3,0.4339042590939174,-1.099362685079143
0,0,1,1.4100994218432374,1,1,0.3735930241253952,0,0,1,1,0,0,2,1.234758956900264,0.899242173852728
1,1,0,0.0663274190822359,1,0,0.2406563460616778,0,1,0,0,0,1,3,0.2092608987086148,-0.2831811455839685
0,0,0,-0.4223169455581282,1,1,-0.5237295528046976,1,0,1,1,0,0,0,-0.6936331567885002,0.07620406611684538
1,0,0,0.7992939660427822,1,0,0.8721055668643357,0,1,0,1,0,0,2,1.1326601453620997,-0.10080739242887268
1,0,0,0.9621754209229036,0,0,-0.3575587052250508,0,1,0,0,0,1,1,0.3114567555833831,0.9168943575932736
1,1,0,-0.5851984004382496,1,1,1.0050422449280532,1,1,0,0,0,1,3,0.297494459284395,-1.2530014713983273
1,1,1,0.9621754209229036,1,1,1.3373839400873468,1,0,1,1,0,0,2,1.652778502505688,-0.14699857086026807
1,0,0,-1.1552834925186746,1,0,0.8388713973484064,0,1,0,1,0,0,3,-0.26631576354411196,-1.4428696851495182
0,1,0,1.5729808767233588,1,0,1.1379789229917707,0,1,0,1,0,0,2,1.918854967043612,0.15042149834631838
1,0,0,-1.2367242199587352,1,0,0.174188007029819,1,1,0,0,1,0,3,-0.8218115717305463,-1.0388596807161787
1,1,0,1.2879383306831464,1,0,1.2376814315395588,0,0,1,1,0,0,2,1.7993929947915273,-0.018748578447343664
1,0,0,-0.5851984004382496,1,0,-1.3545837907029317,0,0,1,1,0,0,0,-1.4025748510405924,0.5398519202280977
1,0,1,1.369379058123207,1,0,-1.288115451671073,0,1,0,0,0,1,1,-0.0013171741099026468,1.9228923058672982
1,0,0,0.188488510242327,0,0,-0.7896029089321326,0,1,0,1,0,0,1,-0.5230374484416918,0.6862829812724152
1,0,1,0.2699292376823877,1,1,-1.3213496211870024,0,1,0,0,0,1,1,-0.7915139730788651,1.1869838232632834
1,0,0,-0.3001558543980371,1,0,0.6727005497687596,1,0,1,1,0,0,3,0.22951121210609388,-0.6506071746499921
1,0,0,-0.4223169455581282,1,0,0.7391688888006183,0,1,0,0,1,0,3,0.15025723414774916,-0.8574132086989001
0,0,0,-0.5037576729981889,1,0,-1.4875204687666492,0,1,0,0,1,0,0,-1.4787037364220987,0.5949348579038578
1,1,0,-0.9924020376385532,1,1,-0.0252170100657571,0,1,0,0,0,1,3,-0.7165489277511897,-0.8312048054652214
0,0,0,0.6771328748826912,1,1,-0.4240270442569095,0,0,1,0,0,1,1,0.135441861462553,0.7620755580277853
0,1,0,1.3286586944031769,1,0,1.3706181096032763,0,1,0,1,0,0,2,1.9111858233942072,-0.1796342571919817
1,1,0,-1.2774445836787656,1,1,-0.6566662308684151,0,1,0,0,1,0,0,-1.3768099373322245,-0.5786288377885416
1,0,0,-1.1145631287986442,1,0,0.971808075412124,1,1,0,1,0,0,3,-0.1437910654766959,-1.5055501478204987
0,1,0,1.6137012404433893,1,0,1.071510583959912,0,1,0,0,1,0,2,1.8717356488184755,0.2297181409155844
0,0,0,1.6137012404433893,1,0,1.5035547876669937,0,1,0,0,1,0,2,2.1234667798222167,0.023432951418473673
0,0,0,0.8400143297628127,1,1,1.1712130925077,0,0,1,0,0,1,2,1.3764867644471492,-0.21756348652884122
1,0,0,-0.4630373092781585,1,1,0.3403588546094659,0,1,0,0,1,0,3,-0.1530100004501876,-0.6034675552683734
0,1,1,1.5322605130033284,1,1,1.437086448635135,0,1,0,1,0,0,2,2.1136379101131677,0.08453883802401532
0,0,1,0.0256070553622056,1,0,1.3041497705714176,1,1,0,1,0,0,3,0.8991468622135622,-0.7956098873545743
0,0,0,-0.3815965818380978,1,0,0.3735930241253952,1,1,0,1,0,0,3,-0.04973711945331588,-0.6006728030731667
1,0,1,0.5142514200025698,1,1,-0.3243245357091214,0,0,1,1,0,0,1,0.11086370153086254,0.7689959128853244
1,0,0,-0.6666391278783103,1,1,-1.4875204687666492,1,0,1,1,0,0,0,-1.5467619921878455,0.5831340886273407
0,0,0,0.6771328748826912,1,1,1.4038522791192056,0,1,0,1,0,0,2,1.4298032063792712,-0.5584865917051806
1,0,0,-1.2774445836787656,1,1,-1.5207546382825785,1,1,0,0,0,1,0,-2.026502662014609,0.08463311299019183
1,0,0,1.1657772395230557,1,0,0.5397638717050421,0,1,0,0,1,0,2,1.1270557732826254,0.38819204111343075
1,1,1,1.4508197855632678,1,0,-1.4875204687666492,0,1,0,1,0,0,1,-0.016416071152848724,2.04011079069837
0,0,0,1.125056875803025,0,0,-0.3575587052250508,0,0,1,0,0,1,1,0.4381049963515987,1.094928450035357
1,0,1,0.8400143297628127,1,1,-1.288115451671073,0,0,1,1,0,0,1,-0.34042973748015015,1.6570506123373248
0,1,0,-0.1779947632379461,1,1,1.270915601055488,1,0,1,0,0,1,3,0.7838178330996399,-1.0865915580457743
0,0,0,-1.2367242199587352,1,0,0.174188007029819,1,1,0,0,0,1,3,-0.8073745377872075,-1.0746343054146958
0,1,0,-1.2774445836787656,1,0,0.174188007029819,0,1,0,0,0,1,3,-0.7826902455410569,-1.1929059124914794
0,0,0,-0.6666391278783103,1,0,0.2738905155776072,1,1,0,1,0,0,3,-0.3207333569291864,-0.7313761220893543
0,0,0,-1.0738427650786138,1,1,-0.3243245357091214,0,1,0,0,0,1,0,-1.0377607991244224,-0.6101817322430652
1,0,0,-1.1960038562387048,1,1,1.437086448635135,0,1,0,0,1,0,3,0.10558736011969803,-1.866978769585538
1,0,1,0.6771328748826912,1,1,0.8388713973484064,0,1,0,0,0,1,2,1.0204096565913359,-0.009287361159571551
0,0,0,-1.2774445836787656,1,1,-0.4904953832887682,1,0,1,1,0,0,0,-1.2719512096176955,-0.5436925140169374
1,0,0,0.7178532386027215,1,1,0.971808075412124,0,0,1,0,0,1,2,1.1490697488083106,-0.14924013742502973
0,1,1,-0.8295205827584317,0,1,-1.188412943123285,0,1,0,0,0,1,0,-1.4698811721179592,0.29602483809141217
1,1,0,-0.0151133083578247,1,0,0.5065297021891128,1,1,0,1,0,0,3,0.35473446171705414,-0.5087632588109593
1,0,1,1.4508197855632678,1,1,1.270915601055488,0,1,0,0,1,0,2,1.8561620476545173,0.2536602632852026
1,0,0,0.3106496014024181,0,0,-0.9557737565117794,0,1,0,1,0,0,1,-0.5544034755567518,0.8854788525043483
1,0,0,-1.1145631287986442,1,0,-0.4572612137728389,0,1,0,1,0,0,0,-1.152874901749887,-0.5260676685540515
1,0,0,1.6137012404433893,1,0,0.4732955326731833,0,1,0,1,0,0,2,1.4241840384049875,0.7412202865355446
0,0,0,-1.2774445836787656,1,1,0.6727005497687596,1,1,0,1,0,0,3,-0.461981087683615,-1.4221969759468633
0,0,0,1.0436161483629645,1,0,1.4703206181510644,0,1,0,1,0,0,2,1.7276512552031866,-0.3571721295456256
0,0,0,-0.3408762181180675,1,1,-1.3213496211870024,0,0,1,1,0,0,0,-1.1995298713686011,0.6797603346475892
0,1,0,-1.1960038562387048,1,1,0.6394663802528302,1,0,1,0,1,0,3,-0.3922589925862834,-1.3458309485050322
0,0,1,1.2064976032430856,1,1,-1.4875204687666492,0,0,1,1,0,0,1,-0.22267890799111473,2.0326763303144233
1,0,1,1.6137012404433893,1,0,1.536788957182923,0,1,0,1,0,0,2,2.1803719416307383,0.17082668738897272
0,1,0,0.7178532386027215,1,0,0.2074221765457484,1,0,1,0,0,1,2,0.6563192842535813,0.2588418479239287
1,0,1,1.369379058123207,1,1,-1.4875204687666492,0,1,0,0,1,0,1,-0.1489172954684381,2.0874208617663155
1,0,1,0.3106496014024181,1,0,0.5397638717050421,0,1,0,0,0,1,2,0.5443041637521043,-0.06922297174221237
1,0,0,0.3106496014024181,1,1,0.2074221765457484,0,0,1,0,0,1,2,0.32276288945145887,0.09032723003990048
1,0,1,1.4100994218432374,1,0,1.270915601055488,0,1,0,0,1,0,2,1.8205116222782558,0.21619018443072485
0,1,0,0.9621754209229036,1,0,1.3373839400873468,0,1,0,1,0,0,2,1.6298108493819212,-0.41276327395142853
0,0,1,1.2879383306831464,1,0,-1.4875204687666492,0,1,0,0,0,1,1,-0.1987871211294101,1.9857419716502125
1,1,0,-0.5037576729981889,1,0,0.6394663802528302,0,1,0,0,1,0,3,0.0758838942863256,-0.935783015413225
1,1,0,1.5729808767233588,1,1,1.0382764144439829,0,0,1,0,1,0,2,1.837338009243533,0.3313037250260262
1,0,1,0.3513699651224484,1,0,0.3403588546094659,0,1,0,0,1,0,2,0.4183664854734058,0.11470387842854238
1,0,1,1.6137012404433893,0,1,-0.5237295528046976,0,0,1,1,0,0,1,0.6912872475381773,1.748060980662165
1,0,1,-0.5851984004382496,0,0,-0.6234320613524857,0,0,1,1,0,0,0,-0.933555389804226,0.2719150008885476
1,1,0,1.5729808767233588,1,1,0.2074221765457484,0,0,1,0,1,0,2,1.2506613602474914,0.9007702827390771
1,0,0,0.5549717837226001,1,0,0.0412513289661016,0,0,1,1,0,0,2,0.3854220776581394,0.3793053270371871
0,0,1,0.5549717837226001,1,0,-1.4875204687666492,0,1,0,1,0,0,1,-0.6995530334484942,1.4874421718816755
1,0,0,1.002895784642934,1,0,-0.3243245357091214,0,1,0,0,0,1,1,0.41607803816224265,0.8478798251260576
0,0,0,1.4508197855632678,1,1,0.5397638717050421,0,0,1,1,0,0,2,1.3755089284167037,0.6552594541470927
0,0,0,-1.2774445836787656,0,0,-1.3213496211870024,0,1,0,1,0,0,0,-1.9294968188132946,0.010156926994889563
1,0,0,0.2292088739623573,1,0,-1.4875204687666492,0,1,0,1,0,0,1,-0.9346916169793484,1.1183990195926838
0,1,0,-0.0151133083578247,1,0,0.4732955326731833,0,1,0,1,0,0,3,0.33191271295285335,-0.5029385314444398
0,0,0,-1.2367242199587352,1,1,-0.6566662308684151,0,0,1,0,0,1,0,-1.375680008974659,-0.4148805742786202
1,0,0,-0.9109613101984924,1,0,0.174188007029819,0,1,0,0,0,1,3,-0.5787683811584534,-0.8302068779678324
0,0,0,1.6137012404433893,1,0,-1.5207546382825785,0,1,0,1,0,0,1,0.0168053980101298,2.090986090104864
0,0,1,1.3286586944031769,1,1,1.536788957182923,0,0,1,1,0,0,2,1.9987933970386234,0.045120619928242026
1,0,0,-0.4630373092781585,1,0,0.6394663802528302,0,1,0,1,0,0,3,0.08004122257367761,-0.8228165397255559
0,0,0,1.4100994218432374,1,0,-1.4875204687666492,0,1,0,1,0,0,1,-0.1030097071702756,1.9260364949808035
0,0,0,-0.8295205827584317,1,1,0.3735930241253952,0,0,1,1,0,0,3,-0.3465867181532696,-0.8231616818443256
0,1,0,-0.3001558543980371,1,1,1.270915601055488,1,1,0,1,0,0,3,0.7015212475409196,-1.2396298404993518
0,1,0,-0.9924020376385532,1,0,0.6727005497687596,0,1,0,0,1,0,3,-0.24388093329478433,-1.3167258514210414
1,0,0,-1.2774445836787656,1,0,-1.5207546382825785,0,0,1,1,0,0,0,-2.0070695627166395,0.17036406019787773
0,0,1,1.3286586944031769,1,0,0.4732955326731833,0,1,0,0,0,1,2,1.2144262047292964,0.6702350820105207
0,1,0,-1.2367242199587352,1,0,-0.3243245357091214,1,0,1,1,0,0,3,-1.0796127102644502,-0.7280249518014855
0,0,1,1.2064976032430856,0,0,-0.5237295528046976,0,0,1,0,1,0,1,0.3695326107716096,1.44303441918683
1,0,0,0.1477681465222966,1,1,0.6727005497687596,1,1,0,0,0,1,3,0.5252988893166672,-0.4235620696634938
0,0,0,0.2292088739623573,1,0,-1.5207546382825785,0,1,0,0,1,0,1,-0.9863549862770518,1.1295288783483175
1,0,1,1.002895784642934,1,0,-0.1581536881294745,0,0,1,1,0,0,1,0.5650822509184512,0.9872769478086362
1,0,0,-0.0151133083578247,1,0,-1.4875204687666492,0,0,1,1,0,0,0,-1.0952530356872674,1.0290451813456931
1,0,0,0.4735310562825394,1,0,0.8388713973484064,0,0,1,1,0,0,2,0.8913187922382403,-0.22425094149355684
0,0,0,0.3513699651224484,1,1,1.6364914657307112,1,0,1,0,0,1,2,1.3611484771483398,-0.8776749976054415
0,0,1,-0.748079855318371,1,0,0.8721055668643357,1,1,0,1,0,0,3,0.04960275440268265,-1.0397368220428331
0,0,0,0.9621754209229036,1,0,0.7059347192846889,0,0,1,1,0,0,2,1.1419730563311068,0.19112001155582087
0,1,0,-1.0331224013585834,1,0,0.6727005497687596,1,1,0,1,0,0,3,-0.243695746989331,-1.350465169373263
0,0,0,1.5729808767233588,1,1,1.3373839400873468,0,1,0,0,1,0,2,1.9844690069431712,0.11792796868934613
1,0,0,-0.4223169455581282,1,0,-1.3213496211870024,0,0,1,1,0,0,0,-1.264482048168553,0.6308100041720063
1,0,0,0.3920903288424788,1,0,1.1379789229917707,0,1,0,0,0,1,2,1.0187824269745345,-0.5808941148955262
1,0,1,1.4915401492832985,1,1,0.9053397363802652,0,1,0,0,0,1,2,1.6404724730720066,0.5138390454855377
0,0,1,-0.3815965818380978,1,0,0.3403588546094659,0,0,1,1,0,0,3,-0.056585206241962116,-0.3381192649068568
1,0,0,-0.5444780367182193,1,1,0.3071246850935365,1,0,1,1,0,0,3,-0.1935711276722483,-0.5616111163435257
0,0,1,1.247217966963116,1,0,-0.4572612137728389,0,0,1,1,0,0,1,0.5264625798438134,1.3459360930219781
1,0,1,1.4508197855632678,1,0,0.2738905155776072,0,0,1,1,0,0,2,1.1853748849049353,1.0039303899920342
1,0,0,-1.2774445836787656,1,0,0.5397638717050421,1,1,0,1,0,0,3,-0.5634886598668349,-1.323164284062143
0,0,0,-0.5851984004382496,0,0,-0.8560712479639913,1,1,0,1,0,0,0,-1.113798513498672,0.1746368262484114
0,0,0,1.5729808767233588,0,1,-0.2246220271613333,0,0,1,1,0,0,1,0.8692379316335255,1.339141303654224
0,0,1,-0.7073594915983407,1,0,-1.4875204687666492,0,0,1,1,0,0,0,-1.5765253078576478,0.6872336695569933
1,1,0,-0.4630373092781585,1,0,1.071510583959912,1,1,0,1,0,0,3,0.438453806525819,-1.2087765702500177
0,0,0,-1.0738427650786138,1,0,0.8388713973484064,0,0,1,0,1,0,3,-0.2258220117654977,-1.3163988344445359
1,1,0,1.4915401492832985,0,1,-1.1551787736073555,0,0,1,1,0,0,1,0.20754262558041975,1.8471919895949522
1,0,1,1.4508197855632678,0,0,-0.291090366193192,0,1,0,1,0,0,1,0.722559794536282,1.384586424827055
1,0,1,1.2064976032430856,1,1,-1.4875204687666492,0,0,1,1,0,0,1,-0.2233242251867557,2.0496302652564258
1,0,1,0.2292088739623573,1,1,0.4732955326731833,0,0,1,0,0,1,2,0.4584283411849115,0.009753153171641625
1,0,0,-1.1145631287986442,1,1,0.6727005497687596,1,0,1,0,1,0,3,-0.365465101840184,-1.2049498822316609
1,1,0,-1.1960038562387048,1,1,1.0050422449280532,1,1,0,0,0,1,3,-0.13235205413634557,-1.6795142698449421
0,0,0,0.5142514200025698,1,0,1.7029598047625698,0,1,0,0,1,0,2,1.4905454514239336,-0.880962059636565
0,0,0,-1.2774445836787656,1,1,-1.45428629925072,1,1,0,1,0,0,0,-1.9638733091134806,0.035637411798546265
0,1,0,-0.9516816739185228,1,1,0.3735930241253952,0,0,1,0,1,0,3,-0.40805691489672036,-0.9929965306582101
0,0,0,-0.5037576729981889,1,1,0.174188007029819,0,0,1,0,1,0,3,-0.2869792606214272,-0.4537110840992182
0,1,0,0.880734693482843,1,0,0.5065297021891128,1,1,0,0,0,1,2,0.9707714281439767,0.08631935226800597
1,0,0,-0.5037576729981889,1,0,-1.4875204687666492,0,1,0,1,0,0,0,-1.4505074330842371,0.606583661456746
1,0,0,0.6364125111626608,1,1,1.437086448635135,0,1,0,0,0,1,2,1.4089186171296175,-0.6062610640022085
1,1,0,0.880734693482843,0,0,-1.3213496211870024,0,0,1,1,0,0,1,-0.34663320878774145,1.5255366103995773
0,0,0,-1.2774445836787656,1,1,-0.4904953832887682,0,1,0,1,0,0,0,-1.2833283962780726,-0.6249437951485926
1,0,0,0.6364125111626608,1,1,-1.4875204687666492,0,0,1,0,1,0,1,-0.6585977174237679,1.4983331900358998
0,0,0,0.188488510242327,1,1,0.2406563460616778,0,0,1,0,0,1,3,0.2609059699227933,-0.03470792689994707
1,0,0,-1.2774445836787656,1,0,-1.5207546382825785,0,1,0,1,0,0,0,-2.018446749377017,0.08911277906622253
0,0,0,-1.1552834925186746,1,0,-0.291090366193192,0,0,1,1,0,0,0,-1.05217350232271,-0.6040978204701167
0,0,1,0.0256070553622056,1,0,-1.3545837907029317,0,1,0,0,0,1,1,-0.9932683183595742,1.013167538959787
1,0,0,-0.5851984004382496,1,0,-1.5207546382825785,0,0,1,1,0,0,0,-1.5199101808398006,0.6537452317707079
1,0,0,-1.1552834925186746,1,1,-0.4904953832887682,1,1,0,0,1,0,0,-1.226846031323068,-0.5173821691281529
1,0,1,0.9621754209229036,1,1,-1.45428629925072,0,0,1,0,1,0,1,-0.40063738512871294,1.861551614958372
0,0,0,-0.62591876415828,1,0,0.174188007029819,1,1,0,1,0,0,3,-0.36247812058066214,-0.6346059486006806
1,0,0,0.7178532386027215,1,1,0.8388713973484064,0,0,1,1,0,0,2,1.0702513887547485,-0.044609929823540846
1,0,1,1.6137012404433893,1,1,-1.4875204687666492,0,0,1,1,0,0,1,0.06324011709373796,2.333972130887502
1,0,0,-0.9109613101984924,1,0,0.3403588546094659,0,0,1,1,0,0,3,-0.4350059609130632,-0.8493333500113868
0,0,1,-0.3001558543980371,1,1,-1.4875204687666492,0,1,0,0,0,1,0,-1.3093940648751237,0.885844587980384
0,0,1,-0.5037576729981889,1,0,-1.288115451671073,0,1,0,0,1,0,0,-1.3326595481522305,0.6167864787788585
1,0,0,-0.748079855318371,1,0,0.7059347192846889,1,0,1,1,0,0,3,-0.06224249844260771,-0.9861618891526981
1,0,1,1.2064976032430856,1,0,-0.291090366193192,0,1,0,0,1,0,1,0.5742773510254515,1.1446163801157216
1,0,1,-0.9924020376385532,0,0,-1.288115451671073,1,1,0,0,0,1,0,-1.715888141727735,0.3483795419288555
1,1,0,0.880734693482843,1,0,0.8388713973484064,0,1,0,0,0,1,2,1.2047967705467522,-0.12451333587521193
0,0,0,1.1657772395230557,1,1,1.802662313310358,0,0,1,1,0,0,2,2.066662395294341,-0.4093690195184975
0,0,1,1.4100994218432374,0,1,-0.1581536881294745,0,1,0,0,0,1,1,0.7803610287056476,1.243603988011826
1,1,0,0.6771328748826912,1,0,0.5397638717050421,0,0,1,0,1,0,2,0.8478964756806097,0.03839566297411821
1,0,0,1.369379058123207,1,0,0.9053397363802652,0,1,0,0,1,0,2,1.52847566998113,0.2797976885352265
1,0,0,0.5956921474426305,1,0,1.3041497705714176,0,1,0,1,0,0,2,1.2944498316997943,-0.5391009352551974
1,0,0,-0.4630373092781585,0,0,-0.9557737565117794,0,1,0,0,0,1,0,-1.1139256296754947,0.33171374943790216
1,0,0,0.758573602322752,1,0,1.1379789229917707,0,1,0,0,1,0,2,1.262898618279281,-0.30616574607104236
0,1,0,-0.4223169455581282,1,1,0.5729980412209714,0,0,1,1,0,0,3,0.13412074636047394,-0.7653292105780573
1,0,0,-1.1960038562387048,1,0,-1.45428629925072,0,0,1,1,0,0,0,-1.9028225623408581,0.1816751087070492
0,0,0,1.2879383306831464,1,1,1.5035547876669937,0,0,1,0,1,0,2,1.9125864838064115,-0.11375336766336225
0,0,0,1.4100994218432374,0,1,-0.3907928747409802,0,0,1,0,0,1,1,0.6222269611363149,1.3257823105770028
1,0,0,1.6137012404433893,1,1,-1.3213496211870024,0,1,0,0,0,1,1,0.14890656393594615,1.9667883851197034
1,0,1,0.188488510242327,1,0,-0.1249195186135452,0,1,0,1,0,0,1,0.0040434456569280325,0.3145632731063059
0,1,0,0.188488510242327,1,1,-1.4875204687666492,0,1,0,0,1,0,1,-0.9312096369228473,0.9975145012543822
1,1,0,0.3513699651224484,1,1,1.1047447534758412,1,1,0,0,0,1,2,1.0269936444090555,-0.6673511673724175
1,0,0,1.3286586944031769,1,0,1.3041497705714176,0,1,0,1,0,0,2,1.810265647804683,-0.027285577119259524
1,0,0,0.5956921474426305,1,0,-1.4875204687666492,0,0,1,1,0,0,1,-0.6654065222665269,1.4555579797923082
0,0,0,-0.2594354906780068,1,1,0.3403588546094659,1,0,1,1,0,0,3,0.031136295079579976,-0.4023044076522966
1,0,0,-0.9516816739185228,1,0,0.6727005497687596,1,1,0,1,0,0,3,-0.2403689222030732,-1.1868054407913697
0,0,1,1.125056875803025,1,1,0.5397638717050421,0,1,0,0,0,1,2,1.125072156656945,0.49154271686930834
1,1,0,-1.2774445836787656,1,0,0.7059347192846889,1,1,0,1,0,0,3,-0.39281260359342673,-1.5268950161184287
0,0,0,1.2064976032430856,0,1,-0.6899004003843444,0,0,1,1,0,0,1,0.28279110014329795,1.4021348969055634
0,0,0,-1.0738427650786138,1,0,0.1409538375138897,1,0,1,1,0,0,3,-0.6897887763886696,-0.8433520573546877
0,0,0,0.8400143297628127,1,1,1.1379789229917707,0,0,1,1,0,0,2,1.3680696022731127,-0.18126926585291847
0,0,0,-0.0151133083578247,1,1,0.3735930241253952,0,0,1,0,0,1,3,0.211492062621913,-0.26799350894957336
1,0,0,1.4100994218432374,1,1,1.7694281437944286,1,0,1,1,0,0,2,2.214488617507154,-0.1990313028893273
0,0,0,-0.7073594915983407,1,0,-1.3213496211870024,1,1,0,1,0,0,0,-1.475808957229635,0.3335654821565952
1,0,0,0.6771328748826912,0,1,-1.1551787736073555,0,0,1,0,0,1,1,-0.4339766892405726,1.354830120479074
0,0,1,-0.4223169455581282,1,1,-0.3243245357091214,1,1,0,0,0,1,0,-0.5740160589648141,0.0032888474927900944
1,0,0,1.2879383306831464,1,1,1.3373839400873468,0,0,1,1,0,0,2,1.8234474573450645,0.011788747432136037
1,0,0,-0.4630373092781585,1,1,0.5729980412209714,1,1,0,0,1,0,3,0.011259461268703905,-0.7629181914280275
0,1,0,-0.8295205827584317,1,0,1.1047447534758412,1,1,0,0,0,1,3,0.1896083778430523,-1.5179324049359117
0,0,0,0.4328106925625091,1,1,0.971808075412124,0,0,1,0,0,1,2,0.949120026407606,-0.3652333783087857
1,0,1,1.369379058123207,1,0,-1.4875204687666492,0,1,0,0,0,1,1,-0.14211956986895247,2.05956427971843
0,0,0,0.4735310562825394,1,1,1.0382764144439829,1,0,1,1,0,0,2,1.0397604963411433,-0.3688409579953216
0,1,0,-0.62591876415828,1,1,-1.45428629925072,0,0,1,0,0,1,0,-1.4557023521159185,0.4684826990588475
0,0,0,-1.2774445836787656,1,0,-0.4904953832887682,1,1,0,1,0,0,0,-1.290322387426285,-0.6339796874399626
1,1,0,0.758573602322752,1,0,1.1047447534758412,1,1,0,1,0,0,2,1.3216138993271418,-0.37852963566531017
1,0,0,-0.9516816739185228,1,0,-1.4875204687666492,1,1,0,1,0,0,0,-1.7657282095927804,0.29380760926256183
0,0,0,1.2879383306831464,1,0,1.1712130925077,1,0,1,0,0,1,2,1.6847135498074801,0.08617667337397303
1,0,0,-0.9924020376385532,1,1,0.3403588546094659,0,0,1,0,1,0,3,-0.5141664587544523,-0.8918606994571179
1,0,1,1.002895784642934,1,0,0.3071246850935365,0,1,0,1,0,0,2,0.882243987695857,0.5871243943576727
0,0,0,1.0843365120829946,1,0,0.1409538375138897,0,0,1,1,0,0,2,0.8290022376979472,0.663659830490018
1,0,0,1.2879383306831464,1,0,0.0412513289661016,0,1,0,1,0,0,2,0.8898607071026512,0.8098694040414697
0,0,1,-1.2774445836787656,1,0,-1.5207546382825785,0,1,0,0,0,1,0,-2.027609543456362,0.21716688048295218
0,0,1,1.6137012404433893,1,0,0.7059347192846889,0,1,0,0,0,1,2,1.5792907060445336,0.70982375179262
1,0,0,-1.2774445836787656,1,0,0.5065297021891128,1,1,0,0,0,1,3,-0.6020056296124814,-1.3139011801210216
1,1,0,0.758573602322752,1,1,-1.3213496211870024,0,0,1,0,1,0,1,-0.40195235846621136,1.379905017668937
0,0,0,0.3920903288424788,1,0,0.6394663802528302,1,1,0,0,1,0,2,0.6536300380248528,-0.23734742545318338
0,0,0,-1.2774445836787656,1,0,-1.4875204687666492,0,0,1,0,0,1,0,-1.9980070833469623,0.11711590457995266
0,0,0,0.9621754209229036,1,0,1.270915601055488,0,1,0,1,0,0,2,1.529535990988038,-0.2773685288207087
1,0,0,0.2699292376823877,1,1,1.3706181096032763,0,0,1,1,0,0,2,1.1305036676036717,-0.7218445789540774
1,0,1,-0.3001558543980371,0,0,-0.7896029089321326,0,0,1,1,0,0,0,-0.8502956800070887,0.5848476183729113
1,1,1,1.5729808767233588,1,0,0.2738905155776072,0,1,0,0,1,0,2,1.284466106869404,0.9234493794251405
1,0,0,-0.9109613101984924,1,0,-0.6234320613524857,0,1,0,1,0,0,0,-1.126928060408848,-0.27000342419590306
1,0,0,0.3106496014024181,1,0,0.6727005497687596,0,1,0,0,0,1,2,0.6329306350806526,-0.31886121570243314
1,0,1,1.4508197855632678,1,1,-1.3545837907029317,0,0,1,0,1,0,1,0.013641023487404494,2.1344258667900973
1,0,1,1.1657772395230557,1,0,-1.4875204687666492,0,1,0,0,1,0,1,-0.2991934577568968,1.9362140366594072
1,0,1,1.4915401492832985,1,0,0.7391688888006183,0,0,1,1,0,0,2,1.5425702425707677,0.7134633042358337
0,0,0,-0.0965540357978854,1,1,0.6727005497687596,1,0,1,0,1,0,3,0.3515910710566913,-0.511049153095972
1,0,0,-1.2774445836787656,1,1,-0.6234320613524857,1,1,0,0,0,1,0,-1.392891881098885,-0.5303907693399028
0,0,0,-0.4223169455581282,1,0,-1.5207546382825785,0,1,0,0,1,0,0,-1.4448579339258416,0.6745818933385951
1,0,1,0.2292088739623573,1,0,1.0050422449280532,0,1,0,1,0,0,2,0.8305801225195933,-0.43147705882033527
0,0,0,-1.1960038562387048,1,1,0.3403588546094659,1,0,1,0,0,1,3,-0.6430115959513603,-1.069806256971173
1,0,0,-1.2774445836787656,0,0,-0.9890079260277088,1,1,0,1,0,0,0,-1.6954714764105192,-0.20067576114832825
1,0,0,0.3513699651224484,1,0,0.8388713973484064,0,1,0,0,1,0,2,0.7651306823602123,-0.38549965092542077
0,0,0,-1.0331224013585834,1,0,-0.4904953832887682,0,1,0,0,1,0,0,-1.1472254025914912,-0.45806943667220246
0,0,1,1.4508197855632678,1,0,1.3041497705714176,0,1,0,0,0,1,2,1.8870721564094857,0.186071083986793
1,0,0,-1.1145631287986442,1,0,-0.0252170100657571,0,0,1,1,0,0,3,-0.8364258576115682,-0.7409389974331827
1,0,1,0.3513699651224484,1,1,1.270915601055488,1,0,1,1,0,0,2,1.1226571306910638,-0.43811662417616326
0,0,1,0.1070477828022663,1,0,-1.288115451671073,0,1,0,0,1,0,1,-0.9028130347314901,1.0432992772254732
1,0,0,-0.5444780367182193,1,0,0.7059347192846889,1,1,0,1,0,0,3,0.06966248603726209,-0.9252422374688153
1,0,1,1.4915401492832985,1,1,0.4732955326731833,0,0,1,1,0,0,2,1.3618277060402468,0.9047284949953799
1,0,1,0.5142514200025698,1,1,0.3071246850935365,0,0,1,1,0,0,2,0.5567379547678538,0.33620132902340605
1,0,1,1.4100994218432374,1,1,0.1077196679979603,0,0,1,0,0,1,2,1.031327208240085,1.084909848895506
0,0,1,1.1657772395230557,1,1,0.4732955326731833,0,0,1,0,0,1,2,1.1181716456256885,0.6467855091811155
1,0,0,-0.3408762181180675,1,1,0.6727005497687596,0,1,0,0,1,0,3,0.167629961832377,-0.7459516186642707
0,0,0,-0.4223169455581282,1,1,0.1409538375138897,1,0,1,0,1,0,3,-0.25313345812517,-0.3740640486644809
0,0,0,1.247217966963116,1,0,0.5397638717050421,0,1,0,0,0,1,2,1.1988056756820626,0.40928578954112854
0,0,0,-1.2774445836787656,0,0,-0.9557737565117794,1,1,0,1,0,0,0,-1.6713590932550366,-0.24040835839885266
0,0,0,-0.3408762181180675,1,0,1.3041497705714176,0,1,0,0,0,1,3,0.6209472578644948,-1.2235567195160766
0,0,0,0.2699292376823877,1,0,1.0382764144439829,1,1,0,0,1,0,2,0.8492655268588045,-0.5959939328447709
1,0,1,1.247217966963116,1,1,0.8721055668643357,0,0,1,0,1,0,2,1.4426522716565477,0.4660845593035838
1,0,0,-1.2774445836787656,1,1,-0.4572612137728389,0,0,1,1,0,0,0,-1.249129460853495,-0.5495172413834569
0,0,1,-0.2594354906780068,0,1,-1.1551787736073555,0,1,0,0,0,1,0,-1.0985647534396263,0.7611622081800729
1,0,0,0.3513699651224484,0,1,-0.4572612137728389,0,1,0,0,0,1,1,-0.18179696456867023,0.5677534383635948
1,0,0,-0.4223169455581282,1,1,-1.4875204687666492,0,1,0,1,0,0,0,-1.3862005734799263,0.6724879268743313
1,0,1,0.1070477828022663,1,1,0.8388713973484064,0,0,1,1,0,0,2,0.6456466678448264,-0.31259913354402286
1,0,1,0.188488510242327,1,1,-1.4875204687666492,0,0,1,0,0,1,1,-0.9547849846737949,1.3252600428113335
0,0,0,0.9214550572028734,1,0,1.3041497705714176,0,0,1,1,0,0,2,1.535723809380207,-0.24733009656068328
0,0,0,0.2292088739623573,1,1,0.0412513289661016,0,0,1,1,0,0,3,0.1638099121775976,0.14391379188169348
0,0,1,-0.0151133083578247,0,1,-0.9890079260277088,0,0,1,0,1,0,1,-0.8117053483594425,0.917945986904279
0,0,1,-0.748079855318371,1,0,0.7059347192846889,0,1,0,1,0,0,3,-0.06773257539652558,-0.9258435105002232
1,0,1,1.2064976032430856,1,0,1.3041497705714176,0,0,1,1,0,0,2,1.74091532429173,0.12718673904920544
0,0,0,-0.748079855318371,1,1,0.7059347192846889,1,1,0,0,0,1,3,-0.0810302805449364,-1.0888467713023864
1,0,1,-0.1372743995179157,1,0,0.805637227832477,1,1,0,0,1,0,3,0.40302819817459645,-0.5454076326480578
1,0,0,0.880734693482843,1,1,0.8388713973484064,0,0,1,0,1,0,2,1.1560355051334437,0.074431947818004
0,0,1,1.5729808767233588,1,0,1.0050422449280532,0,0,1,0,1,0,2,1.759423335367738,0.5764535753409843
1,0,0,0.5956921474426305,1,0,1.0050422449280532,0,0,1,1,0,0,2,1.0946234247215962,-0.25284169334684387
1,1,0,-1.2367242199587352,1,1,1.0050422449280532,1,0,1,1,0,0,3,-0.13458139791821308,-1.613181616908994
0,0,1,0.5142514200025698,0,0,-0.4572612137728389,0,1,0,0,0,1,1,-0.06827810909822574,0.8140239521087858
1,0,0,1.5322605130033284,1,1,0.3735930241253952,0,1,0,0,0,1,2,1.2884140594317712,0.7482082342588647
0,0,1,-1.1552834925186746,1,1,-1.4875204687666492,1,0,1,1,0,0,0,-1.8847520932179787,0.38349350965417905
1,0,1,0.0256070553622056,1,0,0.5729980412209714,0,1,0,1,0,0,3,0.382226093901405,-0.2775253816250872
1,1,1,-0.5037576729981889,1,0,0.971808075412124,0,1,0,1,0,0,3,0.34463796692906307,-1.0103511751614267
1,0,1,0.9621754209229036,1,0,-1.3545837907029317,0,1,0,0,1,0,1,-0.3486073650577773,1.7029284546097805
0,0,0,-0.8295205827584317,1,0,1.1712130925077,1,1,0,1,0,0,3,0.1982516870743405,-1.4601367506718794
1,0,1,-1.2774445836787656,1,0,-1.4875204687666492,0,0,1,1,0,0,0,-1.9783607042459803,0.3061089926154885
0,1,0,0.2292088739623573,1,1,-0.2578561966772627,1,0,1,0,1,0,1,-0.022894575520279833,0.2643894635338302
0,0,1,-0.8295205827584317,1,0,-0.2246220271613333,0,0,1,1,0,0,0,-0.7707461040678132,-0.26365805785616664
1,0,0,-1.2774445836787656,1,0,-1.4875204687666492,1,0,1,1,0,0,0,-1.9836024967567985,0.14758539788935576
1,0,0,-0.1779947632379461,1,0,-1.553988807798508,0,1,0,0,0,1,0,-1.2832399949653304,0.8660989202112506
0,0,1,0.4328106925625091,1,0,-0.4904953832887682,0,0,1,0,1,0,1,-0.09897479121051841,0.805336155457461
0,0,0,1.1657772395230557,1,1,1.4038522791192056,1,1,0,0,0,1,2,1.758630513330059,-0.23079191131528914
1,0,0,-0.6666391278783103,1,0,-0.3243245357091214,0,0,1,0,0,1,0,-0.7474585785274047,-0.23667054282970085
1,0,0,-0.9109613101984924,1,1,0.174188007029819,1,0,1,1,0,0,3,-0.5453472995640593,-0.7264041461774066
1,0,1,1.247217966963116,1,0,0.5065297021891128,0,1,0,0,1,0,2,1.1661433682897004,0.6263626712743008
1,0,0,1.2064976032430856,1,0,-1.3545837907029317,0,0,1,0,0,1,1,-0.1567416487922244,1.7774405706374339
1,0,0,0.5549717837226001,0,1,-0.8228370784480619,0,0,1,0,1,0,1,-0.2990670490740021,1.0605616274610454
1,0,1,-1.2774445836787656,1,1,-1.4875204687666492,0,0,1,0,0,1,0,-1.9864166168835726,0.3016293265394578
0,0,1,-0.9516816739185228,1,0,-0.3243245357091214,0,1,0,1,0,0,0,-0.9384937912918634,-0.3618759117515786
1,0,0,-1.2367242199587352,1,1,1.0382764144439829,1,0,1,1,0,0,3,-0.16445505843257113,-1.5461228587038405
1,0,1,0.1070477828022663,1,1,0.1409538375138897,0,0,1,0,1,0,3,0.12399666215464915,0.17105790632405388
1,0,1,1.4915401492832985,1,0,0.5729980412209714,0,1,0,1,0,0,2,1.4138577261111827,0.7461053346467886
1,0,0,0.0256070553622056,1,0,0.5065297021891128,0,1,0,1,0,0,3,0.3300501694709035,-0.39049165173417594
0,0,0,0.5549717837226001,1,1,-1.45428629925072,0,0,1,1,0,0,1,-0.6629565821908815,1.396427088270046
0,0,0,-1.2774445836787656,1,1,0.3735930241253952,0,0,1,1,0,0,3,-0.6618074946618127,-1.1359377340385097
0,0,1,1.3286586944031769,1,0,-1.288115451671073,0,1,0,0,1,0,1,-0.04312000789000868,1.896324874118703
0,0,0,-0.7073594915983407,1,1,-0.1913878576454039,0,0,1,1,0,0,3,-0.6595575367864295,-0.3506218629101284
1,0,0,-1.0331224013585834,1,1,0.1409538375138897,0,1,0,1,0,0,3,-0.666160854868426,-0.8701793246898626
1,0,0,-0.5444780367182193,1,0,0.4400613631572539,1,1,0,1,0,0,3,-0.11807404164147112,-0.743012939000639
1,0,1,-0.3001558543980371,1,0,0.3735930241253952,0,0,1,1,0,0,3,0.023549410978337307,-0.287075619147161
1,0,0,0.2292088739623573,1,0,0.174188007029819,0,0,1,1,0,0,3,0.2500388676731109,0.06071718529823783
0,0,0,0.8400143297628127,1,0,-1.5207546382825785,0,1,0,0,0,1,1,-0.5427167561086131,1.5372209870384175
0,0,1,-1.2774445836787656,1,1,0.1409538375138897,1,0,1,1,0,0,3,-0.820835163869886,-0.8179635031527231
1,0,1,0.7992939660427822,1,1,-1.45428629925072,0,0,1,1,0,0,1,-0.48642150150740776,1.7425097373168272
0,0,0,0.4328106925625091,1,0,0.4732955326731833,0,1,0,1,0,0,2,0.5937927629871965,-0.10032505873657976
1,0,1,-0.3815965818380978,1,0,-0.3575587052250508,0,0,1,0,1,0,0,-0.5788805291277802,0.16249170990322237
0,0,0,-1.2367242199587352,1,1,0.5397638717050421,1,0,1,0,0,1,3,-0.5308656344203598,-1.234912417385413
0,0,0,0.0663274190822359,1,0,-0.4904953832887682,0,0,1,0,1,0,1,-0.3621244917737811,0.39090488166335935
1,0,1,-1.0738427650786138,1,1,-0.6566662308684151,1,0,1,0,1,0,0,-1.2702495134949823,-0.10684560860153941
1,0,0,-0.2594354906780068,1,0,-0.4240270442569095,0,1,0,0,0,1,0,-0.542672620786813,0.03475602859528648
1,0,0,-1.2367242199587352,1,0,-0.6566662308684151,0,0,1,1,0,0,0,-1.3682694135327076,-0.3934469732605871
0,0,1,-0.8702409464784621,1,0,-1.4875204687666492,0,1,0,1,0,0,0,-1.7025282314302224,0.4922456421729075
1,0,0,-1.2774445836787656,1,0,-0.4904953832887682,1,1,0,1,0,0,0,-1.290967704621926,-0.6170257524979602
1,0,0,0.8400143297628127,1,1,1.1047447534758412,0,0,1,1,0,0,2,1.3439572191176297,-0.1415366686023939
1,0,0,-0.748079855318371,1,1,0.3735930241253952,0,1,0,0,0,1,3,-0.31634625733899385,-0.8441062132751638
0,1,0,-0.4223169455581282,1,1,-1.288115451671073,0,0,1,1,0,0,0,-1.1800349473906586,0.5102758786991762
1,0,0,1.2879383306831464,1,0,0.6394663802528302,0,1,0,0,0,1,2,1.297217990593996,0.3863379241206725
0,0,0,1.2064976032430856,1,0,0.2406563460616778,0,1,0,0,0,1,2,0.9589456478154385,0.585859563754719
1,0,0,0.1477681465222966,1,1,0.0080171594501722,1,0,1,1,0,0,3,0.08238466056601622,0.12677801600600266
1,0,0,-1.1552834925186746,1,0,0.5397638717050421,1,0,1,0,0,1,3,-0.4811920743081145,-1.1701260016085653
1,0,1,0.2292088739623573,1,1,0.6727005497687596,0,0,1,1,0,0,2,0.6142806407297663,-0.11340326231208986
1,0,0,-0.0151133083578247,1,1,0.7059347192846889,0,1,0,0,0,1,3,0.4341402183643114,-0.5600774782244463
0,0,1,1.1657772395230557,0,0,-0.4572612137728389,0,1,0,0,0,1,1,0.39022483855056445,1.2689709371185085
0,0,0,1.5322605130033284,1,0,-1.288115451671073,0,0,1,1,0,0,1,0.1351391779332995,1.9559183619506495
1,1,0,-0.055833672077855,1,0,0.805637227832477,0,1,0,0,0,1,3,0.5222317173417749,-0.755720964518166
1,0,0,-0.9516816739185228,1,0,-1.5207546382825785,1,0,1,1,0,0,0,-1.7778180888922448,0.397837552702739
0,0,0,1.369379058123207,1,0,0.8388713973484064,0,1,0,0,0,1,2,1.4959785720047856,0.28958038845375317
0,0,0,-0.9109613101984924,1,0,-1.4875204687666492,0,1,0,1,0,0,0,-1.73642645816909,0.30528786088366716
0,0,1,-0.0965540357978854,1,0,-0.0252170100657571,0,0,1,1,0,0,3,-0.11412789220387459,0.11148532642863901
1,0,1,-1.1145631287986442,1,1,0.8388713973484064,0,0,1,1,0,0,3,-0.2140463589966548,-1.1656247304372525
1,0,1,0.880734693482843,1,1,-1.3545837907029317,0,0,1,1,0,0,1,-0.358707435171784,1.7310421235174762
1,0,0,1.0843365120829946,0,0,-0.7896029089321326,1,1,0,1,0,0,1,0.10740410457539455,1.3118350856607837
1,0,1,0.3106496014024181,1,0,-1.3213496211870024,0,1,0,0,1,0,1,-0.7836432467467258,1.225202807291536
1,0,0,0.1070477828022663,1,0,1.4703206181510644,0,1,0,0,0,1,2,1.0528580469766051,-1.0077200439225
0,0,0,-0.8295205827584317,1,0,-0.0916853490976158,1,1,0,0,1,0,3,-0.7223384399331446,-0.5892424515589284
1,0,0,0.3920903288424788,1,1,1.0050422449280532,1,0,1,1,0,0,2,0.9583352447295618,-0.38597673387101206
0,0,0,1.6137012404433893,1,1,1.437086448635135,0,1,0,0,0,1,2,2.097318355798443,0.05920547857037283
1,0,1,1.247217966963116,0,0,-0.8560712479639913,0,1,0,1,0,0,1,0.18033750207872706,1.6296527512563912
1,0,0,-1.1552834925186746,1,0,-1.4875204687666492,0,1,0,1,0,0,0,-1.9090103807330274,0.15163667644702356
0,1,1,1.4508197855632678,0,0,-0.3907928747409802,0,1,0,0,0,1,1,0.6910947365407931,1.3326154979295424
1,0,0,-0.0151133083578247,1,0,0.0080171594501722,0,0,1,0,1,0,3,-0.0680766880278961,0.009310508851316256
1,0,1,-1.1145631287986442,1,1,0.5065297021891128,1,1,0,0,1,0,3,-0.488935825788951,-1.0137842570945732
0,0,0,1.6137012404433893,1,0,1.4703206181510644,0,1,0,1,0,0,2,2.1288413343958776,0.040906482337881425
1,0,0,-1.2774445836787656,1,1,0.3735930241253952,1,0,1,1,0,0,3,-0.6624528118574536,-1.1189837990965075
0,1,0,-1.2774445836787656,1,0,-0.291090366193192,1,1,0,0,1,0,3,-1.1250208857265376,-0.8551839504156562
0,0,1,1.5729808767233588,1,1,0.8721055668643357,0,0,1,0,1,0,2,1.6725490626765835,0.6766041168664425
0,0,0,-0.7888002190384014,0,0,-1.3545837907029317,1,1,0,0,1,0,0,-1.6379282945700462,0.37945095944981755
0,0,0,0.3513699651224484,1,1,0.5397638717050421,0,0,1,0,0,1,2,0.5867353004735657,-0.12597914142421465
1,1,0,-0.0965540357978854,1,1,0.3403588546094659,0,0,1,1,0,0,3,0.1984574412703365,-0.36145114697153924
0,0,0,-1.2774445836787656,1,1,0.1409538375138897,1,1,0,0,0,1,3,-0.8525040468268862,-1.0712539373779115
0,0,1,-0.4223169455581282,0,0,-0.5237295528046976,0,1,0,1,0,0,0,-0.7592603244772398,0.21911054414175446
1,0,1,-1.2774445836787656,1,1,-1.4875204687666492,0,1,0,0,0,1,0,-1.9977938035439495,0.22037804540780262
0,0,0,-0.9109613101984924,1,1,0.4400613631572539,0,0,1,0,0,1,3,-0.37201535847548994,-0.9391029379549857
0,0,0,-0.5444780367182193,0,1,-0.6566662308684151,1,0,1,0,0,1,0,-0.9410184094887883,0.14317065401601137
1,0,1,-0.2187151269579764,1,1,-0.291090366193192,0,0,1,0,1,0,0,-0.4103266691476871,0.239707023829979
0,0,0,-0.748079855318371,1,0,0.174188007029819,0,1,0,1,0,0,3,-0.44844742326481024,-0.7199085082900035
1,0,0,1.0843365120829946,1,0,1.6364914657307112,0,1,0,0,1,0,2,1.8441560815013007,-0.42037218819401156
1,0,0,-1.2367242199587352,1,1,0.3735930241253952,1,0,1,0,0,1,3,-0.6488462814152091,-1.1040651709008005
1,0,1,-0.8295205827584317,1,0,-1.45428629925072,0,1,0,0,1,0,0,-1.679891668971475,0.5201602327586098
1,0,0,-1.1552834925186746,1,1,-0.6234320613524857,0,1,0,0,1,0,0,-1.3207142951624347,-0.4262675198940648
1,1,0,1.3286586944031769,1,0,1.5035547876669937,0,0,1,1,0,0,2,2.01578595669831,-0.17254369035241213
1,0,1,-1.2367242199587352,1,0,1.071510583959912,0,0,1,0,0,1,3,-0.1577900948959286,-1.4329293769450002
0,1,0,1.5729808767233588,1,1,1.3706181096032763,0,0,1,1,0,0,2,2.101495606571093,0.08125803560968939
0,1,0,-0.0965540357978854,1,1,0.9053397363802652,1,1,0,0,0,1,3,0.5716157893371036,-0.8604091806574721
0,0,0,-0.1372743995179157,1,0,0.3403588546094659,0,1,0,0,1,0,3,0.06989279942163613,-0.4019838899968846
0,0,1,-1.1145631287986442,1,0,1.1379789229917707,1,1,0,0,0,1,3,-0.035618529756833356,-1.491389357946379
0,0,0,-0.62591876415828,1,1,0.9385739058961944,0,0,1,1,0,0,3,0.19563557430428508,-1.0682280082736617
0,0,1,1.1657772395230557,1,1,-1.3545837907029317,0,1,0,0,1,0,1,-0.1976858855736769,1.8371813447746865
0,0,1,-0.6666391278783103,1,1,0.805637227832477,1,0,1,1,0,0,3,0.07835266874768755,-0.8470239508765488
1,0,1,0.5956921474426305,1,1,-1.4875204687666492,0,0,1,0,1,0,1,-0.682012359140999,1.628422598198925
1,0,0,0.188488510242327,1,0,0.4732955326731833,0,1,0,0,0,1,3,0.4061589366374545,-0.26749180154062396
1,0,0,-0.9924020376385532,0,0,-1.3213496211870024,0,1,0,0,1,0,0,-1.7583887169460926,0.2314552992677597
0,0,1,1.2879383306831464,0,1,-0.3243245357091214,0,1,0,0,0,1,1,0.5770563962222913,1.2721947398651132
0,0,1,0.3106496014024181,1,0,-1.3213496211870024,0,1,0,0,0,1,1,-0.769206212803387,1.1894281825930186
0,0,0,-0.9109613101984924,1,0,-1.45428629925072,0,1,0,0,1,0,0,-1.741801012742751,0.28781432996425943
0,0,0,-0.9516816739185228,1,0,0.3735930241253952,1,1,0,0,1,0,3,-0.47976881917950986,-0.9934462835675598
0,1,0,0.8400143297628127,1,0,0.971808075412124,0,1,0,0,0,1,2,1.2706539173537104,-0.26101610661441005
0,0,0,-1.2774445836787656,1,0,-1.45428629925072,0,0,1,1,0,0,0,-1.9594901136013159,0.10785280063883143
1,0,0,-0.7888002190384014,1,1,-1.4875204687666492,0,1,0,0,1,0,0,-1.672950102065873,0.42188537919547675
0,0,0,0.0663274190822359,1,0,-0.3243245357091214,0,1,0,1,0,0,3,-0.22732472810144733,0.19045515759997983
1,0,1,-0.4630373092781585,1,0,-1.3213496211870024,0,1,0,0,0,1,0,-1.314323780331966,0.6661325728359756
1,0,1,-1.318164947398796,1,0,-1.4875204687666492,0,1,0,1,0,0,0,-2.0183943251344063,0.19642352492072562
0,0,0,-0.3001558543980371,1,0,0.3735930241253952,0,1,0,0,0,1,3,-0.0074741547830219635,-0.5573199883143521
1,0,1,-1.2774445836787656,1,0,0.174188007029819,0,1,0,1,0,0,3,-0.8163845929142748,-0.9140754039422679
0,1,0,-1.2367242199587352,1,0,0.3403588546094659,1,1,0,0,0,1,3,-0.6366984815137992,-1.2783650374709818
0,0,1,0.5956921474426305,1,0,-1.45428629925072,0,1,0,0,0,1,1,-0.662479437046408,1.4795821377688605
0,1,0,-0.055833672077855,1,1,1.1712130925077,1,0,1,1,0,0,3,0.814435841690068,-0.9194374530634847
0,0,1,-1.318164947398796,1,0,-1.4875204687666492,0,0,1,1,0,0,0,-2.0063718212783885,0.26072087111037845
1,0,0,0.5956921474426305,1,1,-1.4875204687666492,0,0,1,1,0,0,1,-0.6584125311183145,1.4645938720836782
1,0,0,-1.2774445836787656,1,0,-1.45428629925072,0,1,0,0,1,0,0,-2.000354237990836,0.048860585838292815
1,0,0,-0.9516816739185228,0,0,-0.9890079260277088,1,1,0,1,0,0,0,-1.466220002586124,0.026797731356533013
1,0,0,-1.1552834925186746,0,1,-1.1551787736073555,0,1,0,0,1,0,0,-1.7486851329108695,0.012861133764089032
1,1,0,-0.5444780367182193,1,1,0.7391688888006183,0,0,1,1,0,0,3,0.16484145627989305,-0.9475711468679878
1,0,0,0.4328106925625091,1,1,0.3403588546094659,1,0,1,0,1,0,2,0.48880873922727575,0.10333583025165013
0,0,1,0.4328106925625091,1,0,0.3403588546094659,0,1,0,0,1,0,2,0.47632467112514554,0.15461831661275524
1,0,1,-0.5851984004382496,1,1,-0.6234320613524857,0,0,1,0,1,0,0,-0.9029052367985481,0.21158596784723033
0,1,0,0.2699292376823877,1,0,1.1712130925077,0,1,0,1,0,0,2,1.0253161377058735,-0.7822511339816487
1,1,0,-0.8702409464784621,1,0,1.536788957182923,0,1,0,0,0,1,3,0.4653784838973033,-1.8255352665678033
1,0,0,-1.2774445836787656,0,1,-0.9557737565117794,1,0,1,0,1,0,0,-1.6824748531755906,-0.12786211864471086
0,0,0,-1.2774445836787656,1,1,0.1409538375138897,1,0,1,1,0,0,3,-0.8260769563807042,-0.9764870978788557
0,0,0,0.4328106925625091,0,1,-1.0222420955436382,0,0,1,1,0,0,1,-0.4963518097880567,1.0896719752917383
1,0,1,-0.8295205827584317,1,1,-1.288115451671073,0,0,1,1,0,0,0,-1.5153435408301748,0.4912489632499107
1,0,1,0.7992939660427822,1,0,0.6727005497687596,0,1,0,1,0,0,2,0.9970995421138683,0.19438817614839216
1,0,0,1.5729808767233588,1,0,0.6062322107369008,0,0,1,0,0,1,2,1.485723150890877,0.6894071735026034
0,0,0,1.5729808767233588,1,0,1.4703206181510644,0,1,0,0,1,0,2,2.0713432796343256,0.017777427163887936
1,0,0,-0.0965540357978854,1,0,0.971808075412124,0,1,0,1,0,0,3,0.5726197902245386,-0.7946954837428074
0,0,1,0.2699292376823877,1,0,-1.3545837907029317,0,1,0,1,0,0,1,-0.8062798092054732,1.1972882167058336
0,0,1,-1.1960038562387048,1,0,-0.3243245357091214,1,0,1,1,0,0,0,-1.0990552099997823,-0.45122974999856935
1,0,1,1.4508197855632678,1,0,0.3735930241253952,1,0,1,1,0,0,2,1.2557760827844604,0.9355944030664681
0,0,1,0.3513699651224484,1,1,-1.5207546382825785,0,1,0,0,1,0,1,-0.888149899933873,1.3823909250551432
0,0,0,-0.9924020376385532,1,1,0.7391688888006183,1,1,0,1,0,0,3,-0.2144519161675862,-1.2687149946221539
0,0,0,1.6137012404433893,1,0,-1.3545837907029317,0,1,0,0,0,1,1,0.11909082402353323,1.963577220194853
1,0,0,-0.9109613101984924,1,1,0.5065297021891128,1,0,1,1,0,0,3,-0.3106766399656426,-0.9541907692626267
1,0,1,-0.8295205827584317,1,1,-0.3575587052250508,1,0,1,1,0,0,0,-0.8582656939546084,-0.14655358138870603
0,1,0,-0.62591876415828,1,0,0.6727005497687596,1,1,0,0,0,1,3,0.02781869150535783,-1.0796388621095874
0,0,1,1.4508197855632678,1,0,0.4400613631572539,0,1,0,0,1,0,2,1.263136724705905,0.7971369937648807
0,0,0,1.002895784642934,1,0,1.3041497705714176,1,1,0,0,1,0,2,1.5528178706424265,-0.266407873177009
0,1,0,0.188488510242327,1,1,1.4038522791192056,1,0,1,0,1,0,2,1.121802288243753,-0.9029778384553786
1,0,1,-1.2774445836787656,1,0,-0.5237295528046976,1,0,1,1,0,0,0,-1.2978157914105724,-0.3544722143316502
0,0,0,0.8400143297628127,1,0,1.4038522791192056,1,1,0,0,0,1,2,1.5223850483574517,-0.46730129611152066
0,0,0,0.0663274190822359,1,1,0.5065297021891128,0,1,0,1,0,0,3,0.36634591204280603,-0.36997550782170074
0,0,0,0.6771328748826912,1,1,-0.1581536881294745,1,1,0,0,1,0,1,0.2980094857332113,0.5174156681844688
0,0,0,1.5322605130033284,1,1,0.7059347192846889,0,0,1,0,0,1,2,1.5351072228862057,0.584718957363297
1,1,0,1.4100994218432374,1,1,0.0080171594501722,0,0,1,0,0,1,2,1.009024944323942,0.9048848205812635
0,0,0,0.758573602322752,1,0,-1.3213496211870024,0,1,0,1,0,0,1,-0.44417732501985724,1.3571961984284708
0,0,0,-1.1960038562387048,1,0,0.174188007029819,0,1,0,1,0,0,3,-0.7636681997733532,-1.0326845604841874
0,0,0,-1.2774445836787656,1,0,0.2074221765457484,0,0,1,1,0,0,3,-0.7861368156092332,-1.0310803147872698
1,0,1,0.9621754209229036,1,1,0.3735930241253952,0,0,1,1,0,0,2,0.9188928631960803,0.6034200566005464
1,0,0,-0.8295205827584317,1,0,1.6032572962147815,1,0,1,1,0,0,3,0.5140554140170179,-1.6580541446090078
1,0,1,-0.2187151269579764,1,1,1.2044472620236295,0,1,0,0,1,0,3,0.6343141123848098,-0.8665840611851674
0,0,1,1.0436161483629645,1,0,1.3373839400873468,0,0,1,1,0,0,2,1.6504019705350153,-0.02628260445374947
0,0,0,-1.0738427650786138,1,1,-1.4875204687666492,0,1,0,1,0,0,0,-1.8440582039330753,0.2005870069226065
0,0,1,1.2879383306831464,1,1,-1.3545837907029317,0,0,1,0,0,1,1,-0.08654767948145405,1.9849144958391498
0,0,1,-0.6666391278783103,1,0,0.5065297021891128,0,0,1,1,0,0,3,-0.13984491603909951,-0.6510518823912207
0,0,1,0.4735310562825394,1,0,0.971808075412124,0,1,0,1,0,0,2,0.979696979123689,-0.25504721207516995
1,0,1,-0.6666391278783103,1,0,-1.4875204687666492,0,1,0,0,1,0,0,-1.588732998019119,0.6566756413195625
1,0,0,0.4735310562825394,1,0,-1.4875204687666492,0,1,0,0,0,1,1,-0.777802915396857,1.2754885806039291
1,1,0,-0.0965540357978854,1,0,1.2376814315395588,0,1,0,0,1,0,3,0.7848554238439689,-1.061457071335545
1,0,0,-0.3001558543980371,1,0,0.4732955326731833,0,1,0,1,0,0,3,0.07733162968666686,-0.5951864819305152
0,0,0,-0.748079855318371,1,0,0.2074221765457484,1,0,1,1,0,0,3,-0.4136031706445914,-0.6614358894668703
0,0,1,-1.1552834925186746,1,1,-0.4572612137728389,1,0,1,1,0,0,0,-1.1572730484628877,-0.3226450219100037
0,0,0,0.3920903288424788,1,1,1.1379789229917707,0,0,1,1,0,0,2,1.0528488257645694,-0.4940453180471028
1,0,0,-0.5444780367182193,1,0,0.6727005497687596,0,1,0,1,0,0,3,0.04619542007742049,-0.9024635751602933
1,1,1,-1.0331224013585834,1,0,-0.6234320613524857,0,1,0,0,0,1,0,-1.1693647478937828,-0.30013536804016966
0,0,1,-0.9109613101984924,1,1,0.0412513289661016,0,0,1,0,1,0,3,-0.6621700742304691,-0.4884147057700738
0,0,0,-0.7073594915983407,1,0,1.2376814315395588,0,1,0,1,0,0,3,0.33115512167817185,-1.4203915155996005
1,0,0,-0.8295205827584317,1,0,1.4038522791192056,1,1,0,0,1,0,3,0.3330342110640885,-1.597328320500417
0,0,1,-0.8295205827584317,1,0,-1.5207546382825785,1,0,1,1,0,0,0,-1.6859616765016374,0.6247097721761922
0,0,0,-0.9924020376385532,1,0,-1.5207546382825785,0,1,0,0,0,1,0,-1.832256296370835,0.257682591698573
0,0,1,-0.9109613101984924,1,1,-1.4875204687666492,0,0,1,1,0,0,0,-1.7128134878496823,0.554098629032825
1,1,0,0.9214550572028734,1,1,0.3071246850935365,0,0,1,1,0,0,2,0.8914012310117294,0.3721821794146742
0,0,0,1.4915401492832985,1,1,0.5729980412209714,0,0,1,1,0,0,2,1.4276324286045947,0.6609149784016787
0,0,0,-0.6666391278783103,1,0,-1.4875204687666492,0,1,0,1,0,0,0,-1.5644878528007937,0.475892980262313
1,0,0,0.758573602322752,0,1,-1.1551787736073555,0,0,1,0,0,1,1,-0.3766638207844738,1.4116984936052892
0,0,0,1.5729808767233588,1,0,0.8388713973484064,0,1,0,0,0,1,2,1.6392607431450326,0.43175132126929144
0,0,0,0.880734693482843,1,0,0.174188007029819,1,1,0,1,0,0,2,0.6978099458571648,0.4174589542343028
1,0,0,-1.2774445836787656,1,1,-0.5237295528046976,0,1,0,1,0,0,0,-1.3074407794335552,-0.5852111978980682
0,0,0,-0.2594354906780068,1,0,-0.3243245357091214,0,1,0,0,0,1,0,-0.4716261057116471,-0.05053389327228209
0,0,0,-0.9924020376385532,1,0,-1.4875204687666492,1,1,0,1,0,0,0,-1.7937393266251889,0.24841948775745176
0,1,0,-1.1145631287986442,1,0,0.3071246850935365,1,1,0,1,0,0,3,-0.5591463410036881,-1.1567682571057363
0,0,1,1.4915401492832985,0,0,-0.3243245357091214,0,1,0,1,0,0,1,0.728394480000131,1.4188453387566824
1,1,0,0.5549717837226001,1,1,1.1379789229917707,0,0,1,0,1,0,2,1.1913283514218231,-0.4478869259772312
0,0,0,0.5549717837226001,1,0,1.0382764144439829,1,0,1,1,0,0,2,1.09007937364903,-0.3210084771604763
1,0,0,-0.9516816739185228,1,1,1.0382764144439829,0,1,0,0,0,1,3,0.009712890717592543,-1.4418503922611428
0,0,0,0.8400143297628127,1,0,1.5700231266988525,0,1,0,1,0,0,2,1.6547702819424646,-0.5676790492867301
0,0,0,0.3513699651224484,0,0,-0.8228370784480619,0,1,0,0,1,0,1,-0.4600750808271974,0.8111495862804795
0,0,0,0.3513699651224484,1,1,-1.4875204687666492,0,0,1,1,0,0,1,-0.82970581929097,1.2770348177630297
0,0,0,1.4508197855632678,0,0,-0.6566662308684151,0,1,0,0,0,1,1,0.44477568987704175,1.4461586221852614
0,0,0,0.1477681465222966,0,1,-1.1219446040914265,0,0,1,0,1,0,1,-0.7961896677974301,0.964273787664665
0,0,0,0.5956921474426305,1,0,0.0080171594501722,0,1,0,1,0,0,2,0.37987957646161097,0.3323129598351592
1,0,1,-1.1552834925186746,1,0,-0.5237295528046976,1,1,0,0,0,1,0,-1.2382735791726058,-0.3639364941413831
1,0,1,1.1657772395230557,1,1,0.5397638717050421,0,0,1,1,0,0,2,1.1795103641355353,0.6316976778734745
1,1,0,0.1477681465222966,1,0,0.6394663802528302,1,1,0,0,1,0,3,0.5343868419351155,-0.4808360304035026
0,1,0,-0.748079855318371,1,0,0.4732955326731833,1,1,0,0,1,0,3,-0.21274472368553804,-1.0094487581912632
0,0,0,0.7178532386027215,1,1,1.4703206181510644,1,0,1,1,0,0,2,1.516770959187381,-0.49435844862746176
1,0,1,-0.2187151269579764,1,0,0.6727005497687596,0,0,1,0,1,0,3,0.2632242525395083,-0.4299100754085298
1,0,0,-0.3815965818380978,1,0,-1.4875204687666492,0,0,1,0,1,0,0,-1.3820025642732143,0.7784426336668384
1,0,0,-1.1960038562387048,1,0,0.3403588546094659,1,1,0,1,0,0,3,-0.6469781871697858,-1.1296239370847954
0,0,0,0.1477681465222966,1,1,1.3373839400873468,0,0,1,0,1,0,2,0.9928709956218206,-0.7960172798877665
0,0,0,-0.3408762181180675,1,0,0.3403588546094659,1,0,1,1,0,0,3,-0.03317056452473105,-0.46820867306988184
0,0,1,1.3286586944031769,1,0,1.3706181096032763,1,1,0,1,0,0,2,1.8630868894308257,0.06872675804782678
1,0,0,-0.055833672077855,0,0,-0.4904953832887682,0,1,0,0,1,0,0,-0.5126140807049157,0.31597503250618525
0,0,0,1.247217966963116,1,0,0.5065297021891128,0,1,0,0,0,1,2,1.175338609722221,0.43206445184965053
0,0,0,1.4100994218432374,1,1,-0.1581536881294745,0,0,1,1,0,0,1,0.8540441090319797,1.1051771760629476
0,0,0,1.0436161483629645,1,0,-1.3545837907029317,0,1,0,0,1,0,1,-0.2958909719168558,1.5843192980678606
0,0,0,-0.7073594915983407,1,1,1.3373839400873468,1,0,1,1,0,0,3,0.4199274973662862,-1.3984403291021414
1,0,0,-0.6666391278783103,1,0,0.5397638717050421,0,1,0,1,0,0,3,-0.13364214644609418,-0.8966514856155281
0,0,0,-0.9924020376385532,1,0,0.0412513289661016,0,1,0,0,0,1,3,-0.7293041962582779,-0.8129145368019621
0,0,1,1.5729808767233588,1,0,0.8388713973484064,0,1,0,1,0,0,2,1.6595524394416554,0.603790474362825
1,0,0,-1.1552834925186746,1,1,-1.4875204687666492,0,0,1,1,0,0,0,-1.890639202924438,0.24192384987004878
1,0,1,1.4508197855632678,1,0,0.6062322107369008,0,0,1,0,1,0,2,1.3912039239698495,0.7814488982959282
0,0,0,-0.7073594915983407,1,0,-0.291090366193192,0,0,1,1,0,0,0,-0.7369527258141667,-0.29132176827593237
1,0,1,-0.7888002190384014,1,0,-0.4240270442569095,0,1,0,0,0,1,0,-0.9099644732406366,-0.17636480199898036
0,0,0,0.3920903288424788,1,0,-1.4875204687666492,0,0,1,1,0,0,1,-0.8080433762111328,1.2964331120347674
1,0,1,-1.1552834925186746,1,0,-0.6566662308684151,0,1,0,0,1,0,0,-1.3459335597596702,-0.25400115515078003
0,0,0,0.7178532386027215,1,0,1.5035547876669937,0,1,0,0,1,0,2,1.4930252268051307,-0.6021191529698948
0,0,1,-1.1552834925186746,0,1,-0.2578561966772627,0,0,1,1,0,0,0,-1.068968435094806,-0.3846469390393344
0,0,1,-1.2367242199587352,1,0,-0.4240270442569095,0,1,0,1,0,0,0,-1.209490028767734,-0.49257923076776616
0,0,1,0.5549717837226001,1,0,-1.5207546382825785,0,0,1,1,0,0,1,-0.7116429127479585,1.5914721153218527
1,0,0,1.0436161483629645,1,0,1.3373839400873468,1,1,0,0,1,0,2,1.6042960536346766,-0.24379841398042085
1,0,1,-0.62591876415828,0,0,-0.6899004003843444,0,0,1,1,0,0,0,-1.0091459559519589,0.2890381389424839
0,0,0,-1.2367242199587352,1,1,1.0050422449280532,1,0,1,1,0,0,3,-0.18727680719677203,-1.5402981313373205
0,0,1,1.4508197855632678,1,0,0.6727005497687596,0,1,0,1,0,0,2,1.4562478069582991,0.6323812262161121
0,1,0,-0.1779947632379461,1,1,1.536788957182923,0,0,1,1,0,0,3,0.9866042645641778,-1.2553052981465498
0,0,1,0.3106496014024181,1,1,-1.288115451671073,0,0,1,0,0,1,1,-0.727367969034956,1.256936693707522
1,0,0,0.1070477828022663,1,0,0.3403588546094659,1,1,0,0,0,1,3,0.2549778043419892,-0.23324552543275118
0,0,0,-1.1145631287986442,1,0,-0.0252170100657571,0,1,0,0,0,1,3,-0.8622076308621092,-0.852659771874241
1,0,1,-0.748079855318371,1,0,-1.4875204687666492,0,1,0,1,0,0,0,-1.617204245941715,0.5945021368042328
1,0,0,-1.0738427650786138,1,0,-0.4904953832887682,0,1,0,0,1,0,0,-1.1765271540151816,-0.4695496882933076
1,0,0,1.4100994218432374,1,1,0.0412513289661016,0,1,0,0,0,1,2,0.9677740971492067,0.890692297654762
1,1,0,1.247217966963116,1,0,0.6394663802528302,0,1,0,0,1,0,2,1.3081105660924488,0.2868870068004041
0,0,0,-1.1145631287986442,1,1,-0.3575587052250508,0,1,0,1,0,0,0,-1.0748343955265085,-0.60232169813025
1,0,0,-1.0738427650786138,1,0,0.6062322107369008,1,1,0,1,0,0,3,-0.37327235680690474,-1.2265506758636484
1,0,0,0.6771328748826912,1,1,0.971808075412124,0,1,0,0,0,1,2,1.1090361279198842,-0.2589256051197925
0,0,1,1.1657772395230557,1,1,-1.5207546382825785,0,1,0,0,1,0,1,-0.31502121537288513,1.9510746563172967
1,0,0,-0.9109613101984924,1,0,-1.4875204687666492,0,1,0,0,1,0,0,-1.7659133958982334,0.32754692721478373
0,0,0,1.6137012404433893,1,1,1.7361939742784993,0,1,0,0,1,0,2,2.2947302326893206,-0.1269817924498105
1,0,0,0.8400143297628127,1,1,0.4068271936413246,0,0,1,0,0,1,2,0.8360989301751507,0.3232996815091678
0,0,0,-1.2774445836787656,1,0,-1.4875204687666492,1,1,0,0,0,1,0,-2.009384270007339,0.03586462344829746
0,0,1,-0.4223169455581282,1,1,-1.45428629925072,0,1,0,0,0,1,0,-1.37189630159943,0.777763365982539
1,0,0,0.0663274190822359,1,1,1.1712130925077,1,0,1,1,0,0,3,0.8464191007043751,-0.7273435379184835
0,0,0,-1.1145631287986442,1,1,0.805637227832477,1,1,0,0,0,1,3,-0.26853699071785575,-1.4130904372959217
0,0,0,-1.1145631287986442,1,1,-1.4875204687666492,1,1,0,0,0,1,0,-1.8877645419469293,0.15863726199209807
0,0,0,0.9621754209229036,1,0,-1.3545837907029317,0,0,1,1,0,0,1,-0.31298503317907483,1.6033970746841864
1,1,0,-0.8702409464784621,1,0,0.4732955326731833,0,0,1,1,0,0,3,-0.25914053637144735,-1.0018512331960425
0,0,1,0.0256070553622056,1,0,-0.2246220271613333,0,1,0,0,1,0,1,-0.2091797924726561,0.2575137102265531
1,0,0,1.0436161483629645,1,0,0.7059347192846889,0,1,0,1,0,0,2,1.1872634209311879,0.1836910384923834
1,1,0,0.0663274190822359,1,0,0.3735930241253952,0,1,0,1,0,0,3,0.3181790663337862,-0.3607802364506559
0,0,0,1.3286586944031769,1,0,-1.288115451671073,0,1,0,0,0,1,1,-0.03457008365312922,1.7189805896360555
1,1,0,-1.2367242199587352,1,1,-0.6899004003843444,1,1,0,0,1,0,0,-1.3716205690640166,-0.5274159889169119
1,1,0,-0.62591876415828,1,0,0.5729980412209714,1,1,0,1,0,0,3,-0.02817791978400326,-0.9808333818746183
1,0,1,1.247217966963116,0,0,-0.7896029089321326,0,1,0,0,0,1,1,0.21222173021260554,1.5705798682719463
0,0,1,1.6137012404433893,1,1,-1.3213496211870024,0,0,1,1,0,0,1,0.18122076408858728,2.2031248844028894
0,0,1,0.4328106925625091,1,0,0.9385739058961944,0,1,0,1,0,0,2,0.9275734789357978,-0.2607027363297553
1,0,0,1.6137012404433893,1,1,1.6032572962147815,0,0,1,0,0,1,2,2.2253855550623878,0.04351738310142053
0,0,1,-1.0738427650786138,1,1,-1.4875204687666492,0,0,1,1,0,0,0,-1.82743922476188,0.44036188278039445
1,0,0,-1.2774445836787656,1,1,-1.3213496211870024,0,1,0,1,0,0,0,-1.8706503624697548,-0.03852330249353953
0,0,1,-0.2594354906780068,1,0,-0.1581536881294745,1,1,0,1,0,0,3,-0.33399907961581576,0.007611948278641239
0,0,1,1.6137012404433893,1,1,1.0050422449280532,0,0,1,0,1,0,2,1.7950737607439997,0.613923654195462
0,1,0,0.9621754209229036,1,1,1.5700231266988525,1,0,1,1,0,0,2,1.8124514889094019,-0.4819267366880576
1,0,0,-0.62591876415828,1,0,1.270915601055488,0,1,0,0,1,0,3,0.3824481183649686,-1.3640427384507907
0,0,0,-1.2774445836787656,1,0,-0.3243245357091214,0,1,0,1,0,0,0,-1.1729870576270767,-0.7478729989825728
1,0,1,1.4508197855632678,1,0,0.7059347192846889,0,0,1,1,0,0,2,1.4904467423828767,0.7078077799812478
0,0,1,1.1657772395230557,1,1,-1.3213496211870024,0,1,0,0,1,0,1,-0.1742188196138353,1.8144026824661645
0,0,0,-0.8702409464784621,0,0,-0.8228370784480619,0,0,1,1,0,0,0,-1.2795493004747993,0.03407013912979092
0,0,0,0.0663274190822359,1,0,0.6727005497687596,0,1,0,1,0,0,3,0.476687250693802,-0.4929047116556809
1,0,0,1.6137012404433893,1,1,-1.3545837907029317,0,0,1,1,0,0,1,0.15186658842228645,2.084333886927281
1,0,0,-0.2594354906780068,1,1,-0.0916853490976158,0,1,0,0,1,0,3,-0.3147996867878821,-0.16517401244204877
1,0,0,1.369379058123207,1,1,1.0050422449280532,0,0,1,1,0,0,2,1.6460896662027464,0.29644374364357157
0,0,0,1.2879383306831464,1,0,0.6727005497687596,0,0,1,1,0,0,2,1.3477574641956604,0.44137216636920407
1,0,0,-1.1960038562387048,1,0,-0.1249195186135452,0,1,0,0,0,1,3,-0.9905670143933737,-0.8242382231328879
0,0,0,-0.5037576729981889,1,1,-1.4875204687666492,0,1,0,1,0,0,0,-1.442868124740384,0.5986656188061136
0,0,1,0.6364125111626608,1,1,1.270915601055488,1,0,1,1,0,0,2,1.3238974874830503,-0.256031253176412
1,0,1,0.4328106925625091,1,0,0.2406563460616778,0,1,0,0,0,1,2,0.4190698727976775,0.2210875487238088
1,1,0,-0.748079855318371,1,1,-1.4875204687666492,0,0,1,1,0,0,0,-1.5507341341697443,0.4364282949874497
0,0,1,1.002895784642934,1,0,-1.4875204687666492,0,0,1,1,0,0,1,-0.3729550702795738,1.881469505207515
1,0,1,1.6137012404433893,1,0,0.0412513289661016,0,1,0,0,1,0,2,1.0955123529043618,1.201171622661578
1,0,0,1.6137012404433893,1,0,-1.288115451671073,0,0,1,0,1,0,1,0.16296510866025482,2.0350458014079815
1,0,1,0.2292088739623573,1,1,0.5397638717050421,0,1,0,0,0,1,2,0.4939852864442178,-0.11705545257705768
0,0,0,-1.2367242199587352,1,0,-0.4904953832887682,1,0,1,1,0,0,0,-1.2502887665378586,-0.5242942197451997
0,1,0,-1.1552834925186746,1,1,1.0050422449280532,1,1,0,1,0,0,3,-0.08800039892685058,-1.6545184598564364
0,0,0,-0.2594354906780068,1,1,0.174188007029819,0,1,0,1,0,0,3,-0.09757622138000543,-0.3696623772413416
1,0,1,-0.2594354906780068,1,1,-1.4875204687666492,0,0,1,1,0,0,0,-1.2549558573965334,1.0259995489845501
0,0,0,-0.7073594915983407,0,0,-0.8560712479639913,0,1,0,0,1,0,0,-1.2286094367163227,0.09463939794820256
1,0,1,-0.4223169455581282,1,1,1.1712130925077,0,1,0,0,1,0,3,0.4675648752847211,-0.9859763316921836
0,0,1,-0.7888002190384014,1,0,-1.3213496211870024,0,1,0,0,1,0,0,-1.5567216537084179,0.4405258351456268
0,1,0,-1.0738427650786138,0,0,-0.6899004003843444,0,1,0,0,0,1,0,-1.3020495717476612,-0.3838197029325671
1,1,0,-0.5037576729981889,1,0,-0.3575587052250508,0,0,1,0,1,0,0,-0.6167508978485468,-0.1711718650259091
1,0,1,1.6137012404433893,1,0,-1.4875204687666492,0,1,0,0,1,0,1,0.016027318751646022,2.2489900888535908
1,1,0,0.0663274190822359,1,0,1.1712130925077,0,1,0,1,0,0,3,0.8813886493699857,-0.9074681318551845
0,0,0,0.7992939660427822,1,0,-1.45428629925072,0,0,1,1,0,0,1,-0.49801196797079744,1.5579963153573217
0,0,0,1.4915401492832985,1,1,-1.3213496211870024,0,0,1,0,1,0,1,0.06116804836011837,1.9646038613765484
0,0,0,0.2699292376823877,1,0,-1.4875204687666492,0,1,0,1,0,0,1,-0.905389865555658,1.129879271213789
1,0,1,1.3286586944031769,1,0,0.3403588546094659,1,1,0,0,1,0,2,1.1061209069465912,0.7971243559431263
1,0,0,1.4508197855632678,1,0,-1.3213496211870024,0,1,0,0,0,1,1,0.0272868358755365,1.8440157465759028
0,0,0,-0.3001558543980371,1,0,0.6727005497687596,0,1,0,1,0,0,3,0.21877934264135773,-0.7488123907236497
1,0,0,-1.0738427650786138,1,0,0.6394663802528302,1,1,0,1,0,0,3,-0.3498052908470631,-1.2493293381721706
0,1,0,1.2879383306831464,1,0,0.174188007029819,1,1,0,1,0,0,2,1.0377150146118586,0.6119633993517035
1,0,1,-1.0331224013585834,1,1,0.174188007029819,1,1,0,1,0,0,3,-0.6374519963977661,-0.7344343922722518
0,0,1,-0.0151133083578247,1,0,0.7059347192846889,0,1,0,0,0,1,3,0.4330333369225584,-0.4275437107316861
1,0,0,0.3513699651224484,1,0,-1.4875204687666492,0,1,0,1,0,0,1,-0.8487223142952003,1.203701579282007
1,0,0,-1.2367242199587352,1,1,-0.6566662308684151,1,0,1,1,0,0,0,-1.3612754223844956,-0.38441108096921706
1,0,0,-0.3408762181180675,0,1,-0.4572612137728389,0,1,0,0,0,1,0,-0.6689563464455096,0.08437226679076479
0,0,0,-1.2774445836787656,1,1,-1.5207546382825785,0,1,0,0,0,1,0,-2.0258573448189683,0.06767917804818946
0,0,0,0.880734693482843,0,0,-0.6899004003843444,0,1,0,0,1,0,1,0.006326827976811014,1.089679362366791
0,0,1,0.2699292376823877,1,1,-0.1581536881294745,0,0,1,1,0,0,1,0.05690574315741549,0.46754354702206596
0,0,0,-0.748079855318371,1,1,0.5065297021891128,1,1,0,0,0,1,3,-0.22183267630398623,-0.9521747974512544
1,0,1,-1.0331224013585834,1,0,0.174188007029819,0,0,1,1,0,0,3,-0.6330688008856012,-0.6622190034319667
1,0,0,-0.3001558543980371,1,0,-1.4875204687666492,0,1,0,0,0,1,0,-1.322275165729795,0.7352390359048836
1,0,1,0.4735310562825394,1,0,0.9385739058961944,0,1,0,0,1,0,2,0.9267429754347037,-0.21000948343553105
1,0,1,1.1657772395230557,1,0,1.1712130925077,0,1,0,1,0,0,2,1.6070134395639373,0.10861592058853092
1,0,0,1.6137012404433893,1,1,1.6364914657307112,0,0,1,0,1,0,2,2.235060904274532,0.03955941054941321
0,0,1,0.4328106925625091,1,0,1.1379789229917707,0,1,0,1,0,0,2,1.0683758746948477,-0.39737471018088755
0,0,0,1.0436161483629645,1,1,1.437086448635135,0,1,0,1,0,0,2,1.7111781803915571,-0.3253575749457334
0,0,0,1.5729808767233588,0,0,0.0744854984820309,0,0,1,1,0,0,2,1.0734475341238878,1.1250974505861557
1,1,0,0.0663274190822359,1,1,0.6727005497687596,0,0,1,1,0,0,3,0.5477538377809504,-0.47550102380432896
1,1,0,0.7992939660427822,1,1,0.2738905155776072,0,1,0,0,0,1,2,0.7555377719215577,0.21489144253481723
0,1,0,1.2879383306831464,0,0,-0.6899004003843444,0,0,1,0,0,1,1,0.37140080013957977,1.3466143988593322
1,0,0,0.4735310562825394,1,0,0.6727005497687596,0,1,0,0,0,1,2,0.7475563719928501,-0.20512446945000265
1,0,1,-0.7888002190384014,1,0,-0.6566662308684151,0,1,0,1,0,0,0,-1.0591840311737233,-0.0033986074719254064
1,0,0,-0.3408762181180675,1,1,0.8721055668643357,1,1,0,1,0,0,3,0.33727397812492943,-0.887928723904517
1,0,1,1.5322605130033284,1,1,1.6697256352466403,0,1,0,0,1,0,2,2.195079707628716,0.037184688709153556
0,1,0,-1.2774445836787656,1,0,0.6727005497687596,1,1,0,1,0,0,3,-0.41563435235762736,-1.521070288751909
0,0,0,-0.8702409464784621,1,0,0.3735930241253952,1,1,0,0,0,1,3,-0.4086642339757132,-0.9553986001978593
1,0,0,-0.8295205827584317,1,0,-0.1581536881294745,1,0,1,0,0,1,3,-0.7447489856403938,-0.4643006006247417
1,0,0,1.6137012404433893,1,1,1.536788957182923,0,0,1,1,0,0,2,2.1935013269285095,0.10259026608586522
0,1,0,-0.9924020376385532,1,1,1.2044472620236295,1,0,1,0,0,1,3,0.1637550166189693,-1.6097179646908835
1,0,0,-0.7073594915983407,1,0,0.6727005497687596,0,1,0,0,1,0,3,-0.09727193736827967,-1.0108951900236096
0,0,1,-0.7888002190384014,1,0,-0.291090366193192,0,1,0,0,1,0,0,-0.829242608953327,-0.26561269641855595
0,0,0,1.4508197855632678,1,0,0.5065297021891128,0,1,0,1,0,0,2,1.3336706846482727,0.5877509430325896
0,0,0,-0.62591876415828,1,1,0.5065297021891128,0,0,1,0,0,1,3,-0.12448618695946101,-0.7856209566302764
0,0,1,1.5729808767233588,1,1,-1.3213496211870024,0,0,1,1,0,0,1,0.15256432986053775,2.1746906978397815
1,0,0,-1.0738427650786138,1,0,0.1409538375138897,0,1,0,0,0,1,3,-0.7168611840304926,-0.921164961911741
0,0,0,-1.0738427650786138,1,1,0.8721055668643357,1,0,1,0,0,1,3,-0.181569237909746,-1.3489622942182027
0,0,1,0.5956921474426305,1,0,-1.5207546382825785,0,1,0,0,1,0,1,-0.723205285713789,1.5439601521424193
0,0,0,-1.1552834925186746,1,1,0.3735930241253952,0,1,0,1,0,0,3,-0.5872153786380419,-1.131886455480842
1,1,0,-0.7888002190384014,1,0,0.971808075412124,0,1,0,1,0,0,3,0.13880113482189915,-1.3679140758293131
0,0,0,-1.1960038562387048,1,1,0.3403588546094659,0,1,0,0,0,1,3,-0.6543887826117374,-1.1510575381028283
1,0,0,-0.8295205827584317,1,1,-0.3575587052250508,0,1,0,0,0,1,0,-0.8899345769116086,-0.39984401561389465
0,0,0,-0.62591876415828,1,1,0.5065297021891128,0,0,1,1,0,0,3,-0.1094362831736562,-0.7721053982628757
0,0,0,-0.5444780367182193,1,1,-0.2246220271613333,0,1,0,0,1,0,3,-0.6086176730279534,-0.2900526040917168
1,0,0,0.7992939660427822,1,0,-1.45428629925072,0,0,1,0,1,0,1,-0.5274989056999411,1.5802553816884386
1,0,0,-0.1372743995179157,1,0,0.8388713973484064,0,1,0,0,0,1,3,0.43504518837131767,-0.7455305794392275
1,0,0,-1.1960038562387048,1,1,-0.6566662308684151,0,0,1,0,0,1,0,-1.3476688919422506,-0.3694924527735101
1,1,0,-1.1960038562387048,0,0,-0.9557737565117794,1,0,1,0,1,0,0,-1.5788152493935041,-0.1698670583235412
1,0,1,-0.0151133083578247,1,0,0.6394663802528302,0,0,1,1,0,0,3,0.4118809782534162,-0.2702656116735837
1,0,0,0.9214550572028734,1,1,1.3041497705714176,1,0,1,0,1,0,2,1.513230862799276,-0.21603513793819668
1,0,0,-0.5037576729981889,1,0,1.1379789229917707,0,1,0,1,0,0,3,0.40339077774325294,-1.1929306609164938
1,0,1,-0.4223169455581282,1,0,-1.4875204687666492,0,1,0,1,0,0,0,-1.3879527721173202,0.8219756293090941
1,1,1,1.125056875803025,1,1,0.5397638717050421,0,1,0,0,0,1,2,1.1777675659355042,0.4186592312976351
0,1,0,-0.2187151269579764,1,1,0.7724030583165477,1,0,1,1,0,0,3,0.41820531325977084,-0.7598302516136509
0,0,0,-1.1552834925186746,1,0,0.971808075412124,1,1,0,0,1,0,3,-0.20064380304260698,-1.5456331379364947
1,0,0,-1.1960038562387048,1,1,0.6727005497687596,1,0,1,1,0,0,3,-0.39393634976278,-1.2671233867469902
1,1,0,-0.8295205827584317,0,0,-1.188412943123285,0,0,1,1,0,0,0,-1.456335182526449,0.24018612551496765
1,0,0,-0.62591876415828,1,1,-0.4240270442569095,1,0,1,1,0,0,0,-0.7671594472448632,-0.11734891868225653
0,0,1,-0.8295205827584317,1,1,0.4400613631572539,1,0,1,1,0,0,3,-0.294410793722768,-0.710195411735237
0,0,1,0.5142514200025698,1,1,-1.3213496211870024,0,0,1,1,0,0,1,-0.592502960068746,1.435401847198983
0,0,1,-1.2774445836787656,1,1,-0.4572612137728389,0,0,1,1,0,0,0,-1.2432423511470356,-0.4079475815993266
1,0,0,1.6137012404433893,1,1,0.6727005497687596,0,0,1,1,0,0,2,1.5833576119726265,0.6948354861074376
1,0,0,-0.1779947632379461,1,1,1.1712130925077,0,1,0,0,0,1,3,0.6480534048898969,-0.9927154967961852
1,0,0,0.758573602322752,1,1,0.5397638717050421,0,1,0,0,0,1,2,0.8612771388980415,0.09406537801720916
0,0,1,-1.2774445836787656,1,1,-0.4904953832887682,0,1,0,0,0,1,0,-1.2931365075530592,-0.47993575878986056
0,0,0,-0.9924020376385532,1,1,0.0412513289661016,0,0,1,0,1,0,3,-0.7247247351973863,-0.703806673622422
0,0,1,0.4328106925625091,1,0,1.3706181096032763,0,1,0,0,0,1,2,1.2175954326279346,-0.5703409047079425
0,0,0,-0.4223169455581282,1,0,0.6394663802528302,1,1,0,0,0,1,3,0.09429307021156312,-0.8248518464718514
0,0,1,-0.5851984004382496,1,0,-1.4875204687666492,0,1,0,1,0,0,0,-1.5019331918338767,0.691284948114661
1,1,0,0.880734693482843,1,0,0.0080171594501722,0,0,1,1,0,0,2,0.6445472119968929,0.5397200613368945
1,0,0,-0.7888002190384014,1,0,0.5397638717050421,1,1,0,1,0,0,3,-0.21961144913024233,-0.9819540453048511
0,0,0,1.4915401492832985,1,1,0.6727005497687596,0,0,1,0,0,1,2,1.4829837226983147,0.5790634331087118
1,0,1,1.369379058123207,0,0,-0.2578561966772627,0,1,0,0,0,1,1,0.6736640882542201,1.2914238310249169
0,0,0,0.8400143297628127,1,0,-1.5207546382825785,0,1,0,0,1,0,1,-0.556508472856311,1.5560416767949323
1,0,0,-1.1960038562387048,1,0,-1.5207546382825785,0,1,0,0,0,1,0,-1.9761837847067227,0.1324655938250372
0,0,0,-0.5037576729981889,1,1,-1.4875204687666492,0,0,1,1,0,0,0,-1.431490938080007,0.6799168999377688
1,0,0,-1.2774445836787656,1,0,-1.5207546382825785,1,1,0,1,0,0,0,-2.018446749377017,0.08911277906622253
1,0,0,0.2292088739623573,1,0,-0.0916853490976158,1,1,0,1,0,0,3,0.05092515333400076,0.16169520263475873
0,0,0,-0.7888002190384014,1,0,-1.4875204687666492,0,1,0,0,0,1,0,-1.6655070592707466,0.37707486220558933
1,1,0,1.002895784642934,1,0,0.8388713973484064,0,1,0,0,0,1,2,1.2907660732309003,-0.0392107761858889
1,0,0,1.4100994218432374,1,1,-1.4875204687666492,0,0,1,0,0,1,1,-0.100333750343132,2.0197620449784304
0,1,0,-0.8702409464784621,1,0,-0.291090366193192,0,1,0,1,0,0,3,-0.8096149229125412,-0.5761472161736939
0,0,0,-0.748079855318371,1,0,-0.4904953832887682,0,1,0,1,0,0,0,-0.917788742461643,-0.26433526211956304
1,0,1,-0.4630373092781585,1,0,0.5065297021891128,0,0,1,1,0,0,3,0.002791937905506442,-0.4919270146336799
1,0,0,1.0843365120829946,1,0,-1.3213496211870024,0,1,0,0,0,1,1,-0.2306210721769081,1.5881080675079338
1,0,0,0.4328106925625091,1,1,1.2044472620236295,1,1,0,1,0,0,2,1.116416888056284,-0.575465802290692
1,0,1,-1.0331224013585834,0,1,-0.8560712479639913,0,0,1,0,1,0,0,-1.434893257416951,0.13293060853450187
0,0,1,0.9621754209229036,1,1,0.5397638717050421,0,0,1,1,0,0,2,1.0368735101909292,0.47257281011593366
1,0,0,-0.7888002190384014,1,0,0.2738905155776072,0,1,0,1,0,0,3,-0.40734797680897555,-0.7997247468366748
0,0,1,-1.1960038562387048,0,0,-1.1551787736073555,0,1,0,0,1,0,0,-1.7784484485806717,0.11696071469374181
1,0,1,-0.9924020376385532,1,0,0.3735930241253952,0,0,1,1,0,0,3,-0.4636099708985022,-0.7704567907199912
0,0,1,-1.1145631287986442,0,0,-1.0222420955436382,0,1,0,0,1,0,0,-1.6272673162852067,0.08271443858586897
1,0,1,-0.5444780367182193,1,0,-1.3545837907029317,0,1,0,0,0,1,0,-1.3951037147479064,0.6320428620182822
0,0,1,-1.318164947398796,0,0,-0.3907928747409802,0,1,0,0,0,1,0,-1.3108835174407645,-0.5110717678481028
0,0,1,1.5729808767233588,1,1,-1.4875204687666492,0,1,0,0,1,0,1,-0.00498980713255022,2.2126378596398513
1,0,0,-0.9516816739185228,0,1,-0.6566662308684151,1,1,0,0,0,1,0,-1.2396052556253,-0.20546855780471796
0,0,0,-1.2774445836787656,1,1,0.3071246850935365,1,0,1,1,0,0,3,-0.708741626581496,-1.0903804094214657
0,0,1,-0.3408762181180675,1,0,-1.3213496211870024,0,0,1,1,0,0,0,-1.2012820700059954,0.829248037082352
1,0,0,-1.1960038562387048,1,0,-1.4875204687666492,0,1,0,0,1,0,0,-1.966508435494579,0.12850762127303017
0,0,0,0.2699292376823877,1,0,1.270915601055488,1,1,0,1,0,0,2,1.0423766091111983,-0.7607497003935391
0,0,1,1.4915401492832985,1,1,0.9385739058961944,0,0,1,0,1,0,2,1.6621703261401684,0.5741784191231835
0,0,0,0.0256070553622056,1,0,-0.1249195186135452,0,1,0,1,0,0,3,-0.11517876657044682,0.025348997185740064
1,0,0,-0.3408762181180675,1,0,-0.4572612137728389,0,1,0,1,0,0,0,-0.6084026514169486,0.014181876144993916
0,0,1,0.2699292376823877,1,1,-1.4875204687666492,0,1,0,0,1,0,1,-0.9219957024301302,1.302743889620406
1,0,0,0.188488510242327,1,0,-1.4875204687666492,0,0,1,1,0,0,1,-0.9519708645470206,1.1712161141612314
0,0,1,1.5729808767233588,1,1,0.8721055668643357,0,1,0,0,0,1,2,1.6749635927639044,0.5765321459782723
1,1,0,-0.1372743995179157,1,0,0.8388713973484064,0,1,0,0,1,0,3,0.4745941980978199,-0.8165473101963883
0,0,0,1.4508197855632678,1,0,0.9053397363802652,0,1,0,1,0,0,2,1.6152754761663723,0.31440699533032523
0,0,1,0.7992939660427822,1,1,1.2044472620236295,0,0,1,0,0,1,2,1.3765391886897598,-0.11025274067433824
0,0,0,-1.1960038562387048,1,0,-0.1581536881294745,0,1,0,0,0,1,3,-1.0133887631575744,-0.8184134957663682
1,0,0,-1.2774445836787656,1,0,0.5729980412209714,1,0,1,1,0,0,3,-0.5286444072466162,-1.2646916652390097
1,0,1,1.6137012404433893,1,0,1.6697256352466403,0,1,0,1,0,0,2,2.2742402054701047,0.07971203815488472
1,0,0,-0.2594354906780068,1,0,0.6394663802528302,1,1,0,0,1,0,3,0.1944817731804218,-0.6753404755209034
0,0,0,-1.1960038562387048,1,1,0.5065297021891128,0,0,1,1,0,0,3,-0.5106263623663473,-1.1701840101463825
1,0,0,-1.1960038562387048,1,0,-1.4875204687666492,0,1,0,1,0,0,0,-1.9376668149610765,0.12320248988391597
1,0,0,1.0843365120829946,1,1,1.536788957182923,0,1,0,0,0,1,2,1.7945405915176857,-0.36182099873359025
0,1,1,0.0256070553622056,1,0,1.3373839400873468,0,1,0,0,0,1,3,0.960904750861799,-0.9217415285441727
0,1,0,-0.2594354906780068,1,0,0.7059347192846889,0,1,0,1,0,0,3,0.3242435693034486,-0.8329942869827398
1,0,0,-0.0965540357978854,1,0,1.1712130925077,0,1,0,0,0,1,3,0.6983722821977835,-0.9448830159613401
1,0,0,-0.4223169455581282,1,0,0.4732955326731833,0,1,0,1,0,0,3,-0.008637672997481319,-0.6804890416198381
1,0,0,-1.0331224013585834,1,0,-1.3213496211870024,0,0,1,1,0,0,0,-1.694328561589294,0.20429720572539173
0,1,1,1.369379058123207,1,0,1.536788957182923,0,1,0,1,0,0,2,2.0624193799322827,-0.10656978744535134
1,0,1,1.5729808767233588,1,0,1.3706181096032763,0,1,0,0,0,1,2,2.0193302738176757,0.2427702540010743
0,0,0,-0.9924020376385532,1,1,0.3403588546094659,0,1,0,1,0,0,3,-0.496056707685686,-0.9953710469198896
1,0,0,-0.7073594915983407,1,1,1.270915601055488,0,0,1,0,0,1,3,0.35729814446515706,-1.3494446279104955
1,0,1,1.5322605130033284,1,0,1.3706181096032763,0,1,0,1,0,0,2,2.0057237433754316,0.2278516258053673
0,0,1,0.9214550572028734,1,1,0.6727005497687596,0,0,1,1,0,0,2,1.1020853398022468,0.353023974318738
1,0,0,1.247217966963116,1,0,1.2376814315395588,0,1,0,1,0,0,2,1.706018647428901,-0.03859662562843084
1,0,0,-0.9109613101984924,1,1,-1.4875204687666492,0,1,0,0,0,1,0,-1.7451276880023234,0.31776212974963886
0,1,0,-1.1960038562387048,1,0,0.3071246850935365,0,1,0,1,0,0,3,-0.6164592094597866,-1.2136366302319515
1,0,0,0.880734693482843,1,1,-1.4875204687666492,0,1,0,0,1,0,1,-0.49803629871584865,1.5876870282828905
1,0,1,1.6137012404433893,0,1,0.0744854984820309,0,0,1,0,0,1,2,1.098644531029522,1.324529500741368
0,1,0,-0.1779947632379461,1,0,-1.288115451671073,0,1,0,0,0,1,0,-1.0415174236167561,0.5770782662873962
1,1,1,1.3286586944031769,1,1,0.7059347192846889,0,0,1,1,0,0,2,1.464812157321141,0.5417036920696192
1,0,1,1.5322605130033284,1,1,-1.4875204687666492,0,1,0,1,0,0,1,-0.0054499380227377575,2.1958524766296312
0,0,0,0.9214550572028734,1,0,-0.4572612137728389,0,0,1,1,0,0,1,0.2919693135086001,0.9599390057909841
0,0,0,1.4508197855632678,1,0,-1.4875204687666492,0,0,1,1,0,0,1,-0.06297608628184898,2.0357219626755665
1,0,1,0.5142514200025698,1,1,-1.5207546382825785,0,0,1,0,0,1,1,-0.7490005768092415,1.5755121976247168
0,0,0,-0.9516816739185228,1,0,0.3403588546094659,0,0,1,0,1,0,3,-0.49185869847897434,-0.8894163401273825
0,0,0,1.6137012404433893,1,1,1.7029598047625698,0,0,1,0,1,0,2,2.2826403533898563,-0.0229518490096332
1,0,1,1.2879383306831464,1,1,1.1379789229917707,0,0,1,1,0,0,2,1.6878868540968328,0.30698431600940096
0,0,1,1.6137012404433893,1,1,0.6394663802528302,0,0,1,0,1,0,2,1.5369360351857417,0.8644889395892044
1,1,1,0.5956921474426305,1,0,0.6727005497687596,0,0,1,1,0,0,2,0.9185352841081985,0.04363110395083332
0,0,0,-1.0738427650786138,1,0,-0.5237295528046976,1,1,0,0,0,1,0,-1.1855571860316845,-0.48254565068330296
0,0,0,0.6364125111626608,1,0,-1.3545837907029317,0,0,1,0,0,1,1,-0.5572864107892748,1.3624080238119243
1,0,1,1.247217966963116,1,0,0.3071246850935365,0,1,0,1,0,0,2,1.054182593064153,0.7577295137363187
1,0,0,-0.9924020376385532,1,0,0.3403588546094659,1,1,0,1,0,0,3,-0.5036960160295392,-0.9874530042692574
0,0,1,1.3286586944031769,1,0,1.3041497705714176,0,0,1,1,0,0,2,1.8275299441715191,0.19553536379652606
0,0,1,0.4328106925625091,1,0,-1.4875204687666492,0,1,0,0,0,1,1,-0.8005722399184472,1.3886240538249517
0,0,1,0.2292088739623573,1,1,-0.3575587052250508,0,0,1,1,0,0,1,-0.11255308682968387,0.5757813343100904
0,0,0,-1.2774445836787656,1,1,-0.6566662308684151,1,1,0,0,0,1,0,-1.4157136298630857,-0.5245660419733831
1,0,1,-1.2367242199587352,1,0,-1.4875204687666492,0,0,1,1,0,0,0,-1.9497042700179306,0.3345431791785962
1,0,0,-1.1552834925186746,1,1,0.5065297021891128,1,1,0,0,0,1,3,-0.509042335780121,-1.2195627281403285
1,1,0,1.4915401492832985,1,0,1.5035547876669937,0,1,0,0,0,1,2,2.1039846031643252,-0.15357378359903728
1,0,0,-1.1960038562387048,1,1,0.3071246850935365,0,0,1,1,0,0,3,-0.6520740753210381,-1.016558101353248
0,0,1,1.5322605130033284,1,1,1.5035547876669937,0,0,1,1,0,0,2,2.1186085022190286,0.21007021505230203
1,0,1,-1.1552834925186746,1,1,-0.5237295528046976,1,0,1,1,0,0,0,-1.204852497578212,-0.2601337623509572
0,0,0,0.5549717837226001,1,0,1.270915601055488,0,0,1,1,0,0,2,1.254348835367921,-0.4804591133201302
1,0,1,1.3286586944031769,1,1,0.174188007029819,0,0,1,1,0,0,2,1.0359983754894746,0.9959997095196474
0,0,0,-0.5444780367182193,1,1,1.071510583959912,0,0,1,1,0,0,3,0.3468167065997505,-1.1024742843815347
1,0,0,-0.4630373092781585,1,0,-0.0916853490976158,0,1,0,1,0,0,3,-0.4362342285428386,-0.32168596893807133
1,0,0,0.6364125111626608,1,0,0.4732955326731833,0,1,0,1,0,0,2,0.7364296169318024,0.058799809020960936
0,1,0,-0.62591876415828,1,0,0.805637227832477,1,1,0,0,0,1,3,0.12168695534472442,-1.1707535113436756
1,1,0,1.2879383306831464,1,0,-1.4875204687666492,0,1,0,0,0,1,1,-0.15133350436166937,1.7543348913524066
0,0,0,1.369379058123207,1,0,0.9053397363802652,0,1,0,0,0,1,2,1.5429127039244688,0.2440230638367091
1,0,1,1.5322605130033284,1,1,0.4400613631572539,0,0,1,1,0,0,2,1.3670170743084544,0.9559413438670094
1,0,1,-0.1372743995179157,1,0,0.5065297021891128,0,1,0,0,0,1,3,0.20561632128371954,-0.35922036162787446
1,0,0,-1.2774445836787656,1,1,-0.0584511795816865,0,0,1,1,0,0,3,-0.967524669335395,-0.8228611890857213
0,0,0,0.5956921474426305,1,0,-1.4875204687666492,0,1,0,0,0,1,1,-0.6911882955170678,1.3438372053512497
0,0,0,1.5729808767233588,1,1,-1.45428629925072,0,0,1,0,1,0,1,0.02461265297685032,2.112586883736851
1,0,1,0.3920903288424788,1,0,-1.45428629925072,0,0,1,1,0,0,1,-0.7799798349361139,1.4491319793943807
0,1,0,1.2064976032430856,1,0,0.5065297021891128,0,0,1,1,0,0,2,1.226449992414553,0.4085596842719231
0,0,0,0.9621754209229036,0,1,-0.6566662308684151,0,0,1,1,0,0,1,0.13431956073484347,1.2087511152183954
0,0,0,1.5322605130033284,1,1,1.7029598047625698,1,0,1,1,0,0,2,2.25416910546726,-0.08512535352496281
1,0,1,0.4328106925625091,1,0,-1.3545837907029317,0,1,0,1,0,0,1,-0.6922993894889166,1.3279788979002667
1,1,0,0.4735310562825394,1,0,0.7724030583165477,1,1,0,1,0,0,2,0.8863482001323797,-0.34978231852184366
1,0,1,-0.2187151269579764,0,0,-0.6234320613524857,0,1,0,0,1,0,0,-0.7158662889456615,0.45187653021397556
1,0,0,-0.055833672077855,1,1,1.270915601055488,1,0,1,1,0,0,3,0.830850995899752,-0.8809820845333726
1,0,0,-0.7888002190384014,1,0,-1.4875204687666492,0,0,1,1,0,0,0,-1.6397252860202058,0.4887956366466477
0,0,1,-0.2594354906780068,1,0,0.8721055668643357,1,1,0,1,0,0,3,0.39347996513927513,-0.6985265832855415
0,0,0,1.0843365120829946,1,1,-1.553988807798508,0,0,1,1,0,0,1,-0.36082413510576444,1.8344075005160114
1,0,0,0.758573602322752,1,0,1.0050422449280532,1,1,0,1,0,0,2,1.1978719749734168,-0.22035622822606843
0,0,0,0.6364125111626608,1,1,1.4038522791192056,1,0,1,1,0,0,2,1.4125239588115985,-0.505669497136633
0,0,1,1.5322605130033284,1,1,0.5397638717050421,0,1,0,0,0,1,2,1.4116364989374388,0.7758845825003847
0,0,0,-0.6666391278783103,1,1,-1.4875204687666492,0,0,1,0,0,1,0,-1.5611665787780094,0.5526645953179375
1,1,0,1.4100994218432374,1,0,1.270915601055488,0,1,0,1,0,0,2,1.8974521767751402,-0.03747596219819783
1,0,0,-0.1779947632379461,0,1,-1.1551787736073555,0,0,1,1,0,0,0,-1.0207119042438046,0.7712277610212138
1,0,0,-1.1552834925186746,1,0,0.0412513289661016,0,1,0,1,0,0,3,-0.8295253465803115,-0.8961817897449896
1,0,0,1.6137012404433893,1,0,-1.5207546382825785,0,1,0,0,1,0,1,-0.012681539719013715,2.11324515643598
1,0,0,-0.3001558543980371,0,1,-0.8893054174799206,0,1,0,0,0,1,0,-0.9453717696954016,0.4089290633646588
1,0,0,0.6364125111626608,1,0,1.071510583959912,0,0,1,1,0,0,2,1.170213990869329,-0.26996483140078037
1,0,0,1.6137012404433893,1,1,1.3706181096032763,0,0,1,1,0,0,2,2.0761659971293014,0.21648357762847517
0,0,0,-1.2367242199587352,1,1,0.7059347192846889,1,0,1,0,0,1,3,-0.41353030462115165,-1.348805728928023
1,0,0,0.9621754209229036,1,1,0.7059347192846889,0,0,1,1,0,0,2,1.1483217302836783,0.21710983878919335
1,0,0,-0.9516816739185228,1,1,-0.6566662308684151,1,0,1,1,0,0,0,-1.16068038278815,-0.1853717750274635
0,0,0,0.188488510242327,1,1,0.5065297021891128,0,1,0,0,1,0,3,0.42347359419345154,-0.27936781674326355
0,0,0,0.758573602322752,0,0,-0.291090366193192,0,1,0,1,0,0,1,0.23080393734426535,0.7257277235860895
1,0,1,1.5322605130033284,1,0,-1.3213496211870024,0,1,0,0,0,1,1,0.08984149684245347,2.0594077144282505
0,0,0,0.2292088739623573,1,1,1.3041497705714176,0,0,1,1,0,0,2,1.0555584186515798,-0.7216753758421436
1,0,0,-0.3815965818380978,1,0,0.8721055668643357,1,1,0,0,0,1,3,0.286573648962863,-0.9389143611263954
1,0,1,0.4735310562825394,1,0,-1.4875204687666492,0,0,1,1,0,0,1,-0.7461340324398568,1.5287790148291178
1,0,1,-1.1145631287986442,1,0,-1.4875204687666492,0,1,0,0,1,0,0,-1.903953774527662,0.3438995891253782
0,1,0,1.4100994218432374,1,1,1.3373839400873468,0,0,1,1,0,0,2,1.9634028036990538,-0.009700048334219169
0,0,1,1.6137012404433893,1,1,-1.45428629925072,0,0,1,1,0,0,1,0.08735250024922063,2.2942395336369774
0,0,0,-1.0331224013585834,1,0,0.971808075412124,0,0,1,0,1,0,3,-0.10329731369808162,-1.3790792971155164
1,0,1,0.880734693482843,1,1,0.5065297021891128,0,1,0,0,0,1,2,0.9290211681331663,0.36067019474118683
0,0,0,0.3513699651224484,1,0,0.5397638717050421,0,1,0,1,0,0,2,0.5834140264507811,-0.20275075647983917
1,0,0,-1.2774445836787656,1,0,0.174188007029819,1,0,1,0,1,0,3,-0.8390908192982186,-0.9860425861476313
1,0,1,1.0843365120829946,1,0,1.1712130925077,0,0,1,1,0,0,2,1.5610777577682156,0.1329988285939706
0,0,0,0.7178532386027215,1,0,1.5035547876669937,1,0,1,1,0,0,2,1.5332440339990103,-0.5261730032273538
0,0,0,-1.1960038562387048,1,0,1.0050422449280532,1,0,1,1,0,0,3,-0.16561436411693492,-1.5208998370655828
0,1,0,1.5729808767233588,1,1,1.1379789229917707,0,1,0,0,0,1,2,1.9107990544060187,0.14594183227028767
1,0,0,1.002895784642934,1,0,-1.45428629925072,0,1,0,1,0,0,1,-0.36675230068656856,1.6358699019832075
1,1,0,-0.7073594915983407,1,1,0.5065297021891128,1,0,1,0,1,0,3,-0.1428953628846986,-0.89655212557165
1,0,1,1.6137012404433893,0,0,-0.3243245357091214,0,0,1,1,0,0,1,0.8250956521490149,1.6023531145196628
0,1,0,0.3920903288424788,1,0,0.3071246850935365,1,1,0,1,0,0,2,0.5011417254341389,-0.104703354270753
0,0,0,1.6137012404433893,1,1,1.1047447534758412,0,0,1,1,0,0,2,1.8890747866462088,0.38175894115464903
0,0,1,-0.5851984004382496,1,1,-1.3213496211870024,0,0,1,1,0,0,0,-1.3662266842260793,0.667678809995076
0,0,1,1.5322605130033284,1,1,0.0080171594501722,0,1,0,0,0,1,2,1.0361634435799723,1.1403431794367374
1,0,1,-0.2594354906780068,1,0,0.6394663802528302,1,0,1,1,0,0,3,0.23994237288511988,-0.4408707310522296
1,1,0,1.2879383306831464,1,0,-1.288115451671073,0,0,1,1,0,0,1,0.015895981843562376,1.7124297570003304
1,1,1,-0.9924020376385532,1,0,0.5065297021891128,1,1,0,0,1,0,3,-0.3566197877788152,-1.0273550102102962
1,0,1,1.4508197855632678,1,0,1.6032572962147815,1,1,0,1,0,0,2,2.112680336638224,0.011532616519498225
1,1,0,-0.4223169455581282,1,0,0.8388713973484064,0,0,1,0,1,0,3,0.2853763451618514,-0.9343353350064867
0,0,1,1.6137012404433893,1,0,0.6727005497687596,0,1,0,1,0,0,2,1.5708735438704966,0.7461179724685427
0,0,1,-0.3815965818380978,1,1,-1.4875204687666492,0,0,1,1,0,0,0,-1.3402798428850404,0.9237430543532245
1,0,0,-0.3408762181180675,0,0,-1.188412943123285,0,1,0,0,0,1,0,-1.192225788710238,0.5764669452868793
1,0,0,-0.6666391278783103,1,0,0.971808075412124,1,1,0,1,0,0,3,0.17142971103184723,-1.1927740956263144
0,0,0,1.247217966963116,1,0,1.437086448635135,0,1,0,1,0,0,2,1.8474663603835917,-0.1922225344215653
0,0,1,1.6137012404433893,1,0,1.4038522791192056,0,0,1,0,1,0,2,2.0696845611138874,0.33154381420182766
1,0,0,-1.0738427650786138,1,0,0.6727005497687596,1,1,0,1,0,0,3,-0.32633822488722136,-1.2721080004806926
0,0,0,1.2064976032430856,1,0,0.971808075412124,0,0,1,0,1,0,2,1.472806568844634,0.18480096385540462
0,0,0,-0.9516816739185228,1,1,-1.5207546382825785,0,1,0,0,1,0,0,-1.810397587742271,0.3139733603095657
0,0,0,1.5729808767233588,1,1,-1.3213496211870024,0,1,0,0,1,0,1,0.10710373015583989,1.9402209533711081
1,0,0,-0.5851984004382496,1,1,-0.291090366193192,0,1,0,0,1,0,0,-0.684853556371327,-0.2559755310957779
1,1,0,-0.9516816739185228,1,0,0.3071246850935365,0,1,0,1,0,0,3,-0.44516592128713145,-1.0260775759113032
0,1,0,0.6364125111626608,1,0,1.7361939742784993,1,1,0,1,0,0,2,1.682164167075626,-0.9135807141585542
0,0,0,-0.2187151269579764,1,0,1.2376814315395588,0,0,1,1,0,0,3,0.6864095190751416,-0.9979299957106537
0,0,0,1.5322605130033284,1,0,1.3041497705714176,0,1,0,1,0,0,2,1.9541931361405709,0.09793142075427616
0,0,0,-0.62591876415828,1,0,-1.4875204687666492,0,1,0,1,0,0,0,-1.5358314185727444,0.5043271668254206
1,0,0,0.3513699651224484,1,1,-0.291090366193192,0,0,1,0,0,1,1,-0.0005866657181164414,0.46044135123083835
0,1,0,-1.0331224013585834,1,0,-0.556963722320627,0,1,0,0,0,1,0,-1.1270270912892768,-0.521170222325349
1,0,0,-0.2594354906780068,1,1,0.5065297021891128,1,0,1,1,0,0,3,0.14782630768314725,-0.49924378425290433
1,0,0,-0.9109613101984924,1,1,-0.4240270442569095,0,0,1,0,1,0,0,-0.9965961073747114,-0.3110830932348958
1,0,0,1.002895784642934,0,1,-0.3907928747409802,0,0,1,1,0,0,1,0.3500672054459851,1.0719099382553292
1,0,0,0.1070477828022663,1,1,-0.1249195186135452,0,0,1,0,0,1,3,-0.05518994128720446,0.17594292030958233
0,0,0,-0.1779947632379461,1,0,0.5397638717050421,0,1,0,0,0,1,3,0.19583047770033446,-0.5859107401676394
1,1,0,1.6137012404433893,1,1,1.5035547876669937,0,0,1,0,0,1,2,2.208325083657063,0.022015949513310824
1,1,0,-0.2187151269579764,1,0,0.6727005497687596,0,0,1,0,1,0,3,0.31132318650289004,-0.6782710906483382
1,0,1,1.4100994218432374,1,1,-1.45428629925072,0,0,1,1,0,0,1,-0.056574988086667236,2.1690225357634416
1,0,0,-0.8702409464784621,1,0,-1.4875204687666492,0,1,0,0,0,1,0,-1.7234652449224863,0.3371604240213765
1,0,0,1.4915401492832985,1,1,1.3373839400873468,1,0,1,1,0,0,2,1.9667296284853117,0.15395968024767465
0,0,1,0.7992939660427822,1,0,1.1047447534758412,0,0,1,1,0,0,2,1.3141939034478274,-0.03743708767274135
1,0,0,0.7992939660427822,1,1,0.5397638717050421,0,1,0,0,1,0,2,0.876141856378393,0.14132025433683174
0,0,0,-0.8295205827584317,1,0,-1.4875204687666492,0,1,0,0,1,0,0,-1.7079552102464937,0.36746136539899665
0,0,1,-1.2774445836787656,1,0,-0.6899004003843444,1,0,1,1,0,0,0,-1.4145058040141396,-0.25753283773104246
1,0,1,-0.7073594915983407,1,1,-1.5207546382825785,0,1,0,1,0,0,0,-1.605020886525295,0.6547508779672324
0,0,0,-0.9516816739185228,1,0,0.971808075412124,1,1,0,0,1,0,3,-0.05736163190236011,-1.4034622051209562
0,0,0,-0.5851984004382496,1,0,0.805637227832477,0,1,0,1,0,0,3,0.11205256688437863,-1.0389663458994913
0,0,0,1.369379058123207,1,1,-1.3213496211870024,0,0,1,1,0,0,1,0.004040366209472623,1.873996170298111
1,0,1,0.5549717837226001,1,0,-0.2578561966772627,0,0,1,0,1,0,1,0.1506186559968803,0.7481420139291322
0,0,0,-1.2367242199587352,1,0,0.3071246850935365,1,1,0,1,0,0,3,-0.698456370162036,-1.1522333962813833
1,0,0,-0.62591876415828,1,0,0.7391688888006183,0,0,1,1,0,0,3,0.04719387020138206,-0.9236379917718974
1,0,1,0.5956921474426305,0,1,-0.8228370784480619,0,0,1,0,0,1,1,-0.25137710558743664,1.228698718993771
1,1,0,1.247217966963116,1,1,1.437086448635135,0,0,1,0,0,1,2,1.9034830436849353,-0.18833440493761414
0,0,1,1.5322605130033284,1,0,0.0412513289661016,0,1,0,1,0,0,2,1.0676864221774065,1.122044183204246
0,0,1,1.0436161483629645,1,0,-1.3545837907029317,0,0,1,0,1,0,1,-0.2792719927456604,1.8240941739256487
0,0,0,1.125056875803025,1,0,0.0080171594501722,0,1,0,0,0,1,2,0.7373633176404482,0.688441826788158
0,0,0,1.4508197855632678,1,0,0.7724030583165477,0,1,0,0,1,0,2,1.4925655917935032,0.4108267759535276
0,0,0,0.6364125111626608,1,0,-0.1249195186135452,0,1,0,0,0,1,1,0.29961784306448896,0.4383462372649542
0,0,1,0.1070477828022663,1,0,1.4038522791192056,0,1,0,1,0,0,2,1.0268609285491859,-0.8070775011539251
1,0,0,1.5729808767233588,1,0,0.5065297021891128,0,1,0,1,0,0,2,1.4189946701367797,0.6900074376639149
0,0,0,0.9214550572028734,1,1,-0.2578561966772627,0,0,1,0,0,1,1,0.42471579663005754,0.8187873658638213
1,0,0,0.3920903288424788,1,0,1.1712130925077,0,1,0,1,0,0,2,1.0572993967201807,-0.5901572188366475
1,0,1,0.9621754209229036,1,1,1.071510583959912,0,0,1,0,1,0,2,1.382859627819252,0.13037327951069802
1,0,0,0.3106496014024181,0,0,-0.0916853490976158,0,0,1,0,1,0,1,0.03827580552600558,0.379790045003545
1,1,0,1.6137012404433893,1,0,0.6727005497687596,0,1,0,0,1,0,2,1.5894855401047348,0.5200160235598511
0,0,1,-0.0151133083578247,1,0,0.8721055668643357,1,1,0,1,0,0,3,0.5654185705075715,-0.5279214639068955
0,0,0,0.1070477828022663,1,0,0.6727005497687596,1,1,0,0,0,1,3,0.4902937811360466,-0.4779860834599739
0,0,0,1.0436161483629645,1,1,1.2376814315395588,1,0,1,1,0,0,2,1.5817529712928844,-0.10743431996294614
0,0,0,0.5142514200025698,1,1,0.3071246850935365,0,0,1,1,0,0,2,0.5521414794526764,0.1607237993552709
0,0,0,-0.5037576729981889,1,0,0.5729980412209714,1,1,0,1,0,0,3,0.005095973621585856,-0.822647336613622
1,0,0,-1.1960038562387048,1,0,0.174188007029819,0,1,0,1,0,0,3,-0.7643135169689942,-1.0157306255421852
0,0,1,1.4508197855632678,1,1,0.805637227832477,0,1,0,0,0,1,2,1.5420601581600732,0.5367869109059934
0,0,0,-0.9516816739185228,1,0,0.3403588546094659,1,0,1,1,0,0,3,-0.46301707794547176,-0.8947214715164967
0,1,0,0.1477681465222966,1,0,0.3403588546094659,0,1,0,0,0,1,3,0.3376202822398795,-0.3116026943253218
0,0,0,0.188488510242327,0,0,-0.8228370784480619,0,0,1,0,1,0,1,-0.5633236310790178,0.7786641211597041
1,1,0,-1.2774445836787656,1,1,0.2074221765457484,1,0,1,1,0,0,3,-0.7264474151824619,-1.0949279080675731
1,0,1,1.6137012404433893,1,1,1.3041497705714176,0,0,1,1,0,0,2,2.0344736577204365,0.420564496971652
0,0,0,-1.2774445836787656,1,0,0.5065297021891128,1,0,1,1,0,0,3,-0.5749332219706584,-1.236088275563968
0,0,1,0.9214550572028734,1,1,-0.291090366193192,0,0,1,1,0,0,1,0.42154042696683913,1.0136051812658768
1,0,0,-0.1779947632379461,1,0,-0.3575587052250508,0,1,0,0,1,0,0,-0.4522173371587288,0.06488776686097267
0,0,0,0.7992939660427822,0,1,-0.1913878576454039,0,0,1,1,0,0,1,0.348232747260429,0.7761130966466562
1,1,0,-1.2774445836787656,1,0,-0.6899004003843444,0,1,0,0,1,0,0,-1.4072709944402784,-0.5648860677713896
1,0,0,0.3920903288424788,1,1,0.5065297021891128,0,0,1,1,0,0,2,0.6063292553319374,-0.04429679924318176
0,0,1,0.6771328748826912,1,1,1.0050422449280532,0,0,1,1,0,0,2,1.1648173940323667,-0.04536776814512814
0,0,0,-0.2594354906780068,1,0,1.0382764144439829,0,1,0,1,0,0,3,0.5055735024276654,-0.9709434895542844
0,0,1,0.1070477828022663,1,1,-1.4875204687666492,0,0,1,1,0,0,1,-0.9964026321484479,1.2649532931105165
1,1,0,-1.2774445836787656,1,1,-0.6566662308684151,0,0,1,1,0,0,0,-1.336591130138345,-0.5026826880460006
0,1,0,0.7992939660427822,1,1,1.437086448635135,0,0,1,0,1,0,2,1.5751158676243353,-0.4992437023172857
0,0,0,1.6137012404433893,1,0,1.536788957182923,0,0,1,0,1,0,2,2.1583110324424357,0.08190557024160691
1,0,0,0.5142514200025698,1,1,0.6727005497687596,0,0,1,0,1,0,2,0.780792267281791,-0.06758241970735479
1,0,0,0.3513699651224484,1,1,1.3373839400873468,1,1,0,0,0,1,2,1.137922379653747,-0.736964383018396
1,0,0,0.880734693482843,1,0,0.7391688888006183,0,1,0,0,0,1,2,1.0810548461930272,0.033660071564029954
1,1,1,-0.4223169455581282,0,0,-0.8228370784480619,1,1,0,1,0,0,0,-0.9177685088372556,0.3512350193467794
0,0,0,1.6137012404433893,1,1,0.9053397363802652,0,1,0,0,0,1,2,1.7218453004409773,0.4236640755067251
0,0,1,-0.748079855318371,1,0,0.5065297021891128,0,1,0,1,0,0,3,-0.2085349711555754,-0.7891715366490911
1,0,0,1.247217966963116,1,0,-1.5207546382825785,0,1,0,1,0,0,1,-0.24174782723795551,1.8520323459788972
1,0,0,-1.0331224013585834,1,0,-1.5207546382825785,0,1,0,1,0,0,0,-1.8465081440087205,0.25971789844486864
1,0,0,1.6137012404433893,1,0,1.4703206181510644,0,1,0,0,0,1,2,2.1131461134144316,0.044344858912483166
1,0,1,-1.0331224013585834,1,0,-0.5237295528046976,1,0,1,1,0,0,0,-1.125877186042276,-0.18386709495300413
1,0,0,-0.6666391278783103,1,0,0.3403588546094659,0,1,0,0,1,0,3,-0.3032861627386467,-0.7546743803752817
0,0,1,-0.748079855318371,1,1,-0.1581536881294745,0,0,1,1,0,0,3,-0.6595051125438188,-0.24331111705562536
0,0,0,-1.2774445836787656,1,1,0.2074221765457484,1,0,1,0,1,0,3,-0.8079844449945236,-1.0167392911067856
0,0,0,1.125056875803025,0,1,-0.6899004003843444,0,1,0,1,0,0,1,0.2141010450268222,1.2640152426476927
0,1,1,-1.2774445836787656,1,1,0.2074221765457484,1,1,0,0,1,0,3,-0.7607791126698825,-1.0293043980259837
1,1,0,0.5142514200025698,1,0,0.3403588546094659,0,0,1,1,0,0,2,0.6213099635428649,0.05602575918370553
0,0,0,1.6137012404433893,1,1,1.4703206181510644,1,0,1,0,1,0,2,2.1183708916709647,0.13649878715002087
1,0,1,-1.0738427650786138,1,1,-1.5207546382825785,0,0,1,1,0,0,0,-1.8515516079173622,0.4800944800309189
1,0,0,-1.2774445836787656,1,1,-0.3243245357091214,0,1,0,0,1,0,0,-1.1954800042080078,-0.7165780403600861
0,0,0,-0.5444780367182193,1,1,-0.291090366193192,0,1,0,0,0,1,0,-0.6417600881999389,-0.26331596923118766
0,0,1,-0.3408762181180675,1,0,-0.0252170100657571,0,1,0,0,1,0,3,-0.32628530476605055,-0.1350659426925479
1,0,0,1.2879383306831464,1,0,0.3735930241253952,0,0,1,1,0,0,2,1.1359085533614446,0.6633340620879048
1,0,0,-0.62591876415828,1,0,0.8721055668643357,0,0,1,1,0,0,3,0.14106213404074863,-1.0147526410059853
0,0,0,-0.9924020376385532,1,0,-0.6899004003843444,0,1,0,1,0,0,0,-1.2305297435889893,-0.29826840764707685
0,1,0,-0.3408762181180675,1,0,-1.4875204687666492,0,1,0,0,1,0,0,-1.3107372730357012,0.6188341836426127
0,0,0,0.3106496014024181,1,1,-0.2578561966772627,0,0,1,0,0,1,1,-0.005130716790683193,0.3922745674172063
1,0,1,0.1477681465222966,1,0,-1.3213496211870024,0,1,0,1,0,0,1,-0.8694273631254206,1.106160929649991
1,0,0,1.5729808767233588,1,1,1.437086448635135,1,0,1,1,0,0,2,2.094443694820935,0.14249206644832355
1,0,0,-1.1960038562387048,1,1,0.4068271936413246,0,0,1,1,0,0,3,-0.5816728774415133,-1.084894088278814
0,0,0,0.2292088739623573,1,0,-1.4875204687666492,0,1,0,0,0,1,1,-0.9490962035695123,1.0879295262832807
1,0,1,-1.318164947398796,1,1,-1.288115451671073,0,0,1,1,0,0,0,-1.8592207515667674,0.15003872449261876
0,0,1,-1.2774445836787656,1,1,0.3403588546094659,1,0,1,1,0,0,3,-0.680032768110836,-0.9546354770038551
1,0,0,-0.3001558543980371,1,1,0.2074221765457484,1,0,1,1,0,0,3,-0.09203372018347694,-0.3226700100393136
1,0,1,1.4915401492832985,1,0,-1.4875204687666492,0,1,0,1,0,0,1,-0.04110036339899928,2.1583823977751546
0,1,0,0.1477681465222966,1,1,0.9053397363802652,0,1,0,0,0,1,3,0.7435543947053997,-0.6898040612788262
1,0,0,1.247217966963116,1,1,1.1712130925077,0,0,1,1,0,0,2,1.677455693317807,0.09724787241163846
1,0,0,-0.8295205827584317,1,1,1.0382764144439829,1,0,1,1,0,0,3,0.12210928384792265,-1.2617809930727637
1,0,1,-0.5444780367182193,1,0,-1.4875204687666492,0,0,1,1,0,0,0,-1.4625448881410914,0.8179243507514263
1,0,1,-0.5851984004382496,1,0,0.7724030583165477,0,1,0,1,0,0,3,0.09318197623971435,-0.8407101539228342
1,0,0,-0.0151133083578247,1,0,0.4732955326731833,0,1,0,0,0,1,3,0.2628767654972077,-0.40966273435616224
1,0,0,0.9621754209229036,1,0,1.3373839400873468,0,0,1,1,0,0,2,1.5872019923724572,-0.22472063736409514
0,0,0,-1.0738427650786138,1,0,-1.4875204687666492,1,1,0,0,0,1,0,-1.8661020988670922,0.17803555626383574
1,0,0,-0.9516816739185228,0,0,-0.4572612137728389,0,1,0,1,0,0,0,-1.0907469472286577,-0.33766086557981945
1,0,1,-0.0151133083578247,0,0,-0.9557737565117794,0,1,0,0,1,0,1,-0.8072547774038311,0.8218340861147341
0,1,0,1.0436161483629645,1,1,1.1712130925077,0,0,1,0,1,0,2,1.5593179453138988,-0.14640928447046359
1,0,0,-0.9924020376385532,1,1,-0.1913878576454039,0,0,1,1,0,0,3,-0.860797893578416,-0.5327072339098796
1,0,0,-0.62591876415828,1,1,0.0080171594501722,0,0,1,1,0,0,3,-0.46208758976692194,-0.4134715286930428
1,1,0,-0.2187151269579764,1,1,0.2074221765457484,0,0,1,1,0,0,3,0.01861987474682182,-0.35563905742677404
0,0,0,-0.7888002190384014,1,0,0.7059347192846889,0,1,0,1,0,0,3,-0.10163080213539319,-1.1128012917894634
1,0,0,0.6771328748826912,0,0,-0.4904953832887682,0,1,0,1,0,0,1,0.032043355933475806,0.8224852592530087
0,0,0,-0.4630373092781585,1,0,-1.45428629925072,0,1,0,0,0,1,0,-1.41278851948651,0.5817696924019286
1,0,0,0.1477681465222966,0,0,-0.9890079260277088,0,1,0,1,0,0,1,-0.6924962784287909,0.7945207685604396
0,1,0,-1.2774445836787656,1,0,0.3735930241253952,1,1,0,1,0,0,3,-0.6268379459962021,-1.3160623279752108
0,0,1,0.3920903288424788,1,1,-1.4875204687666492,0,1,0,0,1,0,1,-0.836026399745982,1.388046449309729
0,0,1,-0.6666391278783103,1,1,0.5065297021891128,0,0,1,1,0,0,3,-0.13285092489088726,-0.6420159900998507
0,0,1,0.6771328748826912,1,0,1.437086448635135,1,0,1,1,0,0,2,1.4628952603620957,-0.35052627044728446
1,1,0,1.2879383306831464,1,1,1.2376814315395588,0,0,1,1,0,0,2,1.8063869859397397,-0.009712686155973635
0,0,0,-1.2367242199587352,1,0,-0.6566662308684151,0,0,1,1,0,0,0,-1.3676240963370667,-0.41040090820258945
1,0,1,1.6137012404433893,1,0,0.805637227832477,0,1,0,0,1,0,2,1.6352548699807197,0.6772623895655714
0,0,0,-1.2774445836787656,0,0,-1.3213496211870024,1,1,0,0,0,1,0,-1.9445467225990993,-0.0033586313725111755
1,0,0,-1.2774445836787656,1,1,1.0050422449280532,1,1,0,0,1,0,3,-0.2567973658143422,-1.627724532700967
0,0,1,-0.3815965818380978,1,1,0.8721055668643357,0,0,1,0,1,0,3,0.2970402197302138,-0.6882368381627249
1,0,1,-0.8295205827584317,1,0,-1.45428629925072,0,1,0,1,0,0,0,-1.6510500484379724,0.5148551013694955
1,1,0,-0.8295205827584317,1,1,1.1379789229917707,1,0,1,1,0,0,3,0.24585120820164724,-1.4199544005120055
1,0,0,-0.2594354906780068,1,0,-1.4875204687666492,0,0,1,0,0,1,0,-1.2822415448413687,0.8449245035996465
